n,payout_policy_id,start_at,retained_usd,harvest_usd,activated,deaths,correlated_death_events,payouts,unwithdrawn_usd
1,cap_maximizer,2020-01-02T01:00:00+02:00,-195.0,0.0,1,1,0,0,0.0
1,cap_maximizer,2020-02-03T01:00:00+02:00,525.0,1500.0,5,4,0,1,-680.4
1,cap_maximizer,2020-03-02T01:00:00+02:00,-160.0,0.0,1,1,0,0,0.0
1,cap_maximizer,2020-04-01T01:00:00+03:00,2060.0,3000.0,5,5,0,2,0.0
1,cap_maximizer,2020-05-01T01:00:00+03:00,1935.0,3000.0,6,5,0,2,-150.1
1,cap_maximizer,2020-06-01T01:00:00+03:00,-230.0,0.0,1,1,0,0,0.0
1,cap_maximizer,2020-07-01T01:00:00+03:00,-195.0,0.0,1,1,0,0,0.0
1,cap_maximizer,2020-08-03T01:00:00+03:00,-160.0,0.0,1,1,0,0,0.0
1,cap_maximizer,2020-09-01T01:00:00+03:00,-230.0,0.0,1,1,0,0,0.0
1,cap_maximizer,2020-10-01T01:00:00+03:00,-195.0,0.0,1,1,0,0,0.0
1,cap_maximizer,2020-11-02T01:00:00+02:00,-160.0,0.0,1,1,0,0,0.0
1,cap_maximizer,2020-12-01T01:00:00+02:00,-195.0,0.0,1,1,0,0,0.0
1,cap_maximizer,2021-01-04T01:00:00+02:00,-160.0,0.0,1,1,0,0,0.0
1,cap_maximizer,2021-02-01T01:00:00+02:00,-160.0,0.0,1,1,0,0,0.0
1,cap_maximizer,2021-03-01T01:00:00+02:00,-195.0,0.0,1,1,0,0,0.0
1,cap_maximizer,2021-04-01T01:00:00+03:00,-160.0,0.0,1,1,0,0,0.0
1,cap_maximizer,2021-05-03T01:00:00+03:00,-230.0,0.0,1,1,0,0,0.0
1,cap_maximizer,2021-06-01T01:00:00+03:00,-195.0,0.0,1,1,0,0,0.0
1,cap_maximizer,2021-07-01T01:00:00+03:00,-160.0,0.0,1,1,0,0,0.0
1,cap_maximizer,2021-08-02T01:00:00+03:00,-195.0,0.0,1,1,0,0,0.0
1,cap_maximizer,2021-09-01T01:00:00+03:00,-160.0,0.0,1,1,0,0,0.0
1,cap_maximizer,2021-10-01T01:00:00+03:00,-160.0,0.0,1,1,0,0,0.0
1,cap_maximizer,2021-11-01T01:00:00+02:00,-160.0,0.0,1,1,0,0,0.0
1,cap_maximizer,2021-12-01T01:00:00+02:00,3880.0,4500.0,3,2,0,3,1050.6
1,cap_maximizer,2022-01-03T01:00:00+02:00,2380.0,3000.0,3,2,0,2,1648.95
1,cap_maximizer,2022-02-01T01:00:00+02:00,3915.0,4500.0,3,2,0,3,1394.25
1,cap_maximizer,2022-03-01T01:00:00+02:00,-195.0,0.0,1,1,0,0,0.0
1,cap_maximizer,2022-04-01T01:00:00+03:00,-160.0,0.0,1,1,0,0,0.0
1,cap_maximizer,2022-05-02T01:00:00+03:00,7075.0,7500.0,2,2,0,5,0.0
1,cap_maximizer,2022-06-01T01:00:00+03:00,7075.0,7500.0,2,2,0,5,0.0
1,cap_maximizer,2022-07-01T01:00:00+03:00,6985.0,7500.0,3,2,0,5,713.45
1,cap_maximizer,2022-08-01T01:00:00+03:00,-160.0,0.0,1,1,0,0,0.0
1,cap_maximizer,2022-09-01T01:00:00+03:00,-195.0,0.0,1,1,0,0,0.0
1,cap_maximizer,2022-10-03T01:00:00+03:00,-160.0,0.0,1,1,0,0,0.0
1,cap_maximizer,2022-11-01T01:00:00+02:00,5365.0,6000.0,2,2,0,4,0.0
1,cap_maximizer,2022-12-01T01:00:00+02:00,5365.0,6000.0,2,2,0,4,0.0
1,cap_maximizer,2023-01-03T01:00:00+02:00,-265.0,0.0,1,1,0,0,0.0
1,cap_maximizer,2023-02-01T01:00:00+02:00,-230.0,0.0,1,1,0,0,0.0
1,cap_maximizer,2023-03-01T01:00:00+02:00,5240.0,6000.0,3,2,0,4,1781.7
1,cap_maximizer,2023-04-03T01:00:00+03:00,-160.0,0.0,1,1,0,0,0.0
1,cap_maximizer,2023-05-01T01:00:00+03:00,-195.0,0.0,1,1,0,0,0.0
1,cap_maximizer,2023-06-01T01:00:00+03:00,-160.0,0.0,1,1,0,0,0.0
1,cap_maximizer,2023-07-03T01:00:00+03:00,-160.0,0.0,1,1,0,0,0.0
1,cap_maximizer,2023-08-01T01:00:00+03:00,8135.0,9000.0,3,3,0,6,0.0
1,cap_maximizer,2023-09-01T01:00:00+03:00,10955.0,12000.0,5,4,0,8,294.55
1,cap_maximizer,2023-10-02T01:00:00+03:00,9740.0,10500.0,3,2,0,7,74.7
1,cap_maximizer,2023-11-01T01:00:00+02:00,9775.0,10500.0,3,2,0,7,2369.05
1,cap_maximizer,2023-12-01T01:00:00+02:00,11310.0,12000.0,3,2,0,8,1437.3
1,cap_maximizer,2024-01-02T01:00:00+02:00,9455.0,10500.0,5,5,0,7,0.0
1,cap_maximizer,2024-02-01T01:00:00+02:00,11080.0,12000.0,4,4,0,8,0.0
1,cap_maximizer,2024-03-01T01:00:00+02:00,-195.0,0.0,1,1,0,0,0.0
1,cap_maximizer,2024-04-01T01:00:00+03:00,-160.0,0.0,1,1,0,0,0.0
1,cap_maximizer,2024-05-01T01:00:00+03:00,9350.0,10500.0,5,5,0,7,0.0
1,cap_maximizer,2024-06-03T01:00:00+03:00,6315.0,7500.0,5,4,0,5,1970.45
1,cap_maximizer,2024-07-01T01:00:00+03:00,-160.0,0.0,1,1,0,0,0.0
1,half_of_maximum,2020-01-02T01:00:00+02:00,-195.0,0.0,1,1,0,0,0.0
1,half_of_maximum,2020-02-03T01:00:00+02:00,865.0,2000.0,6,5,0,4,-776.75
1,half_of_maximum,2020-03-02T01:00:00+02:00,-160.0,0.0,1,1,0,0,0.0
1,half_of_maximum,2020-04-01T01:00:00+03:00,1962.92,3027.92,6,5,0,6,1358.08
1,half_of_maximum,2020-05-01T01:00:00+03:00,3247.92,4277.92,6,5,0,8,1331.68
1,half_of_maximum,2020-06-01T01:00:00+03:00,-230.0,0.0,1,1,0,0,0.0
1,half_of_maximum,2020-07-01T01:00:00+03:00,-195.0,0.0,1,1,0,0,0.0
1,half_of_maximum,2020-08-03T01:00:00+03:00,-160.0,0.0,1,1,0,0,0.0
1,half_of_maximum,2020-09-01T01:00:00+03:00,-230.0,0.0,1,1,0,0,0.0
1,half_of_maximum,2020-10-01T01:00:00+03:00,-195.0,0.0,1,1,0,0,0.0
1,half_of_maximum,2020-11-02T01:00:00+02:00,-160.0,0.0,1,1,0,0,0.0
1,half_of_maximum,2020-12-01T01:00:00+02:00,-195.0,0.0,1,1,0,0,0.0
1,half_of_maximum,2021-01-04T01:00:00+02:00,-160.0,0.0,1,1,0,0,0.0
1,half_of_maximum,2021-02-01T01:00:00+02:00,-160.0,0.0,1,1,0,0,0.0
1,half_of_maximum,2021-03-01T01:00:00+02:00,-195.0,0.0,1,1,0,0,0.0
1,half_of_maximum,2021-04-01T01:00:00+03:00,-160.0,0.0,1,1,0,0,0.0
1,half_of_maximum,2021-05-03T01:00:00+03:00,3566.1,4826.1,7,6,0,9,1114.9
1,half_of_maximum,2021-06-01T01:00:00+03:00,3601.1,4826.1,7,6,0,9,903.05
1,half_of_maximum,2021-07-01T01:00:00+03:00,4136.1,5326.1,7,6,0,10,1249.1
1,half_of_maximum,2021-08-02T01:00:00+03:00,-195.0,0.0,1,1,0,0,0.0
1,half_of_maximum,2021-09-01T01:00:00+03:00,-160.0,0.0,1,1,0,0,0.0
1,half_of_maximum,2021-10-01T01:00:00+03:00,5636.1,6826.1,7,6,0,12,625.1
1,half_of_maximum,2021-11-01T01:00:00+02:00,-160.0,0.0,1,1,0,0,0.0
1,half_of_maximum,2021-12-01T01:00:00+02:00,-190.0,500.0,3,3,0,1,0.0
1,half_of_maximum,2022-01-03T01:00:00+02:00,-120.0,500.0,3,3,0,1,0.0
1,half_of_maximum,2022-02-01T01:00:00+02:00,-85.0,500.0,3,3,0,1,0.0
1,half_of_maximum,2022-03-01T01:00:00+02:00,-195.0,0.0,1,1,0,0,0.0
1,half_of_maximum,2022-04-01T01:00:00+03:00,-160.0,0.0,1,1,0,0,0.0
1,half_of_maximum,2022-05-02T01:00:00+03:00,4469.5,5264.5,3,3,0,9,0.0
1,half_of_maximum,2022-06-01T01:00:00+03:00,4469.5,5264.5,3,3,0,9,0.0
1,half_of_maximum,2022-07-01T01:00:00+03:00,4379.5,5264.5,4,3,0,9,807.2
1,half_of_maximum,2022-08-01T01:00:00+03:00,-160.0,0.0,1,1,0,0,0.0
1,half_of_maximum,2022-09-01T01:00:00+03:00,-195.0,0.0,1,1,0,0,0.0
1,half_of_maximum,2022-10-03T01:00:00+03:00,-160.0,0.0,1,1,0,0,0.0
1,half_of_maximum,2022-11-01T01:00:00+02:00,5581.69,6341.69,3,2,0,10,-109.35
1,half_of_maximum,2022-12-01T01:00:00+02:00,5616.69,6341.69,3,2,0,10,944.15
1,half_of_maximum,2023-01-03T01:00:00+02:00,-265.0,0.0,1,1,0,0,0.0
1,half_of_maximum,2023-02-01T01:00:00+02:00,-230.0,0.0,1,1,0,0,0.0
1,half_of_maximum,2023-03-01T01:00:00+02:00,8221.69,8841.69,3,2,0,14,1866.95
1,half_of_maximum,2023-04-03T01:00:00+03:00,-160.0,0.0,1,1,0,0,0.0
1,half_of_maximum,2023-05-01T01:00:00+03:00,-195.0,0.0,1,1,0,0,0.0
1,half_of_maximum,2023-06-01T01:00:00+03:00,-160.0,0.0,1,1,0,0,0.0
1,half_of_maximum,2023-07-03T01:00:00+03:00,-160.0,0.0,1,1,0,0,0.0
1,half_of_maximum,2023-08-01T01:00:00+03:00,3465.6,4505.6,3,3,0,8,0.0
1,half_of_maximum,2023-09-01T01:00:00+03:00,11070.38,12115.38,5,4,0,18,294.55
1,half_of_maximum,2023-10-02T01:00:00+03:00,3370.0,4500.0,4,3,0,8,3.25
1,half_of_maximum,2023-11-01T01:00:00+02:00,3905.0,5000.0,4,3,0,9,1797.6
1,half_of_maximum,2023-12-01T01:00:00+02:00,5137.82,6197.82,4,3,0,11,1168.03
1,half_of_maximum,2024-01-02T01:00:00+02:00,11243.77,12288.77,5,5,0,19,0.0
1,half_of_maximum,2024-02-01T01:00:00+02:00,10733.2,11813.2,5,5,0,18,0.0
1,half_of_maximum,2024-03-01T01:00:00+02:00,-195.0,0.0,1,1,0,0,0.0
1,half_of_maximum,2024-04-01T01:00:00+03:00,-160.0,0.0,1,1,0,0,0.0
1,half_of_maximum,2024-05-01T01:00:00+03:00,2436.92,3921.92,6,5,0,7,187.5
1,half_of_maximum,2024-06-03T01:00:00+03:00,5477.82,6877.82,7,6,0,12,3263.75
1,half_of_maximum,2024-07-01T01:00:00+03:00,-160.0,0.0,1,1,0,0,0.0
1,maximum_always,2020-01-02T01:00:00+02:00,-195.0,0.0,1,1,0,0,0.0
1,maximum_always,2020-02-03T01:00:00+02:00,849.35,1984.35,6,5,0,3,-776.75
1,maximum_always,2020-03-02T01:00:00+02:00,-160.0,0.0,1,1,0,0,0.0
1,maximum_always,2020-04-01T01:00:00+03:00,2362.15,3587.15,7,6,0,5,190.45
1,maximum_always,2020-05-01T01:00:00+03:00,2397.15,3587.15,7,6,0,5,1414.05
1,maximum_always,2020-06-01T01:00:00+03:00,-230.0,0.0,1,1,0,0,0.0
1,maximum_always,2020-07-01T01:00:00+03:00,-195.0,0.0,1,1,0,0,0.0
1,maximum_always,2020-08-03T01:00:00+03:00,-160.0,0.0,1,1,0,0,0.0
1,maximum_always,2020-09-01T01:00:00+03:00,-230.0,0.0,1,1,0,0,0.0
1,maximum_always,2020-10-01T01:00:00+03:00,-195.0,0.0,1,1,0,0,0.0
1,maximum_always,2020-11-02T01:00:00+02:00,-160.0,0.0,1,1,0,0,0.0
1,maximum_always,2020-12-01T01:00:00+02:00,-195.0,0.0,1,1,0,0,0.0
1,maximum_always,2021-01-04T01:00:00+02:00,-160.0,0.0,1,1,0,0,0.0
1,maximum_always,2021-02-01T01:00:00+02:00,-160.0,0.0,1,1,0,0,0.0
1,maximum_always,2021-03-01T01:00:00+02:00,-195.0,0.0,1,1,0,0,0.0
1,maximum_always,2021-04-01T01:00:00+03:00,-160.0,0.0,1,1,0,0,0.0
1,maximum_always,2021-05-03T01:00:00+03:00,2090.7,3525.7,7,6,0,5,-393.8
1,maximum_always,2021-06-01T01:00:00+03:00,2125.7,3525.7,7,6,0,5,-605.65
1,maximum_always,2021-07-01T01:00:00+03:00,2160.7,3525.7,7,6,0,5,240.4
1,maximum_always,2021-08-02T01:00:00+03:00,-195.0,0.0,1,1,0,0,0.0
1,maximum_always,2021-09-01T01:00:00+03:00,-160.0,0.0,1,1,0,0,0.0
1,maximum_always,2021-10-01T01:00:00+03:00,1891.05,3256.05,7,6,0,5,1116.4
1,maximum_always,2021-11-01T01:00:00+02:00,-160.0,0.0,1,1,0,0,0.0
1,maximum_always,2021-12-01T01:00:00+02:00,-173.1,641.9,4,4,0,1,0.0
1,maximum_always,2022-01-03T01:00:00+02:00,-102.35,517.65,3,3,0,1,0.0
1,maximum_always,2022-02-01T01:00:00+02:00,-67.35,517.65,3,3,0,1,0.0
1,maximum_always,2022-03-01T01:00:00+02:00,-195.0,0.0,1,1,0,0,0.0
1,maximum_always,2022-04-01T01:00:00+03:00,-160.0,0.0,1,1,0,0,0.0
1,maximum_always,2022-05-02T01:00:00+03:00,4776.55,5571.55,3,3,0,7,0.0
1,maximum_always,2022-06-01T01:00:00+03:00,4776.55,5571.55,3,3,0,7,0.0
1,maximum_always,2022-07-01T01:00:00+03:00,4686.55,5571.55,4,3,0,7,1079.9
1,maximum_always,2022-08-01T01:00:00+03:00,-160.0,0.0,1,1,0,0,0.0
1,maximum_always,2022-09-01T01:00:00+03:00,-195.0,0.0,1,1,0,0,0.0
1,maximum_always,2022-10-03T01:00:00+03:00,-160.0,0.0,1,1,0,0,0.0
1,maximum_always,2022-11-01T01:00:00+02:00,5509.35,6394.35,4,3,0,8,916.75
1,maximum_always,2022-12-01T01:00:00+02:00,6057.35,6907.35,4,3,0,9,1457.25
1,maximum_always,2023-01-03T01:00:00+02:00,-265.0,0.0,1,1,0,0,0.0
1,maximum_always,2023-02-01T01:00:00+02:00,-230.0,0.0,1,1,0,0,0.0
1,maximum_always,2023-03-01T01:00:00+02:00,9438.1,10343.1,5,4,0,12,732.1
1,maximum_always,2023-04-03T01:00:00+03:00,-160.0,0.0,1,1,0,0,0.0
1,maximum_always,2023-05-01T01:00:00+03:00,-195.0,0.0,1,1,0,0,0.0
1,maximum_always,2023-06-01T01:00:00+03:00,-160.0,0.0,1,1,0,0,0.0
1,maximum_always,2023-07-03T01:00:00+03:00,-160.0,0.0,1,1,0,0,0.0
1,maximum_always,2023-08-01T01:00:00+03:00,8178.75,9203.75,4,4,0,10,0.0
1,maximum_always,2023-09-01T01:00:00+03:00,9292.35,10532.35,6,5,0,12,294.55
1,maximum_always,2023-10-02T01:00:00+03:00,8010.6,9125.6,5,4,0,10,3.25
1,maximum_always,2023-11-01T01:00:00+02:00,8600.9,9680.9,5,4,0,11,1742.3
1,maximum_always,2023-12-01T01:00:00+02:00,10384.15,11464.15,5,5,0,13,0.0
1,maximum_always,2024-01-02T01:00:00+02:00,4673.75,5803.75,4,4,0,8,0.0
1,maximum_always,2024-02-01T01:00:00+02:00,6355.5,7505.5,5,5,0,11,0.0
1,maximum_always,2024-03-01T01:00:00+02:00,-195.0,0.0,1,1,0,0,0.0
1,maximum_always,2024-04-01T01:00:00+03:00,-160.0,0.0,1,1,0,0,0.0
1,maximum_always,2024-05-01T01:00:00+03:00,7675.5,8735.5,4,4,0,10,0.0
1,maximum_always,2024-06-03T01:00:00+03:00,2611.25,3721.25,3,3,0,5,0.0
1,maximum_always,2024-07-01T01:00:00+03:00,-160.0,0.0,1,1,0,0,0.0
1,minimum_500_always,2020-01-02T01:00:00+02:00,-195.0,0.0,1,1,0,0,0.0
1,minimum_500_always,2020-02-03T01:00:00+02:00,865.0,2000.0,6,5,0,4,-776.75
1,minimum_500_always,2020-03-02T01:00:00+02:00,-160.0,0.0,1,1,0,0,0.0
1,minimum_500_always,2020-04-01T01:00:00+03:00,1935.0,3000.0,6,5,0,6,1386.0
1,minimum_500_always,2020-05-01T01:00:00+03:00,2970.0,4000.0,6,5,0,8,1609.6
1,minimum_500_always,2020-06-01T01:00:00+03:00,-230.0,0.0,1,1,0,0,0.0
1,minimum_500_always,2020-07-01T01:00:00+03:00,-195.0,0.0,1,1,0,0,0.0
1,minimum_500_always,2020-08-03T01:00:00+03:00,-160.0,0.0,1,1,0,0,0.0
1,minimum_500_always,2020-09-01T01:00:00+03:00,-230.0,0.0,1,1,0,0,0.0
1,minimum_500_always,2020-10-01T01:00:00+03:00,-195.0,0.0,1,1,0,0,0.0
1,minimum_500_always,2020-11-02T01:00:00+02:00,-160.0,0.0,1,1,0,0,0.0
1,minimum_500_always,2020-12-01T01:00:00+02:00,-195.0,0.0,1,1,0,0,0.0
1,minimum_500_always,2021-01-04T01:00:00+02:00,-160.0,0.0,1,1,0,0,0.0
1,minimum_500_always,2021-02-01T01:00:00+02:00,-160.0,0.0,1,1,0,0,0.0
1,minimum_500_always,2021-03-01T01:00:00+02:00,-195.0,0.0,1,1,0,0,0.0
1,minimum_500_always,2021-04-01T01:00:00+03:00,-160.0,0.0,1,1,0,0,0.0
1,minimum_500_always,2021-05-03T01:00:00+03:00,3240.0,4500.0,7,6,0,9,1114.9
1,minimum_500_always,2021-06-01T01:00:00+03:00,3275.0,4500.0,7,6,0,9,903.05
1,minimum_500_always,2021-07-01T01:00:00+03:00,3810.0,5000.0,7,6,0,10,1249.1
1,minimum_500_always,2021-08-02T01:00:00+03:00,-195.0,0.0,1,1,0,0,0.0
1,minimum_500_always,2021-09-01T01:00:00+03:00,-160.0,0.0,1,1,0,0,0.0
1,minimum_500_always,2021-10-01T01:00:00+03:00,4810.0,6000.0,7,6,0,12,1125.1
1,minimum_500_always,2021-11-01T01:00:00+02:00,-160.0,0.0,1,1,0,0,0.0
1,minimum_500_always,2021-12-01T01:00:00+02:00,-190.0,500.0,3,3,0,1,0.0
1,minimum_500_always,2022-01-03T01:00:00+02:00,-120.0,500.0,3,3,0,1,0.0
1,minimum_500_always,2022-02-01T01:00:00+02:00,-85.0,500.0,3,3,0,1,0.0
1,minimum_500_always,2022-03-01T01:00:00+02:00,-195.0,0.0,1,1,0,0,0.0
1,minimum_500_always,2022-04-01T01:00:00+03:00,-160.0,0.0,1,1,0,0,0.0
1,minimum_500_always,2022-05-02T01:00:00+03:00,6220.0,7000.0,4,4,0,14,0.0
1,minimum_500_always,2022-06-01T01:00:00+03:00,6130.0,7000.0,5,4,0,14,941.9
1,minimum_500_always,2022-07-01T01:00:00+03:00,7165.0,8000.0,5,4,0,16,1180.2
1,minimum_500_always,2022-08-01T01:00:00+03:00,-160.0,0.0,1,1,0,0,0.0
1,minimum_500_always,2022-09-01T01:00:00+03:00,-195.0,0.0,1,1,0,0,0.0
1,minimum_500_always,2022-10-03T01:00:00+03:00,-160.0,0.0,1,1,0,0,0.0
1,minimum_500_always,2022-11-01T01:00:00+02:00,6810.0,7500.0,3,2,0,15,1543.9
1,minimum_500_always,2022-12-01T01:00:00+02:00,7845.0,8500.0,3,2,0,17,1597.4
1,minimum_500_always,2023-01-03T01:00:00+02:00,-265.0,0.0,1,1,0,0,0.0
1,minimum_500_always,2023-02-01T01:00:00+02:00,-230.0,0.0,1,1,0,0,0.0
1,minimum_500_always,2023-03-01T01:00:00+02:00,10450.0,11000.0,3,2,0,22,2520.2
1,minimum_500_always,2023-04-03T01:00:00+03:00,-160.0,0.0,1,1,0,0,0.0
1,minimum_500_always,2023-05-01T01:00:00+03:00,-195.0,0.0,1,1,0,0,0.0
1,minimum_500_always,2023-06-01T01:00:00+03:00,-160.0,0.0,1,1,0,0,0.0
1,minimum_500_always,2023-07-03T01:00:00+03:00,-160.0,0.0,1,1,0,0,0.0
1,minimum_500_always,2023-08-01T01:00:00+03:00,9150.0,10000.0,4,3,0,20,1135.3
1,minimum_500_always,2023-09-01T01:00:00+03:00,10220.0,11000.0,4,3,0,22,196.65
1,minimum_500_always,2023-10-02T01:00:00+03:00,9060.0,10000.0,5,4,0,20,-94.65
1,minimum_500_always,2023-11-01T01:00:00+02:00,9595.0,10500.0,5,4,0,21,1699.7
1,minimum_500_always,2023-12-01T01:00:00+02:00,10630.0,11500.0,5,4,0,23,1267.95
1,minimum_500_always,2024-01-02T01:00:00+02:00,9560.0,10500.0,5,5,0,21,0.0
1,minimum_500_always,2024-02-01T01:00:00+02:00,9025.0,10000.0,5,5,0,20,0.0
1,minimum_500_always,2024-03-01T01:00:00+02:00,-195.0,0.0,1,1,0,0,0.0
1,minimum_500_always,2024-04-01T01:00:00+03:00,-160.0,0.0,1,1,0,0,0.0
1,minimum_500_always,2024-05-01T01:00:00+03:00,7955.0,9000.0,5,5,0,18,0.0
1,minimum_500_always,2024-06-03T01:00:00+03:00,4225.0,5500.0,6,5,0,11,1470.45
1,minimum_500_always,2024-07-01T01:00:00+03:00,-160.0,0.0,1,1,0,0,0.0
1,preserve_safety_net,2020-01-02T01:00:00+02:00,-195.0,0.0,1,1,0,0,0.0
1,preserve_safety_net,2020-02-03T01:00:00+02:00,437.6,1162.6,3,2,0,2,-680.4
1,preserve_safety_net,2020-03-02T01:00:00+02:00,-160.0,0.0,1,1,0,0,0.0
1,preserve_safety_net,2020-04-01T01:00:00+03:00,1684.6,2339.6,3,2,0,3,1352.3
1,preserve_safety_net,2020-05-01T01:00:00+03:00,2283.25,2903.25,3,2,0,4,2012.25
1,preserve_safety_net,2020-06-01T01:00:00+03:00,-230.0,0.0,1,1,0,0,0.0
1,preserve_safety_net,2020-07-01T01:00:00+03:00,-195.0,0.0,1,1,0,0,0.0
1,preserve_safety_net,2020-08-03T01:00:00+03:00,-160.0,0.0,1,1,0,0,0.0
1,preserve_safety_net,2020-09-01T01:00:00+03:00,-230.0,0.0,1,1,0,0,0.0
1,preserve_safety_net,2020-10-01T01:00:00+03:00,-195.0,0.0,1,1,0,0,0.0
1,preserve_safety_net,2020-11-02T01:00:00+02:00,-160.0,0.0,1,1,0,0,0.0
1,preserve_safety_net,2020-12-01T01:00:00+02:00,-195.0,0.0,1,1,0,0,0.0
1,preserve_safety_net,2021-01-04T01:00:00+02:00,-160.0,0.0,1,1,0,0,0.0
1,preserve_safety_net,2021-02-01T01:00:00+02:00,-160.0,0.0,1,1,0,0,0.0
1,preserve_safety_net,2021-03-01T01:00:00+02:00,-195.0,0.0,1,1,0,0,0.0
1,preserve_safety_net,2021-04-01T01:00:00+03:00,-160.0,0.0,1,1,0,0,0.0
1,preserve_safety_net,2021-05-03T01:00:00+03:00,-230.0,0.0,1,1,0,0,0.0
1,preserve_safety_net,2021-06-01T01:00:00+03:00,-195.0,0.0,1,1,0,0,0.0
1,preserve_safety_net,2021-07-01T01:00:00+03:00,-160.0,0.0,1,1,0,0,0.0
1,preserve_safety_net,2021-08-02T01:00:00+03:00,-195.0,0.0,1,1,0,0,0.0
1,preserve_safety_net,2021-09-01T01:00:00+03:00,-160.0,0.0,1,1,0,0,0.0
1,preserve_safety_net,2021-10-01T01:00:00+03:00,-160.0,0.0,1,1,0,0,0.0
1,preserve_safety_net,2021-11-01T01:00:00+02:00,-160.0,0.0,1,1,0,0,0.0
1,preserve_safety_net,2021-12-01T01:00:00+02:00,2639.65,3294.65,3,3,0,5,0.0
1,preserve_safety_net,2022-01-03T01:00:00+02:00,2368.25,3148.25,4,3,0,5,236.2
1,preserve_safety_net,2022-02-01T01:00:00+02:00,2403.25,3148.25,4,3,0,5,1481.5
1,preserve_safety_net,2022-03-01T01:00:00+02:00,-195.0,0.0,1,1,0,0,0.0
1,preserve_safety_net,2022-04-01T01:00:00+03:00,-160.0,0.0,1,1,0,0,0.0
1,preserve_safety_net,2022-05-02T01:00:00+03:00,5493.6,6238.6,4,3,0,11,521.6
1,preserve_safety_net,2022-06-01T01:00:00+03:00,5528.6,6238.6,4,3,0,11,1798.35
1,preserve_safety_net,2022-07-01T01:00:00+03:00,6804.85,7479.85,4,3,0,13,1795.4
1,preserve_safety_net,2022-08-01T01:00:00+03:00,-160.0,0.0,1,1,0,0,0.0
1,preserve_safety_net,2022-09-01T01:00:00+03:00,-195.0,0.0,1,1,0,0,0.0
1,preserve_safety_net,2022-10-03T01:00:00+03:00,-160.0,0.0,1,1,0,0,0.0
1,preserve_safety_net,2022-11-01T01:00:00+02:00,7286.15,7941.15,3,2,0,12,1434.75
1,preserve_safety_net,2022-12-01T01:00:00+02:00,7852.15,8472.15,3,2,0,13,1957.25
1,preserve_safety_net,2023-01-03T01:00:00+02:00,-265.0,0.0,1,1,0,0,0.0
1,preserve_safety_net,2023-02-01T01:00:00+02:00,-230.0,0.0,1,1,0,0,0.0
1,preserve_safety_net,2023-03-01T01:00:00+02:00,11373.1,11888.1,3,2,0,17,1964.1
1,preserve_safety_net,2023-04-03T01:00:00+03:00,-160.0,0.0,1,1,0,0,0.0
1,preserve_safety_net,2023-05-01T01:00:00+03:00,-195.0,0.0,1,1,0,0,0.0
1,preserve_safety_net,2023-06-01T01:00:00+03:00,-160.0,0.0,1,1,0,0,0.0
1,preserve_safety_net,2023-07-03T01:00:00+03:00,-160.0,0.0,1,1,0,0,0.0
1,preserve_safety_net,2023-08-01T01:00:00+03:00,10901.0,11536.0,2,2,0,16,0.0
1,preserve_safety_net,2023-09-01T01:00:00+03:00,9937.95,10822.95,4,3,0,14,294.55
1,preserve_safety_net,2023-10-02T01:00:00+03:00,10732.85,11457.85,3,2,0,16,3.25
1,preserve_safety_net,2023-11-01T01:00:00+02:00,11302.15,11992.15,3,2,0,17,1763.3
1,preserve_safety_net,2023-12-01T01:00:00+02:00,11951.65,12606.65,3,2,0,18,1717.05
1,preserve_safety_net,2024-01-02T01:00:00+02:00,9943.85,10758.85,4,3,0,14,1534.15
1,preserve_safety_net,2024-02-01T01:00:00+02:00,10298.85,10953.85,3,2,0,15,1737.4
1,preserve_safety_net,2024-03-01T01:00:00+02:00,-195.0,0.0,1,1,0,0,0.0
1,preserve_safety_net,2024-04-01T01:00:00+03:00,-160.0,0.0,1,1,0,0,0.0
1,preserve_safety_net,2024-05-01T01:00:00+03:00,8936.55,9856.55,4,4,0,13,0.0
1,preserve_safety_net,2024-06-03T01:00:00+03:00,7965.45,8920.45,4,4,0,12,0.0
1,preserve_safety_net,2024-07-01T01:00:00+03:00,-160.0,0.0,1,1,0,0,0.0
1,rush_to_uncapped,2020-01-02T01:00:00+02:00,-195.0,0.0,1,1,0,0,0.0
1,rush_to_uncapped,2020-02-03T01:00:00+02:00,865.0,2000.0,6,5,0,4,-776.75
1,rush_to_uncapped,2020-03-02T01:00:00+02:00,-160.0,0.0,1,1,0,0,0.0
1,rush_to_uncapped,2020-04-01T01:00:00+03:00,1935.0,3000.0,6,5,0,6,1386.0
1,rush_to_uncapped,2020-05-01T01:00:00+03:00,2970.0,4000.0,6,5,0,8,1609.6
1,rush_to_uncapped,2020-06-01T01:00:00+03:00,-230.0,0.0,1,1,0,0,0.0
1,rush_to_uncapped,2020-07-01T01:00:00+03:00,-195.0,0.0,1,1,0,0,0.0
1,rush_to_uncapped,2020-08-03T01:00:00+03:00,-160.0,0.0,1,1,0,0,0.0
1,rush_to_uncapped,2020-09-01T01:00:00+03:00,-230.0,0.0,1,1,0,0,0.0
1,rush_to_uncapped,2020-10-01T01:00:00+03:00,-195.0,0.0,1,1,0,0,0.0
1,rush_to_uncapped,2020-11-02T01:00:00+02:00,-160.0,0.0,1,1,0,0,0.0
1,rush_to_uncapped,2020-12-01T01:00:00+02:00,-195.0,0.0,1,1,0,0,0.0
1,rush_to_uncapped,2021-01-04T01:00:00+02:00,-160.0,0.0,1,1,0,0,0.0
1,rush_to_uncapped,2021-02-01T01:00:00+02:00,-160.0,0.0,1,1,0,0,0.0
1,rush_to_uncapped,2021-03-01T01:00:00+02:00,-195.0,0.0,1,1,0,0,0.0
1,rush_to_uncapped,2021-04-01T01:00:00+03:00,-160.0,0.0,1,1,0,0,0.0
1,rush_to_uncapped,2021-05-03T01:00:00+03:00,3240.0,4500.0,7,6,0,9,1114.9
1,rush_to_uncapped,2021-06-01T01:00:00+03:00,3275.0,4500.0,7,6,0,9,903.05
1,rush_to_uncapped,2021-07-01T01:00:00+03:00,3810.0,5000.0,7,6,0,10,1249.1
1,rush_to_uncapped,2021-08-02T01:00:00+03:00,-195.0,0.0,1,1,0,0,0.0
1,rush_to_uncapped,2021-09-01T01:00:00+03:00,-160.0,0.0,1,1,0,0,0.0
1,rush_to_uncapped,2021-10-01T01:00:00+03:00,4810.0,6000.0,7,6,0,12,1125.1
1,rush_to_uncapped,2021-11-01T01:00:00+02:00,-160.0,0.0,1,1,0,0,0.0
1,rush_to_uncapped,2021-12-01T01:00:00+02:00,-190.0,500.0,3,3,0,1,0.0
1,rush_to_uncapped,2022-01-03T01:00:00+02:00,-120.0,500.0,3,3,0,1,0.0
1,rush_to_uncapped,2022-02-01T01:00:00+02:00,-85.0,500.0,3,3,0,1,0.0
1,rush_to_uncapped,2022-03-01T01:00:00+02:00,-195.0,0.0,1,1,0,0,0.0
1,rush_to_uncapped,2022-04-01T01:00:00+03:00,-160.0,0.0,1,1,0,0,0.0
1,rush_to_uncapped,2022-05-02T01:00:00+03:00,6220.0,7000.0,4,4,0,14,0.0
1,rush_to_uncapped,2022-06-01T01:00:00+03:00,6130.0,7000.0,5,4,0,14,941.9
1,rush_to_uncapped,2022-07-01T01:00:00+03:00,7165.0,8000.0,5,4,0,16,1180.2
1,rush_to_uncapped,2022-08-01T01:00:00+03:00,-160.0,0.0,1,1,0,0,0.0
1,rush_to_uncapped,2022-09-01T01:00:00+03:00,-195.0,0.0,1,1,0,0,0.0
1,rush_to_uncapped,2022-10-03T01:00:00+03:00,-160.0,0.0,1,1,0,0,0.0
1,rush_to_uncapped,2022-11-01T01:00:00+02:00,4717.44,5637.44,4,3,0,9,-109.35
1,rush_to_uncapped,2022-12-01T01:00:00+02:00,4752.44,5637.44,4,3,0,9,944.15
1,rush_to_uncapped,2023-01-03T01:00:00+02:00,-265.0,0.0,1,1,0,0,0.0
1,rush_to_uncapped,2023-02-01T01:00:00+02:00,-230.0,0.0,1,1,0,0,0.0
1,rush_to_uncapped,2023-03-01T01:00:00+02:00,6857.44,7637.44,4,3,0,13,2366.95
1,rush_to_uncapped,2023-04-03T01:00:00+03:00,-160.0,0.0,1,1,0,0,0.0
1,rush_to_uncapped,2023-05-01T01:00:00+03:00,-195.0,0.0,1,1,0,0,0.0
1,rush_to_uncapped,2023-06-01T01:00:00+03:00,-160.0,0.0,1,1,0,0,0.0
1,rush_to_uncapped,2023-07-03T01:00:00+03:00,-160.0,0.0,1,1,0,0,0.0
1,rush_to_uncapped,2023-08-01T01:00:00+03:00,9074.19,10064.19,4,4,0,17,0.0
1,rush_to_uncapped,2023-09-01T01:00:00+03:00,4476.84,5571.84,4,3,0,9,294.55
1,rush_to_uncapped,2023-10-02T01:00:00+03:00,8984.19,10064.19,5,4,0,17,3.25
1,rush_to_uncapped,2023-11-01T01:00:00+02:00,9519.19,10564.19,5,4,0,18,1797.6
1,rush_to_uncapped,2023-12-01T01:00:00+02:00,10554.19,11564.19,5,4,0,20,1365.85
1,rush_to_uncapped,2024-01-02T01:00:00+02:00,9484.19,10564.19,5,5,0,18,0.0
1,rush_to_uncapped,2024-02-01T01:00:00+02:00,8533.49,9738.49,6,5,0,17,381.9
1,rush_to_uncapped,2024-03-01T01:00:00+02:00,-195.0,0.0,1,1,0,0,0.0
1,rush_to_uncapped,2024-04-01T01:00:00+03:00,-160.0,0.0,1,1,0,0,0.0
1,rush_to_uncapped,2024-05-01T01:00:00+03:00,7441.89,8876.89,7,6,0,15,187.5
1,rush_to_uncapped,2024-06-03T01:00:00+03:00,4225.0,5500.0,6,5,0,11,1470.45
1,rush_to_uncapped,2024-07-01T01:00:00+03:00,-160.0,0.0,1,1,0,0,0.0
2,cap_maximizer,2020-01-02T01:00:00+02:00,-195.0,0.0,1,1,0,0,0.0
2,cap_maximizer,2020-02-03T01:00:00+02:00,-60.0,1500.0,8,6,2,1,-1360.8
2,cap_maximizer,2020-03-02T01:00:00+02:00,-160.0,0.0,1,1,0,0,0.0
2,cap_maximizer,2020-04-01T01:00:00+03:00,2940.0,4500.0,8,8,3,3,0.0
2,cap_maximizer,2020-05-01T01:00:00+03:00,2655.0,4500.0,10,8,3,3,-300.2
2,cap_maximizer,2020-06-01T01:00:00+03:00,-230.0,0.0,1,1,0,0,0.0
2,cap_maximizer,2020-07-01T01:00:00+03:00,-195.0,0.0,1,1,0,0,0.0
2,cap_maximizer,2020-08-03T01:00:00+03:00,-160.0,0.0,1,1,0,0,0.0
2,cap_maximizer,2020-09-01T01:00:00+03:00,-230.0,0.0,1,1,0,0,0.0
2,cap_maximizer,2020-10-01T01:00:00+03:00,-195.0,0.0,1,1,0,0,0.0
2,cap_maximizer,2020-11-02T01:00:00+02:00,-160.0,0.0,1,1,0,0,0.0
2,cap_maximizer,2020-12-01T01:00:00+02:00,-195.0,0.0,1,1,0,0,0.0
2,cap_maximizer,2021-01-04T01:00:00+02:00,-160.0,0.0,1,1,0,0,0.0
2,cap_maximizer,2021-02-01T01:00:00+02:00,-160.0,0.0,1,1,0,0,0.0
2,cap_maximizer,2021-03-01T01:00:00+02:00,-195.0,0.0,1,1,0,0,0.0
2,cap_maximizer,2021-04-01T01:00:00+03:00,-160.0,0.0,1,1,0,0,0.0
2,cap_maximizer,2021-05-03T01:00:00+03:00,-230.0,0.0,1,1,0,0,0.0
2,cap_maximizer,2021-06-01T01:00:00+03:00,-195.0,0.0,1,1,0,0,0.0
2,cap_maximizer,2021-07-01T01:00:00+03:00,-160.0,0.0,1,1,0,0,0.0
2,cap_maximizer,2021-08-02T01:00:00+03:00,-195.0,0.0,1,1,0,0,0.0
2,cap_maximizer,2021-09-01T01:00:00+03:00,-160.0,0.0,1,1,0,0,0.0
2,cap_maximizer,2021-10-01T01:00:00+03:00,-160.0,0.0,1,1,0,0,0.0
2,cap_maximizer,2021-11-01T01:00:00+02:00,-160.0,0.0,1,1,0,0,0.0
2,cap_maximizer,2021-12-01T01:00:00+02:00,6330.0,7500.0,6,4,0,5,2101.2
2,cap_maximizer,2022-01-03T01:00:00+02:00,4920.0,6000.0,5,3,0,4,1885.15
2,cap_maximizer,2022-02-01T01:00:00+02:00,6455.0,7500.0,5,3,0,5,2875.75
2,cap_maximizer,2022-03-01T01:00:00+02:00,-195.0,0.0,1,1,0,0,0.0
2,cap_maximizer,2022-04-01T01:00:00+03:00,-160.0,0.0,1,1,0,0,0.0
2,cap_maximizer,2022-05-02T01:00:00+03:00,7815.0,9000.0,5,4,0,6,1282.65
2,cap_maximizer,2022-06-01T01:00:00+03:00,7815.0,9000.0,5,4,0,6,2559.4
2,cap_maximizer,2022-07-01T01:00:00+03:00,9225.0,10500.0,6,4,0,7,3011.15
2,cap_maximizer,2022-08-01T01:00:00+03:00,-160.0,0.0,1,1,0,0,0.0
2,cap_maximizer,2022-09-01T01:00:00+03:00,-195.0,0.0,1,1,0,0,0.0
2,cap_maximizer,2022-10-03T01:00:00+03:00,-160.0,0.0,1,1,0,0,0.0
2,cap_maximizer,2022-11-01T01:00:00+02:00,9210.0,10500.0,5,4,0,7,916.75
2,cap_maximizer,2022-12-01T01:00:00+02:00,9210.0,10500.0,5,4,0,7,1970.25
2,cap_maximizer,2023-01-03T01:00:00+02:00,-265.0,0.0,1,1,0,0,0.0
2,cap_maximizer,2023-02-01T01:00:00+02:00,-230.0,0.0,1,1,0,0,0.0
2,cap_maximizer,2023-03-01T01:00:00+02:00,12085.0,13500.0,6,4,0,9,4174.75
2,cap_maximizer,2023-04-03T01:00:00+03:00,-160.0,0.0,1,1,0,0,0.0
2,cap_maximizer,2023-05-01T01:00:00+03:00,-195.0,0.0,1,1,0,0,0.0
2,cap_maximizer,2023-06-01T01:00:00+03:00,-160.0,0.0,1,1,0,0,0.0
2,cap_maximizer,2023-07-03T01:00:00+03:00,-160.0,0.0,1,1,0,0,0.0
2,cap_maximizer,2023-08-01T01:00:00+03:00,16285.0,18000.0,7,7,0,12,0.0
2,cap_maximizer,2023-09-01T01:00:00+03:00,18945.0,21000.0,10,8,1,14,589.1
2,cap_maximizer,2023-10-02T01:00:00+03:00,17730.0,19500.0,8,6,0,13,77.95
2,cap_maximizer,2023-11-01T01:00:00+02:00,17765.0,19500.0,8,6,0,13,4666.65
2,cap_maximizer,2023-12-01T01:00:00+02:00,20800.0,22500.0,8,6,0,15,2803.15
2,cap_maximizer,2024-01-02T01:00:00+02:00,14625.0,16500.0,8,8,2,11,0.0
2,cap_maximizer,2024-02-01T01:00:00+02:00,17660.0,19500.0,8,8,1,13,0.0
2,cap_maximizer,2024-03-01T01:00:00+02:00,-195.0,0.0,1,1,0,0,0.0
2,cap_maximizer,2024-04-01T01:00:00+03:00,-160.0,0.0,1,1,0,0,0.0
2,cap_maximizer,2024-05-01T01:00:00+03:00,12790.0,15000.0,9,9,2,10,0.0
2,cap_maximizer,2024-06-03T01:00:00+03:00,11680.0,13500.0,7,6,0,9,1970.45
2,cap_maximizer,2024-07-01T01:00:00+03:00,-160.0,0.0,1,1,0,0,0.0
2,half_of_maximum,2020-01-02T01:00:00+02:00,-195.0,0.0,1,1,0,0,0.0
2,half_of_maximum,2020-02-03T01:00:00+02:00,515.0,2500.0,10,8,2,5,-1553.5
2,half_of_maximum,2020-03-02T01:00:00+02:00,-160.0,0.0,1,1,0,0,0.0
2,half_of_maximum,2020-04-01T01:00:00+03:00,2640.84,4555.84,10,8,2,9,2716.16
2,half_of_maximum,2020-05-01T01:00:00+03:00,5175.84,7055.84,10,8,2,13,2663.36
2,half_of_maximum,2020-06-01T01:00:00+03:00,-230.0,0.0,1,1,0,0,0.0
2,half_of_maximum,2020-07-01T01:00:00+03:00,-195.0,0.0,1,1,0,0,0.0
2,half_of_maximum,2020-08-03T01:00:00+03:00,-160.0,0.0,1,1,0,0,0.0
2,half_of_maximum,2020-09-01T01:00:00+03:00,-230.0,0.0,1,1,0,0,0.0
2,half_of_maximum,2020-10-01T01:00:00+03:00,-195.0,0.0,1,1,0,0,0.0
2,half_of_maximum,2020-11-02T01:00:00+02:00,-160.0,0.0,1,1,0,0,0.0
2,half_of_maximum,2020-12-01T01:00:00+02:00,-195.0,0.0,1,1,0,0,0.0
2,half_of_maximum,2021-01-04T01:00:00+02:00,-160.0,0.0,1,1,0,0,0.0
2,half_of_maximum,2021-02-01T01:00:00+02:00,-160.0,0.0,1,1,0,0,0.0
2,half_of_maximum,2021-03-01T01:00:00+02:00,-195.0,0.0,1,1,0,0,0.0
2,half_of_maximum,2021-04-01T01:00:00+03:00,-160.0,0.0,1,1,0,0,0.0
2,half_of_maximum,2021-05-03T01:00:00+03:00,4466.1,6826.1,13,11,4,13,2229.8
2,half_of_maximum,2021-06-01T01:00:00+03:00,4501.1,6826.1,13,11,4,13,1806.1
2,half_of_maximum,2021-07-01T01:00:00+03:00,5536.1,7826.1,13,11,4,15,2498.2
2,half_of_maximum,2021-08-02T01:00:00+03:00,-195.0,0.0,1,1,0,0,0.0
2,half_of_maximum,2021-09-01T01:00:00+03:00,-160.0,0.0,1,1,0,0,0.0
2,half_of_maximum,2021-10-01T01:00:00+03:00,8501.1,10826.1,13,11,4,19,1250.2
2,half_of_maximum,2021-11-01T01:00:00+02:00,-160.0,0.0,1,1,0,0,0.0
2,half_of_maximum,2021-12-01T01:00:00+02:00,-225.0,500.0,3,3,0,1,0.0
2,half_of_maximum,2022-01-03T01:00:00+02:00,-120.0,500.0,3,3,0,1,0.0
2,half_of_maximum,2022-02-01T01:00:00+02:00,-85.0,500.0,3,3,0,1,0.0
2,half_of_maximum,2022-03-01T01:00:00+02:00,-195.0,0.0,1,1,0,0,0.0
2,half_of_maximum,2022-04-01T01:00:00+03:00,-160.0,0.0,1,1,0,0,0.0
2,half_of_maximum,2022-05-02T01:00:00+03:00,6744.5,8264.5,6,6,3,14,0.0
2,half_of_maximum,2022-06-01T01:00:00+03:00,6709.5,8264.5,6,6,3,14,0.0
2,half_of_maximum,2022-07-01T01:00:00+03:00,6494.5,8264.5,8,6,3,14,1614.4
2,half_of_maximum,2022-08-01T01:00:00+03:00,-160.0,0.0,1,1,0,0,0.0
2,half_of_maximum,2022-09-01T01:00:00+03:00,-195.0,0.0,1,1,0,0,0.0
2,half_of_maximum,2022-10-03T01:00:00+03:00,-160.0,0.0,1,1,0,0,0.0
2,half_of_maximum,2022-11-01T01:00:00+02:00,8891.69,10341.69,6,5,0,17,-109.35
2,half_of_maximum,2022-12-01T01:00:00+02:00,8891.69,10341.69,6,5,0,17,944.15
2,half_of_maximum,2023-01-03T01:00:00+02:00,-265.0,0.0,1,1,0,0,0.0
2,half_of_maximum,2023-02-01T01:00:00+02:00,-230.0,0.0,1,1,0,0,0.0
2,half_of_maximum,2023-03-01T01:00:00+02:00,11766.69,13341.69,7,5,0,22,3148.65
2,half_of_maximum,2023-04-03T01:00:00+03:00,-160.0,0.0,1,1,0,0,0.0
2,half_of_maximum,2023-05-01T01:00:00+03:00,-195.0,0.0,1,1,0,0,0.0
2,half_of_maximum,2023-06-01T01:00:00+03:00,-160.0,0.0,1,1,0,0,0.0
2,half_of_maximum,2023-07-03T01:00:00+03:00,-160.0,0.0,1,1,0,0,0.0
2,half_of_maximum,2023-08-01T01:00:00+03:00,12265.98,14120.98,7,7,0,22,0.0
2,half_of_maximum,2023-09-01T01:00:00+03:00,12725.38,14865.38,9,7,0,23,589.1
2,half_of_maximum,2023-10-02T01:00:00+03:00,12010.38,14115.38,9,7,0,22,6.5
2,half_of_maximum,2023-11-01T01:00:00+02:00,13045.38,15115.38,9,7,0,24,3595.2
2,half_of_maximum,2023-12-01T01:00:00+02:00,15476.02,17511.02,9,7,0,28,2336.06
2,half_of_maximum,2024-01-02T01:00:00+02:00,14561.59,16736.59,9,9,1,27,0.0
2,half_of_maximum,2024-02-01T01:00:00+02:00,14051.02,16261.02,9,9,1,26,0.0
2,half_of_maximum,2024-03-01T01:00:00+02:00,-195.0,0.0,1,1,0,0,0.0
2,half_of_maximum,2024-04-01T01:00:00+03:00,-160.0,0.0,1,1,0,0,0.0
2,half_of_maximum,2024-05-01T01:00:00+03:00,5664.74,8549.74,13,11,3,15,375.0
2,half_of_maximum,2024-06-03T01:00:00+03:00,9955.64,12755.64,14,12,6,22,6527.5
2,half_of_maximum,2024-07-01T01:00:00+03:00,-160.0,0.0,1,1,0,0,0.0
2,maximum_always,2020-01-02T01:00:00+02:00,-195.0,0.0,1,1,0,0,0.0
2,maximum_always,2020-02-03T01:00:00+02:00,533.85,2518.85,10,8,2,4,-1553.5
2,maximum_always,2020-03-02T01:00:00+02:00,-160.0,0.0,1,1,0,0,0.0
2,maximum_always,2020-04-01T01:00:00+03:00,3442.5,5677.5,12,10,3,8,380.9
2,maximum_always,2020-05-01T01:00:00+03:00,3477.5,5677.5,12,10,3,8,2828.1
2,maximum_always,2020-06-01T01:00:00+03:00,-230.0,0.0,1,1,0,0,0.0
2,maximum_always,2020-07-01T01:00:00+03:00,-195.0,0.0,1,1,0,0,0.0
2,maximum_always,2020-08-03T01:00:00+03:00,-160.0,0.0,1,1,0,0,0.0
2,maximum_always,2020-09-01T01:00:00+03:00,-230.0,0.0,1,1,0,0,0.0
2,maximum_always,2020-10-01T01:00:00+03:00,-195.0,0.0,1,1,0,0,0.0
2,maximum_always,2020-11-02T01:00:00+02:00,-160.0,0.0,1,1,0,0,0.0
2,maximum_always,2020-12-01T01:00:00+02:00,-195.0,0.0,1,1,0,0,0.0
2,maximum_always,2021-01-04T01:00:00+02:00,-160.0,0.0,1,1,0,0,0.0
2,maximum_always,2021-02-01T01:00:00+02:00,-160.0,0.0,1,1,0,0,0.0
2,maximum_always,2021-03-01T01:00:00+02:00,-195.0,0.0,1,1,0,0,0.0
2,maximum_always,2021-04-01T01:00:00+03:00,-160.0,0.0,1,1,0,0,0.0
2,maximum_always,2021-05-03T01:00:00+03:00,3730.85,6280.85,12,10,4,9,-787.6
2,maximum_always,2021-06-01T01:00:00+03:00,3765.85,6280.85,12,10,4,9,-1211.3
2,maximum_always,2021-07-01T01:00:00+03:00,3800.85,6280.85,12,10,4,9,480.8
2,maximum_always,2021-08-02T01:00:00+03:00,-195.0,0.0,1,1,0,0,0.0
2,maximum_always,2021-09-01T01:00:00+03:00,-160.0,0.0,1,1,0,0,0.0
2,maximum_always,2021-10-01T01:00:00+03:00,1844.0,4359.0,12,10,4,7,2232.8
2,maximum_always,2021-11-01T01:00:00+02:00,-160.0,0.0,1,1,0,0,0.0
2,maximum_always,2021-12-01T01:00:00+02:00,-208.1,641.9,4,4,0,1,0.0
2,maximum_always,2022-01-03T01:00:00+02:00,-102.35,517.65,3,3,0,1,0.0
2,maximum_always,2022-02-01T01:00:00+02:00,-67.35,517.65,3,3,0,1,0.0
2,maximum_always,2022-03-01T01:00:00+02:00,-195.0,0.0,1,1,0,0,0.0
2,maximum_always,2022-04-01T01:00:00+03:00,-160.0,0.0,1,1,0,0,0.0
2,maximum_always,2022-05-02T01:00:00+03:00,7560.75,9080.75,6,6,3,11,0.0
2,maximum_always,2022-06-01T01:00:00+03:00,7525.75,9080.75,6,6,3,11,0.0
2,maximum_always,2022-07-01T01:00:00+03:00,7310.75,9080.75,8,6,3,11,2159.8
2,maximum_always,2022-08-01T01:00:00+03:00,-160.0,0.0,1,1,0,0,0.0
2,maximum_always,2022-09-01T01:00:00+03:00,-195.0,0.0,1,1,0,0,0.0
2,maximum_always,2022-10-03T01:00:00+03:00,-160.0,0.0,1,1,0,0,0.0
2,maximum_always,2022-11-01T01:00:00+02:00,9871.2,11571.2,8,6,3,14,807.4
2,maximum_always,2022-12-01T01:00:00+02:00,10419.2,12084.2,8,6,3,15,2401.4
2,maximum_always,2023-01-03T01:00:00+02:00,-265.0,0.0,1,1,0,0,0.0
2,maximum_always,2023-02-01T01:00:00+02:00,-230.0,0.0,1,1,0,0,0.0
2,maximum_always,2023-03-01T01:00:00+02:00,15378.5,17258.5,10,8,3,21,1819.6
2,maximum_always,2023-04-03T01:00:00+03:00,-160.0,0.0,1,1,0,0,0.0
2,maximum_always,2023-05-01T01:00:00+03:00,-195.0,0.0,1,1,0,0,0.0
2,maximum_always,2023-06-01T01:00:00+03:00,-160.0,0.0,1,1,0,0,0.0
2,maximum_always,2023-07-03T01:00:00+03:00,-160.0,0.0,1,1,0,0,0.0
2,maximum_always,2023-08-01T01:00:00+03:00,11905.5,13815.5,8,8,1,17,0.0
2,maximum_always,2023-09-01T01:00:00+03:00,15237.1,17557.1,11,9,4,20,589.1
2,maximum_always,2023-10-02T01:00:00+03:00,11577.35,13737.35,10,8,1,17,6.5
2,maximum_always,2023-11-01T01:00:00+02:00,12722.95,14847.95,10,8,1,19,3484.6
2,maximum_always,2023-12-01T01:00:00+02:00,16254.45,18414.45,10,10,2,23,0.0
2,maximum_always,2024-01-02T01:00:00+02:00,12922.05,15167.05,9,9,2,19,0.0
2,maximum_always,2024-02-01T01:00:00+02:00,14603.8,16868.8,10,10,2,22,0.0
2,maximum_always,2024-03-01T01:00:00+02:00,-195.0,0.0,1,1,0,0,0.0
2,maximum_always,2024-04-01T01:00:00+03:00,-160.0,0.0,1,1,0,0,0.0
2,maximum_always,2024-05-01T01:00:00+03:00,10657.6,12812.6,8,8,2,16,0.0
2,maximum_always,2024-06-03T01:00:00+03:00,5558.35,7798.35,7,7,2,11,0.0
2,maximum_always,2024-07-01T01:00:00+03:00,-160.0,0.0,1,1,0,0,0.0
2,minimum_500_always,2020-01-02T01:00:00+02:00,-195.0,0.0,1,1,0,0,0.0
2,minimum_500_always,2020-02-03T01:00:00+02:00,515.0,2500.0,10,8,2,5,-1553.5
2,minimum_500_always,2020-03-02T01:00:00+02:00,-160.0,0.0,1,1,0,0,0.0
2,minimum_500_always,2020-04-01T01:00:00+03:00,2585.0,4500.0,10,8,2,9,2772.0
2,minimum_500_always,2020-05-01T01:00:00+03:00,4620.0,6500.0,10,8,2,13,3219.2
2,minimum_500_always,2020-06-01T01:00:00+03:00,-230.0,0.0,1,1,0,0,0.0
2,minimum_500_always,2020-07-01T01:00:00+03:00,-195.0,0.0,1,1,0,0,0.0
2,minimum_500_always,2020-08-03T01:00:00+03:00,-160.0,0.0,1,1,0,0,0.0
2,minimum_500_always,2020-09-01T01:00:00+03:00,-230.0,0.0,1,1,0,0,0.0
2,minimum_500_always,2020-10-01T01:00:00+03:00,-195.0,0.0,1,1,0,0,0.0
2,minimum_500_always,2020-11-02T01:00:00+02:00,-160.0,0.0,1,1,0,0,0.0
2,minimum_500_always,2020-12-01T01:00:00+02:00,-195.0,0.0,1,1,0,0,0.0
2,minimum_500_always,2021-01-04T01:00:00+02:00,-160.0,0.0,1,1,0,0,0.0
2,minimum_500_always,2021-02-01T01:00:00+02:00,-160.0,0.0,1,1,0,0,0.0
2,minimum_500_always,2021-03-01T01:00:00+02:00,-195.0,0.0,1,1,0,0,0.0
2,minimum_500_always,2021-04-01T01:00:00+03:00,-160.0,0.0,1,1,0,0,0.0
2,minimum_500_always,2021-05-03T01:00:00+03:00,4140.0,6500.0,13,11,3,13,2229.8
2,minimum_500_always,2021-06-01T01:00:00+03:00,4175.0,6500.0,13,11,3,13,1806.1
2,minimum_500_always,2021-07-01T01:00:00+03:00,5210.0,7500.0,13,11,3,15,2498.2
2,minimum_500_always,2021-08-02T01:00:00+03:00,-195.0,0.0,1,1,0,0,0.0
2,minimum_500_always,2021-09-01T01:00:00+03:00,-160.0,0.0,1,1,0,0,0.0
2,minimum_500_always,2021-10-01T01:00:00+03:00,7175.0,9500.0,13,11,3,19,2250.2
2,minimum_500_always,2021-11-01T01:00:00+02:00,-160.0,0.0,1,1,0,0,0.0
2,minimum_500_always,2021-12-01T01:00:00+02:00,-225.0,500.0,3,3,0,1,0.0
2,minimum_500_always,2022-01-03T01:00:00+02:00,-120.0,500.0,3,3,0,1,0.0
2,minimum_500_always,2022-02-01T01:00:00+02:00,-85.0,500.0,3,3,0,1,0.0
2,minimum_500_always,2022-03-01T01:00:00+02:00,-195.0,0.0,1,1,0,0,0.0
2,minimum_500_always,2022-04-01T01:00:00+03:00,-160.0,0.0,1,1,0,0,0.0
2,minimum_500_always,2022-05-02T01:00:00+03:00,7995.0,9500.0,7,7,0,19,0.0
2,minimum_500_always,2022-06-01T01:00:00+03:00,7780.0,9500.0,9,7,0,19,1646.35
2,minimum_500_always,2022-07-01T01:00:00+03:00,9315.0,11000.0,9,7,0,22,2622.95
2,minimum_500_always,2022-08-01T01:00:00+03:00,-160.0,0.0,1,1,0,0,0.0
2,minimum_500_always,2022-09-01T01:00:00+03:00,-195.0,0.0,1,1,0,0,0.0
2,minimum_500_always,2022-10-03T01:00:00+03:00,-160.0,0.0,1,1,0,0,0.0
2,minimum_500_always,2022-11-01T01:00:00+02:00,12100.0,13500.0,7,5,1,27,3087.8
2,minimum_500_always,2022-12-01T01:00:00+02:00,14135.0,15500.0,7,5,1,31,3194.8
2,minimum_500_always,2023-01-03T01:00:00+02:00,-265.0,0.0,1,1,0,0,0.0
2,minimum_500_always,2023-02-01T01:00:00+02:00,-230.0,0.0,1,1,0,0,0.0
2,minimum_500_always,2023-03-01T01:00:00+02:00,19240.0,20500.0,7,5,1,41,5040.4
2,minimum_500_always,2023-04-03T01:00:00+03:00,-160.0,0.0,1,1,0,0,0.0
2,minimum_500_always,2023-05-01T01:00:00+03:00,-195.0,0.0,1,1,0,0,0.0
2,minimum_500_always,2023-06-01T01:00:00+03:00,-160.0,0.0,1,1,0,0,0.0
2,minimum_500_always,2023-07-03T01:00:00+03:00,-160.0,0.0,1,1,0,0,0.0
2,minimum_500_always,2023-08-01T01:00:00+03:00,16440.0,18000.0,8,6,0,36,2270.6
2,minimum_500_always,2023-09-01T01:00:00+03:00,17280.0,19000.0,9,7,2,38,393.3
2,minimum_500_always,2023-10-02T01:00:00+03:00,16190.0,18000.0,10,8,1,36,-189.3
2,minimum_500_always,2023-11-01T01:00:00+02:00,17225.0,19000.0,10,8,1,38,3399.4
2,minimum_500_always,2023-12-01T01:00:00+02:00,19260.0,21000.0,10,8,1,42,2535.9
2,minimum_500_always,2024-01-02T01:00:00+02:00,18085.0,20000.0,10,10,2,40,0.0
2,minimum_500_always,2024-02-01T01:00:00+02:00,17550.0,19500.0,10,10,3,39,0.0
2,minimum_500_always,2024-03-01T01:00:00+02:00,-195.0,0.0,1,1,0,0,0.0
2,minimum_500_always,2024-04-01T01:00:00+03:00,-160.0,0.0,1,1,0,0,0.0
2,minimum_500_always,2024-05-01T01:00:00+03:00,10840.0,13000.0,10,10,3,26,0.0
2,minimum_500_always,2024-06-03T01:00:00+03:00,7450.0,10000.0,12,10,5,20,2940.9
2,minimum_500_always,2024-07-01T01:00:00+03:00,-160.0,0.0,1,1,0,0,0.0
2,preserve_safety_net,2020-01-02T01:00:00+02:00,-195.0,0.0,1,1,0,0,0.0
2,preserve_safety_net,2020-02-03T01:00:00+02:00,-182.4,1162.6,6,5,2,2,-680.4
2,preserve_safety_net,2020-03-02T01:00:00+02:00,-160.0,0.0,1,1,0,0,0.0
2,preserve_safety_net,2020-04-01T01:00:00+03:00,2069.65,3469.65,7,5,2,4,2704.6
2,preserve_safety_net,2020-05-01T01:00:00+03:00,3231.95,4596.95,7,5,2,6,4024.5
2,preserve_safety_net,2020-06-01T01:00:00+03:00,-230.0,0.0,1,1,0,0,0.0
2,preserve_safety_net,2020-07-01T01:00:00+03:00,-195.0,0.0,1,1,0,0,0.0
2,preserve_safety_net,2020-08-03T01:00:00+03:00,-160.0,0.0,1,1,0,0,0.0
2,preserve_safety_net,2020-09-01T01:00:00+03:00,-230.0,0.0,1,1,0,0,0.0
2,preserve_safety_net,2020-10-01T01:00:00+03:00,-195.0,0.0,1,1,0,0,0.0
2,preserve_safety_net,2020-11-02T01:00:00+02:00,-160.0,0.0,1,1,0,0,0.0
2,preserve_safety_net,2020-12-01T01:00:00+02:00,-195.0,0.0,1,1,0,0,0.0
2,preserve_safety_net,2021-01-04T01:00:00+02:00,-160.0,0.0,1,1,0,0,0.0
2,preserve_safety_net,2021-02-01T01:00:00+02:00,-160.0,0.0,1,1,0,0,0.0
2,preserve_safety_net,2021-03-01T01:00:00+02:00,-195.0,0.0,1,1,0,0,0.0
2,preserve_safety_net,2021-04-01T01:00:00+03:00,-160.0,0.0,1,1,0,0,0.0
2,preserve_safety_net,2021-05-03T01:00:00+03:00,-230.0,0.0,1,1,0,0,0.0
2,preserve_safety_net,2021-06-01T01:00:00+03:00,-195.0,0.0,1,1,0,0,0.0
2,preserve_safety_net,2021-07-01T01:00:00+03:00,-160.0,0.0,1,1,0,0,0.0
2,preserve_safety_net,2021-08-02T01:00:00+03:00,-195.0,0.0,1,1,0,0,0.0
2,preserve_safety_net,2021-09-01T01:00:00+03:00,-160.0,0.0,1,1,0,0,0.0
2,preserve_safety_net,2021-10-01T01:00:00+03:00,-160.0,0.0,1,1,0,0,0.0
2,preserve_safety_net,2021-11-01T01:00:00+02:00,-160.0,0.0,1,1,0,0,0.0
2,preserve_safety_net,2021-12-01T01:00:00+02:00,1719.65,3294.65,7,7,0,5,0.0
2,preserve_safety_net,2022-01-03T01:00:00+02:00,-165.85,559.15,3,3,0,1,0.0
2,preserve_safety_net,2022-02-01T01:00:00+02:00,-130.85,559.15,3,3,0,1,0.0
2,preserve_safety_net,2022-03-01T01:00:00+02:00,-195.0,0.0,1,1,0,0,0.0
2,preserve_safety_net,2022-04-01T01:00:00+03:00,-160.0,0.0,1,1,0,0,0.0
2,preserve_safety_net,2022-05-02T01:00:00+03:00,7064.65,8499.65,7,5,0,15,1043.2
2,preserve_safety_net,2022-06-01T01:00:00+03:00,7099.65,8499.65,7,5,0,15,3596.7
2,preserve_safety_net,2022-07-01T01:00:00+03:00,9617.15,10982.15,7,5,0,19,3590.8
2,preserve_safety_net,2022-08-01T01:00:00+03:00,-160.0,0.0,1,1,0,0,0.0
2,preserve_safety_net,2022-09-01T01:00:00+03:00,-195.0,0.0,1,1,0,0,0.0
2,preserve_safety_net,2022-10-03T01:00:00+03:00,-160.0,0.0,1,1,0,0,0.0
2,preserve_safety_net,2022-11-01T01:00:00+02:00,13655.8,14825.8,6,4,1,22,2869.5
2,preserve_safety_net,2022-12-01T01:00:00+02:00,14752.8,15887.8,6,4,1,24,3914.5
2,preserve_safety_net,2023-01-03T01:00:00+02:00,-265.0,0.0,1,1,0,0,0.0
2,preserve_safety_net,2023-02-01T01:00:00+02:00,-230.0,0.0,1,1,0,0,0.0
2,preserve_safety_net,2023-03-01T01:00:00+02:00,21689.7,22719.7,6,4,1,32,3928.2
2,preserve_safety_net,2023-04-03T01:00:00+03:00,-160.0,0.0,1,1,0,0,0.0
2,preserve_safety_net,2023-05-01T01:00:00+03:00,-195.0,0.0,1,1,0,0,0.0
2,preserve_safety_net,2023-06-01T01:00:00+03:00,-160.0,0.0,1,1,0,0,0.0
2,preserve_safety_net,2023-07-03T01:00:00+03:00,-160.0,0.0,1,1,0,0,0.0
2,preserve_safety_net,2023-08-01T01:00:00+03:00,15589.6,16949.6,5,5,1,23,0.0
2,preserve_safety_net,2023-09-01T01:00:00+03:00,17225.85,18925.85,8,6,3,24,589.1
2,preserve_safety_net,2023-10-02T01:00:00+03:00,15261.45,16871.45,7,5,1,23,6.5
2,preserve_safety_net,2023-11-01T01:00:00+02:00,16365.05,17940.05,7,5,1,25,3526.6
2,preserve_safety_net,2023-12-01T01:00:00+02:00,17629.05,19169.05,7,5,1,27,3434.1
2,preserve_safety_net,2024-01-02T01:00:00+02:00,15621.25,17321.25,8,6,1,23,3068.3
2,preserve_safety_net,2024-02-01T01:00:00+02:00,17698.5,19043.5,6,4,1,26,3474.8
2,preserve_safety_net,2024-03-01T01:00:00+02:00,-195.0,0.0,1,1,0,0,0.0
2,preserve_safety_net,2024-04-01T01:00:00+03:00,-160.0,0.0,1,1,0,0,0.0
2,preserve_safety_net,2024-05-01T01:00:00+03:00,12928.15,14838.15,8,8,3,20,0.0
2,preserve_safety_net,2024-06-03T01:00:00+03:00,15512.35,17297.35,7,7,3,23,0.0
2,preserve_safety_net,2024-07-01T01:00:00+03:00,-160.0,0.0,1,1,0,0,0.0
2,rush_to_uncapped,2020-01-02T01:00:00+02:00,-195.0,0.0,1,1,0,0,0.0
2,rush_to_uncapped,2020-02-03T01:00:00+02:00,515.0,2500.0,10,8,2,5,-1553.5
2,rush_to_uncapped,2020-03-02T01:00:00+02:00,-160.0,0.0,1,1,0,0,0.0
2,rush_to_uncapped,2020-04-01T01:00:00+03:00,2585.0,4500.0,10,8,2,9,2772.0
2,rush_to_uncapped,2020-05-01T01:00:00+03:00,4620.0,6500.0,10,8,2,13,3219.2
2,rush_to_uncapped,2020-06-01T01:00:00+03:00,-230.0,0.0,1,1,0,0,0.0
2,rush_to_uncapped,2020-07-01T01:00:00+03:00,-195.0,0.0,1,1,0,0,0.0
2,rush_to_uncapped,2020-08-03T01:00:00+03:00,-160.0,0.0,1,1,0,0,0.0
2,rush_to_uncapped,2020-09-01T01:00:00+03:00,-230.0,0.0,1,1,0,0,0.0
2,rush_to_uncapped,2020-10-01T01:00:00+03:00,-195.0,0.0,1,1,0,0,0.0
2,rush_to_uncapped,2020-11-02T01:00:00+02:00,-160.0,0.0,1,1,0,0,0.0
2,rush_to_uncapped,2020-12-01T01:00:00+02:00,-195.0,0.0,1,1,0,0,0.0
2,rush_to_uncapped,2021-01-04T01:00:00+02:00,-160.0,0.0,1,1,0,0,0.0
2,rush_to_uncapped,2021-02-01T01:00:00+02:00,-160.0,0.0,1,1,0,0,0.0
2,rush_to_uncapped,2021-03-01T01:00:00+02:00,-195.0,0.0,1,1,0,0,0.0
2,rush_to_uncapped,2021-04-01T01:00:00+03:00,-160.0,0.0,1,1,0,0,0.0
2,rush_to_uncapped,2021-05-03T01:00:00+03:00,4140.0,6500.0,13,11,3,13,2229.8
2,rush_to_uncapped,2021-06-01T01:00:00+03:00,4175.0,6500.0,13,11,3,13,1806.1
2,rush_to_uncapped,2021-07-01T01:00:00+03:00,5210.0,7500.0,13,11,3,15,2498.2
2,rush_to_uncapped,2021-08-02T01:00:00+03:00,-195.0,0.0,1,1,0,0,0.0
2,rush_to_uncapped,2021-09-01T01:00:00+03:00,-160.0,0.0,1,1,0,0,0.0
2,rush_to_uncapped,2021-10-01T01:00:00+03:00,7175.0,9500.0,13,11,3,19,2250.2
2,rush_to_uncapped,2021-11-01T01:00:00+02:00,-160.0,0.0,1,1,0,0,0.0
2,rush_to_uncapped,2021-12-01T01:00:00+02:00,-225.0,500.0,3,3,0,1,0.0
2,rush_to_uncapped,2022-01-03T01:00:00+02:00,-120.0,500.0,3,3,0,1,0.0
2,rush_to_uncapped,2022-02-01T01:00:00+02:00,-85.0,500.0,3,3,0,1,0.0
2,rush_to_uncapped,2022-03-01T01:00:00+02:00,-195.0,0.0,1,1,0,0,0.0
2,rush_to_uncapped,2022-04-01T01:00:00+03:00,-160.0,0.0,1,1,0,0,0.0
2,rush_to_uncapped,2022-05-02T01:00:00+03:00,7995.0,9500.0,7,7,0,19,0.0
2,rush_to_uncapped,2022-06-01T01:00:00+03:00,7780.0,9500.0,9,7,0,19,1646.35
2,rush_to_uncapped,2022-07-01T01:00:00+03:00,9315.0,11000.0,9,7,0,22,2622.95
2,rush_to_uncapped,2022-08-01T01:00:00+03:00,-160.0,0.0,1,1,0,0,0.0
2,rush_to_uncapped,2022-09-01T01:00:00+03:00,-195.0,0.0,1,1,0,0,0.0
2,rush_to_uncapped,2022-10-03T01:00:00+03:00,-160.0,0.0,1,1,0,0,0.0
2,rush_to_uncapped,2022-11-01T01:00:00+02:00,10007.44,11637.44,8,6,0,21,1434.55
2,rush_to_uncapped,2022-12-01T01:00:00+02:00,12571.63,14201.63,8,7,0,23,944.15
2,rush_to_uncapped,2023-01-03T01:00:00+02:00,-265.0,0.0,1,1,0,0,0.0
2,rush_to_uncapped,2023-02-01T01:00:00+02:00,-230.0,0.0,1,1,0,0,0.0
2,rush_to_uncapped,2023-03-01T01:00:00+02:00,15516.63,17201.63,9,7,0,29,4379.2
2,rush_to_uncapped,2023-04-03T01:00:00+03:00,-160.0,0.0,1,1,0,0,0.0
2,rush_to_uncapped,2023-05-01T01:00:00+03:00,-195.0,0.0,1,1,0,0,0.0
2,rush_to_uncapped,2023-06-01T01:00:00+03:00,-160.0,0.0,1,1,0,0,0.0
2,rush_to_uncapped,2023-07-03T01:00:00+03:00,-160.0,0.0,1,1,0,0,0.0
2,rush_to_uncapped,2023-08-01T01:00:00+03:00,15427.68,17302.68,8,8,0,29,0.0
2,rush_to_uncapped,2023-09-01T01:00:00+03:00,10600.33,12810.33,9,7,0,21,660.55
2,rush_to_uncapped,2023-10-02T01:00:00+03:00,15177.68,17302.68,10,8,0,29,77.95
2,rush_to_uncapped,2023-11-01T01:00:00+02:00,16212.68,18302.68,10,8,0,31,3666.65
2,rush_to_uncapped,2023-12-01T01:00:00+02:00,18247.68,20302.68,10,8,0,35,2803.15
2,rush_to_uncapped,2024-01-02T01:00:00+02:00,17642.68,19802.68,10,9,0,34,754.4
2,rush_to_uncapped,2024-02-01T01:00:00+02:00,16121.98,18476.98,11,10,2,32,381.9
2,rush_to_uncapped,2024-03-01T01:00:00+02:00,-195.0,0.0,1,1,0,0,0.0
2,rush_to_uncapped,2024-04-01T01:00:00+03:00,-160.0,0.0,1,1,0,0,0.0
2,rush_to_uncapped,2024-05-01T01:00:00+03:00,10326.89,12876.89,12,11,0,23,187.5
2,rush_to_uncapped,2024-06-03T01:00:00+03:00,7450.0,10000.0,12,10,5,20,2940.9
2,rush_to_uncapped,2024-07-01T01:00:00+03:00,-160.0,0.0,1,1,0,0,0.0
3,cap_maximizer,2020-01-02T01:00:00+02:00,-195.0,0.0,1,1,0,0,0.0
3,cap_maximizer,2020-02-03T01:00:00+02:00,-235.0,1500.0,8,8,2,1,0.0
3,cap_maximizer,2020-03-02T01:00:00+02:00,-160.0,0.0,1,1,0,0,0.0
3,cap_maximizer,2020-04-01T01:00:00+03:00,-165.0,1500.0,8,8,2,1,0.0
3,cap_maximizer,2020-05-01T01:00:00+03:00,-130.0,1500.0,8,8,2,1,0.0
3,cap_maximizer,2020-06-01T01:00:00+03:00,-230.0,0.0,1,1,0,0,0.0
3,cap_maximizer,2020-07-01T01:00:00+03:00,-195.0,0.0,1,1,0,0,0.0
3,cap_maximizer,2020-08-03T01:00:00+03:00,-160.0,0.0,1,1,0,0,0.0
3,cap_maximizer,2020-09-01T01:00:00+03:00,-230.0,0.0,1,1,0,0,0.0
3,cap_maximizer,2020-10-01T01:00:00+03:00,-195.0,0.0,1,1,0,0,0.0
3,cap_maximizer,2020-11-02T01:00:00+02:00,-160.0,0.0,1,1,0,0,0.0
3,cap_maximizer,2020-12-01T01:00:00+02:00,-195.0,0.0,1,1,0,0,0.0
3,cap_maximizer,2021-01-04T01:00:00+02:00,-160.0,0.0,1,1,0,0,0.0
3,cap_maximizer,2021-02-01T01:00:00+02:00,-160.0,0.0,1,1,0,0,0.0
3,cap_maximizer,2021-03-01T01:00:00+02:00,-195.0,0.0,1,1,0,0,0.0
3,cap_maximizer,2021-04-01T01:00:00+03:00,-160.0,0.0,1,1,0,0,0.0
3,cap_maximizer,2021-05-03T01:00:00+03:00,-230.0,0.0,1,1,0,0,0.0
3,cap_maximizer,2021-06-01T01:00:00+03:00,-195.0,0.0,1,1,0,0,0.0
3,cap_maximizer,2021-07-01T01:00:00+03:00,-160.0,0.0,1,1,0,0,0.0
3,cap_maximizer,2021-08-02T01:00:00+03:00,-195.0,0.0,1,1,0,0,0.0
3,cap_maximizer,2021-09-01T01:00:00+03:00,-160.0,0.0,1,1,0,0,0.0
3,cap_maximizer,2021-10-01T01:00:00+03:00,-160.0,0.0,1,1,0,0,0.0
3,cap_maximizer,2021-11-01T01:00:00+02:00,-160.0,0.0,1,1,0,0,0.0
3,cap_maximizer,2021-12-01T01:00:00+02:00,8780.0,10500.0,9,6,2,7,3151.8
3,cap_maximizer,2022-01-03T01:00:00+02:00,7460.0,9000.0,7,4,1,6,2121.35
3,cap_maximizer,2022-02-01T01:00:00+02:00,8995.0,10500.0,7,4,1,7,4357.25
3,cap_maximizer,2022-03-01T01:00:00+02:00,-195.0,0.0,1,1,0,0,0.0
3,cap_maximizer,2022-04-01T01:00:00+03:00,-160.0,0.0,1,1,0,0,0.0
3,cap_maximizer,2022-05-02T01:00:00+03:00,8555.0,10500.0,8,6,2,7,2565.3
3,cap_maximizer,2022-06-01T01:00:00+03:00,8555.0,10500.0,8,6,2,7,5118.8
3,cap_maximizer,2022-07-01T01:00:00+03:00,11465.0,13500.0,9,6,2,9,5308.85
3,cap_maximizer,2022-08-01T01:00:00+03:00,-160.0,0.0,1,1,0,0,0.0
3,cap_maximizer,2022-09-01T01:00:00+03:00,-195.0,0.0,1,1,0,0,0.0
3,cap_maximizer,2022-10-03T01:00:00+03:00,-160.0,0.0,1,1,0,0,0.0
3,cap_maximizer,2022-11-01T01:00:00+02:00,13055.0,15000.0,8,6,2,10,1833.5
3,cap_maximizer,2022-12-01T01:00:00+02:00,13055.0,15000.0,8,6,2,10,3940.5
3,cap_maximizer,2023-01-03T01:00:00+02:00,-265.0,0.0,1,1,0,0,0.0
3,cap_maximizer,2023-02-01T01:00:00+02:00,-230.0,0.0,1,1,0,0,0.0
3,cap_maximizer,2023-03-01T01:00:00+02:00,18930.0,21000.0,9,6,2,14,6567.8
3,cap_maximizer,2023-04-03T01:00:00+03:00,-160.0,0.0,1,1,0,0,0.0
3,cap_maximizer,2023-05-01T01:00:00+03:00,-195.0,0.0,1,1,0,0,0.0
3,cap_maximizer,2023-06-01T01:00:00+03:00,-160.0,0.0,1,1,0,0,0.0
3,cap_maximizer,2023-07-03T01:00:00+03:00,-160.0,0.0,1,1,0,0,0.0
3,cap_maximizer,2023-08-01T01:00:00+03:00,24435.0,27000.0,11,11,4,18,0.0
3,cap_maximizer,2023-09-01T01:00:00+03:00,26935.0,30000.0,15,12,4,20,883.65
3,cap_maximizer,2023-10-02T01:00:00+03:00,25720.0,28500.0,13,10,4,19,81.2
3,cap_maximizer,2023-11-01T01:00:00+02:00,25755.0,28500.0,13,10,4,19,6964.25
3,cap_maximizer,2023-12-01T01:00:00+02:00,30290.0,33000.0,13,10,4,22,4169.0
3,cap_maximizer,2024-01-02T01:00:00+02:00,19795.0,22500.0,11,11,3,15,0.0
3,cap_maximizer,2024-02-01T01:00:00+02:00,24240.0,27000.0,12,12,4,18,0.0
3,cap_maximizer,2024-03-01T01:00:00+02:00,-195.0,0.0,1,1,0,0,0.0
3,cap_maximizer,2024-04-01T01:00:00+03:00,-160.0,0.0,1,1,0,0,0.0
3,cap_maximizer,2024-05-01T01:00:00+03:00,16230.0,19500.0,13,13,4,13,0.0
3,cap_maximizer,2024-06-03T01:00:00+03:00,16690.0,19500.0,11,9,3,13,3940.9
3,cap_maximizer,2024-07-01T01:00:00+03:00,-160.0,0.0,1,1,0,0,0.0
3,half_of_maximum,2020-01-02T01:00:00+02:00,-195.0,0.0,1,1,0,0,0.0
3,half_of_maximum,2020-02-03T01:00:00+02:00,-230.0,2000.0,10,10,3,4,0.0
3,half_of_maximum,2020-03-02T01:00:00+02:00,-160.0,0.0,1,1,0,0,0.0
3,half_of_maximum,2020-04-01T01:00:00+03:00,-160.0,2000.0,10,10,3,4,0.0
3,half_of_maximum,2020-05-01T01:00:00+03:00,-125.0,2000.0,10,10,3,4,0.0
3,half_of_maximum,2020-06-01T01:00:00+03:00,-230.0,0.0,1,1,0,0,0.0
3,half_of_maximum,2020-07-01T01:00:00+03:00,-195.0,0.0,1,1,0,0,0.0
3,half_of_maximum,2020-08-03T01:00:00+03:00,-160.0,0.0,1,1,0,0,0.0
3,half_of_maximum,2020-09-01T01:00:00+03:00,-230.0,0.0,1,1,0,0,0.0
3,half_of_maximum,2020-10-01T01:00:00+03:00,-195.0,0.0,1,1,0,0,0.0
3,half_of_maximum,2020-11-02T01:00:00+02:00,-160.0,0.0,1,1,0,0,0.0
3,half_of_maximum,2020-12-01T01:00:00+02:00,-195.0,0.0,1,1,0,0,0.0
3,half_of_maximum,2021-01-04T01:00:00+02:00,-160.0,0.0,1,1,0,0,0.0
3,half_of_maximum,2021-02-01T01:00:00+02:00,-160.0,0.0,1,1,0,0,0.0
3,half_of_maximum,2021-03-01T01:00:00+02:00,-195.0,0.0,1,1,0,0,0.0
3,half_of_maximum,2021-04-01T01:00:00+03:00,-160.0,0.0,1,1,0,0,0.0
3,half_of_maximum,2021-05-03T01:00:00+03:00,-135.0,500.0,2,2,0,1,0.0
3,half_of_maximum,2021-06-01T01:00:00+03:00,-100.0,500.0,2,2,0,1,0.0
3,half_of_maximum,2021-07-01T01:00:00+03:00,-65.0,500.0,2,2,0,1,0.0
3,half_of_maximum,2021-08-02T01:00:00+03:00,-195.0,0.0,1,1,0,0,0.0
3,half_of_maximum,2021-09-01T01:00:00+03:00,-160.0,0.0,1,1,0,0,0.0
3,half_of_maximum,2021-10-01T01:00:00+03:00,11401.1,14826.1,19,16,5,26,1875.3
3,half_of_maximum,2021-11-01T01:00:00+02:00,-160.0,0.0,1,1,0,0,0.0
3,half_of_maximum,2021-12-01T01:00:00+02:00,-205.0,500.0,2,2,0,1,0.0
3,half_of_maximum,2022-01-03T01:00:00+02:00,-190.0,500.0,3,3,0,1,0.0
3,half_of_maximum,2022-02-01T01:00:00+02:00,-155.0,500.0,3,3,0,1,0.0
3,half_of_maximum,2022-03-01T01:00:00+02:00,-195.0,0.0,1,1,0,0,0.0
3,half_of_maximum,2022-04-01T01:00:00+03:00,-160.0,0.0,1,1,0,0,0.0
3,half_of_maximum,2022-05-02T01:00:00+03:00,9019.5,11264.5,9,9,3,19,0.0
3,half_of_maximum,2022-06-01T01:00:00+03:00,8949.5,11264.5,9,9,3,19,0.0
3,half_of_maximum,2022-07-01T01:00:00+03:00,8609.5,11264.5,12,9,3,19,2346.25
3,half_of_maximum,2022-08-01T01:00:00+03:00,-160.0,0.0,1,1,0,0,0.0
3,half_of_maximum,2022-09-01T01:00:00+03:00,-195.0,0.0,1,1,0,0,0.0
3,half_of_maximum,2022-10-03T01:00:00+03:00,-160.0,0.0,1,1,0,0,0.0
3,half_of_maximum,2022-11-01T01:00:00+02:00,12076.69,14341.69,10,8,3,24,-191.8
3,half_of_maximum,2022-12-01T01:00:00+02:00,12076.69,14341.69,10,8,3,24,1915.2
3,half_of_maximum,2023-01-03T01:00:00+02:00,-265.0,0.0,1,1,0,0,0.0
3,half_of_maximum,2023-02-01T01:00:00+02:00,-230.0,0.0,1,1,0,0,0.0
3,half_of_maximum,2023-03-01T01:00:00+02:00,17451.69,19841.69,11,8,3,33,5042.5
3,half_of_maximum,2023-04-03T01:00:00+03:00,-160.0,0.0,1,1,0,0,0.0
3,half_of_maximum,2023-05-01T01:00:00+03:00,-195.0,0.0,1,1,0,0,0.0
3,half_of_maximum,2023-06-01T01:00:00+03:00,-160.0,0.0,1,1,0,0,0.0
3,half_of_maximum,2023-07-03T01:00:00+03:00,-160.0,0.0,1,1,0,0,0.0
3,half_of_maximum,2023-08-01T01:00:00+03:00,21066.36,23736.36,11,11,4,36,0.0
3,half_of_maximum,2023-09-01T01:00:00+03:00,16965.38,20115.38,14,11,2,32,785.75
3,half_of_maximum,2023-10-02T01:00:00+03:00,20650.76,23730.76,14,11,4,36,9.75
3,half_of_maximum,2023-11-01T01:00:00+02:00,22185.76,25230.76,14,11,4,39,5392.8
3,half_of_maximum,2023-12-01T01:00:00+02:00,25814.22,28824.22,14,11,4,45,3504.09
3,half_of_maximum,2024-01-02T01:00:00+02:00,20394.41,23614.41,14,14,3,39,0.0
3,half_of_maximum,2024-02-01T01:00:00+02:00,19883.84,23138.84,14,14,3,38,0.0
3,half_of_maximum,2024-03-01T01:00:00+02:00,-195.0,0.0,1,1,0,0,0.0
3,half_of_maximum,2024-04-01T01:00:00+03:00,-160.0,0.0,1,1,0,0,0.0
3,half_of_maximum,2024-05-01T01:00:00+03:00,9177.56,13177.56,18,16,6,23,375.0
3,half_of_maximum,2024-06-03T01:00:00+03:00,11843.46,15953.46,20,17,6,28,7997.95
3,half_of_maximum,2024-07-01T01:00:00+03:00,-160.0,0.0,1,1,0,0,0.0
3,maximum_always,2020-01-02T01:00:00+02:00,-195.0,0.0,1,1,0,0,0.0
3,maximum_always,2020-02-03T01:00:00+02:00,-140.15,1449.85,6,6,2,2,0.0
3,maximum_always,2020-03-02T01:00:00+02:00,-160.0,0.0,1,1,0,0,0.0
3,maximum_always,2020-04-01T01:00:00+03:00,-183.7,2031.3,11,11,4,3,0.0
3,maximum_always,2020-05-01T01:00:00+03:00,-148.7,2031.3,11,11,4,3,0.0
3,maximum_always,2020-06-01T01:00:00+03:00,-230.0,0.0,1,1,0,0,0.0
3,maximum_always,2020-07-01T01:00:00+03:00,-195.0,0.0,1,1,0,0,0.0
3,maximum_always,2020-08-03T01:00:00+03:00,-160.0,0.0,1,1,0,0,0.0
3,maximum_always,2020-09-01T01:00:00+03:00,-230.0,0.0,1,1,0,0,0.0
3,maximum_always,2020-10-01T01:00:00+03:00,-195.0,0.0,1,1,0,0,0.0
3,maximum_always,2020-11-02T01:00:00+02:00,-160.0,0.0,1,1,0,0,0.0
3,maximum_always,2020-12-01T01:00:00+02:00,-195.0,0.0,1,1,0,0,0.0
3,maximum_always,2021-01-04T01:00:00+02:00,-160.0,0.0,1,1,0,0,0.0
3,maximum_always,2021-02-01T01:00:00+02:00,-160.0,0.0,1,1,0,0,0.0
3,maximum_always,2021-03-01T01:00:00+02:00,-195.0,0.0,1,1,0,0,0.0
3,maximum_always,2021-04-01T01:00:00+03:00,-160.0,0.0,1,1,0,0,0.0
3,maximum_always,2021-05-03T01:00:00+03:00,3718.8,7383.8,17,14,4,11,-1181.4
3,maximum_always,2021-06-01T01:00:00+03:00,3753.8,7383.8,17,14,4,11,-1816.95
3,maximum_always,2021-07-01T01:00:00+03:00,3788.8,7383.8,17,14,4,11,721.2
3,maximum_always,2021-08-02T01:00:00+03:00,-195.0,0.0,1,1,0,0,0.0
3,maximum_always,2021-09-01T01:00:00+03:00,-160.0,0.0,1,1,0,0,0.0
3,maximum_always,2021-10-01T01:00:00+03:00,-96.9,2153.1,11,11,3,3,0.0
3,maximum_always,2021-11-01T01:00:00+02:00,-160.0,0.0,1,1,0,0,0.0
3,maximum_always,2021-12-01T01:00:00+02:00,-223.1,641.9,3,3,0,1,0.0
3,maximum_always,2022-01-03T01:00:00+02:00,-172.35,517.65,3,3,0,1,0.0
3,maximum_always,2022-02-01T01:00:00+02:00,-137.35,517.65,3,3,0,1,0.0
3,maximum_always,2022-03-01T01:00:00+02:00,-195.0,0.0,1,1,0,0,0.0
3,maximum_always,2022-04-01T01:00:00+03:00,-160.0,0.0,1,1,0,0,0.0
3,maximum_always,2022-05-02T01:00:00+03:00,10344.95,12589.95,9,9,3,15,0.0
3,maximum_always,2022-06-01T01:00:00+03:00,10274.95,12589.95,9,9,3,15,0.0
3,maximum_always,2022-07-01T01:00:00+03:00,9934.95,12589.95,12,9,3,15,3239.7
3,maximum_always,2022-08-01T01:00:00+03:00,-160.0,0.0,1,1,0,0,0.0
3,maximum_always,2022-09-01T01:00:00+03:00,-195.0,0.0,1,1,0,0,0.0
3,maximum_always,2022-10-03T01:00:00+03:00,-160.0,0.0,1,1,0,0,0.0
3,maximum_always,2022-11-01T01:00:00+02:00,14233.05,16748.05,12,9,3,20,698.05
3,maximum_always,2022-12-01T01:00:00+02:00,14781.05,17261.05,12,9,3,21,3345.55
3,maximum_always,2023-01-03T01:00:00+02:00,-265.0,0.0,1,1,0,0,0.0
3,maximum_always,2023-02-01T01:00:00+02:00,-230.0,0.0,1,1,0,0,0.0
3,maximum_always,2023-03-01T01:00:00+02:00,21318.9,24173.9,15,12,4,30,2907.1
3,maximum_always,2023-04-03T01:00:00+03:00,-160.0,0.0,1,1,0,0,0.0
3,maximum_always,2023-05-01T01:00:00+03:00,-195.0,0.0,1,1,0,0,0.0
3,maximum_always,2023-06-01T01:00:00+03:00,-160.0,0.0,1,1,0,0,0.0
3,maximum_always,2023-07-03T01:00:00+03:00,-160.0,0.0,1,1,0,0,0.0
3,maximum_always,2023-08-01T01:00:00+03:00,15688.15,18483.15,12,12,4,24,0.0
3,maximum_always,2023-09-01T01:00:00+03:00,18098.0,21533.0,16,13,4,26,883.65
3,maximum_always,2023-10-02T01:00:00+03:00,15200.0,18405.0,15,12,4,24,9.75
3,maximum_always,2023-11-01T01:00:00+02:00,16900.9,20070.9,15,12,4,27,5226.9
3,maximum_always,2023-12-01T01:00:00+02:00,22180.65,25420.65,15,15,5,33,0.0
3,maximum_always,2024-01-02T01:00:00+02:00,21170.35,24530.35,14,14,5,30,0.0
3,maximum_always,2024-02-01T01:00:00+02:00,22852.1,26232.1,15,15,5,33,0.0
3,maximum_always,2024-03-01T01:00:00+02:00,-195.0,0.0,1,1,0,0,0.0
3,maximum_always,2024-04-01T01:00:00+03:00,-160.0,0.0,1,1,0,0,0.0
3,maximum_always,2024-05-01T01:00:00+03:00,13639.7,16889.7,12,12,4,22,0.0
3,maximum_always,2024-06-03T01:00:00+03:00,-141.5,688.5,3,3,1,1,0.0
3,maximum_always,2024-07-01T01:00:00+03:00,-160.0,0.0,1,1,0,0,0.0
3,minimum_500_always,2020-01-02T01:00:00+02:00,-195.0,0.0,1,1,0,0,0.0
3,minimum_500_always,2020-02-03T01:00:00+02:00,-230.0,2000.0,10,10,3,4,0.0
3,minimum_500_always,2020-03-02T01:00:00+02:00,-160.0,0.0,1,1,0,0,0.0
3,minimum_500_always,2020-04-01T01:00:00+03:00,-160.0,2000.0,10,10,3,4,0.0
3,minimum_500_always,2020-05-01T01:00:00+03:00,-125.0,2000.0,10,10,3,4,0.0
3,minimum_500_always,2020-06-01T01:00:00+03:00,-230.0,0.0,1,1,0,0,0.0
3,minimum_500_always,2020-07-01T01:00:00+03:00,-195.0,0.0,1,1,0,0,0.0
3,minimum_500_always,2020-08-03T01:00:00+03:00,-160.0,0.0,1,1,0,0,0.0
3,minimum_500_always,2020-09-01T01:00:00+03:00,-230.0,0.0,1,1,0,0,0.0
3,minimum_500_always,2020-10-01T01:00:00+03:00,-195.0,0.0,1,1,0,0,0.0
3,minimum_500_always,2020-11-02T01:00:00+02:00,-160.0,0.0,1,1,0,0,0.0
3,minimum_500_always,2020-12-01T01:00:00+02:00,-195.0,0.0,1,1,0,0,0.0
3,minimum_500_always,2021-01-04T01:00:00+02:00,-160.0,0.0,1,1,0,0,0.0
3,minimum_500_always,2021-02-01T01:00:00+02:00,-160.0,0.0,1,1,0,0,0.0
3,minimum_500_always,2021-03-01T01:00:00+02:00,-195.0,0.0,1,1,0,0,0.0
3,minimum_500_always,2021-04-01T01:00:00+03:00,-160.0,0.0,1,1,0,0,0.0
3,minimum_500_always,2021-05-03T01:00:00+03:00,-135.0,500.0,2,2,0,1,0.0
3,minimum_500_always,2021-06-01T01:00:00+03:00,-100.0,500.0,2,2,0,1,0.0
3,minimum_500_always,2021-07-01T01:00:00+03:00,-65.0,500.0,2,2,0,1,0.0
3,minimum_500_always,2021-08-02T01:00:00+03:00,-195.0,0.0,1,1,0,0,0.0
3,minimum_500_always,2021-09-01T01:00:00+03:00,-160.0,0.0,1,1,0,0,0.0
3,minimum_500_always,2021-10-01T01:00:00+03:00,9575.0,13000.0,19,16,5,26,3375.3
3,minimum_500_always,2021-11-01T01:00:00+02:00,-160.0,0.0,1,1,0,0,0.0
3,minimum_500_always,2021-12-01T01:00:00+02:00,-205.0,500.0,2,2,0,1,0.0
3,minimum_500_always,2022-01-03T01:00:00+02:00,-190.0,500.0,3,3,0,1,0.0
3,minimum_500_always,2022-02-01T01:00:00+02:00,-155.0,500.0,3,3,0,1,0.0
3,minimum_500_always,2022-03-01T01:00:00+02:00,-195.0,0.0,1,1,0,0,0.0
3,minimum_500_always,2022-04-01T01:00:00+03:00,-160.0,0.0,1,1,0,0,0.0
3,minimum_500_always,2022-05-02T01:00:00+03:00,9770.0,12000.0,10,10,3,24,0.0
3,minimum_500_always,2022-06-01T01:00:00+03:00,9430.0,12000.0,13,10,3,24,2350.8
3,minimum_500_always,2022-07-01T01:00:00+03:00,11465.0,14000.0,13,10,3,28,4065.7
3,minimum_500_always,2022-08-01T01:00:00+03:00,-160.0,0.0,1,1,0,0,0.0
3,minimum_500_always,2022-09-01T01:00:00+03:00,-195.0,0.0,1,1,0,0,0.0
3,minimum_500_always,2022-10-03T01:00:00+03:00,-160.0,0.0,1,1,0,0,0.0
3,minimum_500_always,2022-11-01T01:00:00+02:00,17390.0,19500.0,11,8,3,39,4259.0
3,minimum_500_always,2022-12-01T01:00:00+02:00,19925.0,22000.0,11,8,3,44,4919.5
3,minimum_500_always,2023-01-03T01:00:00+02:00,-265.0,0.0,1,1,0,0,0.0
3,minimum_500_always,2023-02-01T01:00:00+02:00,-230.0,0.0,1,1,0,0,0.0
3,minimum_500_always,2023-03-01T01:00:00+02:00,27530.0,29500.0,11,8,3,59,7687.9
3,minimum_500_always,2023-04-03T01:00:00+03:00,-160.0,0.0,1,1,0,0,0.0
3,minimum_500_always,2023-05-01T01:00:00+03:00,-195.0,0.0,1,1,0,0,0.0
3,minimum_500_always,2023-06-01T01:00:00+03:00,-160.0,0.0,1,1,0,0,0.0
3,minimum_500_always,2023-07-03T01:00:00+03:00,-160.0,0.0,1,1,0,0,0.0
3,minimum_500_always,2023-08-01T01:00:00+03:00,23730.0,26000.0,12,9,3,52,3405.9
3,minimum_500_always,2023-09-01T01:00:00+03:00,24340.0,27000.0,14,11,4,54,759.3
3,minimum_500_always,2023-10-02T01:00:00+03:00,23320.0,26000.0,15,12,4,52,-114.6
3,minimum_500_always,2023-11-01T01:00:00+02:00,24855.0,27500.0,15,12,4,55,5268.45
3,minimum_500_always,2023-12-01T01:00:00+02:00,27890.0,30500.0,15,12,4,61,3973.2
3,minimum_500_always,2024-01-02T01:00:00+02:00,27180.0,30000.0,15,14,5,60,754.4
3,minimum_500_always,2024-02-01T01:00:00+02:00,26520.0,29500.0,16,15,5,59,381.9
3,minimum_500_always,2024-03-01T01:00:00+02:00,-195.0,0.0,1,1,0,0,0.0
3,minimum_500_always,2024-04-01T01:00:00+03:00,-160.0,0.0,1,1,0,0,0.0
3,minimum_500_always,2024-05-01T01:00:00+03:00,14010.0,17500.0,17,16,5,35,187.5
3,minimum_500_always,2024-06-03T01:00:00+03:00,9140.0,13000.0,18,15,5,26,4411.35
3,minimum_500_always,2024-07-01T01:00:00+03:00,-160.0,0.0,1,1,0,0,0.0
3,preserve_safety_net,2020-01-02T01:00:00+02:00,-195.0,0.0,1,1,0,0,0.0
3,preserve_safety_net,2020-02-03T01:00:00+02:00,-197.4,1162.6,5,5,2,2,0.0
3,preserve_safety_net,2020-03-02T01:00:00+02:00,-160.0,0.0,1,1,0,0,0.0
3,preserve_safety_net,2020-04-01T01:00:00+03:00,-80.45,1209.55,5,5,2,2,0.0
3,preserve_safety_net,2020-05-01T01:00:00+03:00,-45.45,1209.55,5,5,2,2,0.0
3,preserve_safety_net,2020-06-01T01:00:00+03:00,-230.0,0.0,1,1,0,0,0.0
3,preserve_safety_net,2020-07-01T01:00:00+03:00,-195.0,0.0,1,1,0,0,0.0
3,preserve_safety_net,2020-08-03T01:00:00+03:00,-160.0,0.0,1,1,0,0,0.0
3,preserve_safety_net,2020-09-01T01:00:00+03:00,-230.0,0.0,1,1,0,0,0.0
3,preserve_safety_net,2020-10-01T01:00:00+03:00,-195.0,0.0,1,1,0,0,0.0
3,preserve_safety_net,2020-11-02T01:00:00+02:00,-160.0,0.0,1,1,0,0,0.0
3,preserve_safety_net,2020-12-01T01:00:00+02:00,-195.0,0.0,1,1,0,0,0.0
3,preserve_safety_net,2021-01-04T01:00:00+02:00,-160.0,0.0,1,1,0,0,0.0
3,preserve_safety_net,2021-02-01T01:00:00+02:00,-160.0,0.0,1,1,0,0,0.0
3,preserve_safety_net,2021-03-01T01:00:00+02:00,-195.0,0.0,1,1,0,0,0.0
3,preserve_safety_net,2021-04-01T01:00:00+03:00,-160.0,0.0,1,1,0,0,0.0
3,preserve_safety_net,2021-05-03T01:00:00+03:00,-230.0,0.0,1,1,0,0,0.0
3,preserve_safety_net,2021-06-01T01:00:00+03:00,-195.0,0.0,1,1,0,0,0.0
3,preserve_safety_net,2021-07-01T01:00:00+03:00,-160.0,0.0,1,1,0,0,0.0
3,preserve_safety_net,2021-08-02T01:00:00+03:00,-195.0,0.0,1,1,0,0,0.0
3,preserve_safety_net,2021-09-01T01:00:00+03:00,-160.0,0.0,1,1,0,0,0.0
3,preserve_safety_net,2021-10-01T01:00:00+03:00,-160.0,0.0,1,1,0,0,0.0
3,preserve_safety_net,2021-11-01T01:00:00+02:00,-160.0,0.0,1,1,0,0,0.0
3,preserve_safety_net,2021-12-01T01:00:00+02:00,-199.45,705.55,5,5,2,1,0.0
3,preserve_safety_net,2022-01-03T01:00:00+02:00,-185.85,559.15,4,4,1,1,0.0
3,preserve_safety_net,2022-02-01T01:00:00+02:00,-150.85,559.15,4,4,1,1,0.0
3,preserve_safety_net,2022-03-01T01:00:00+02:00,-195.0,0.0,1,1,0,0,0.0
3,preserve_safety_net,2022-04-01T01:00:00+03:00,-160.0,0.0,1,1,0,0,0.0
3,preserve_safety_net,2022-05-02T01:00:00+03:00,8635.7,10760.7,10,7,2,19,1564.8
3,preserve_safety_net,2022-06-01T01:00:00+03:00,8670.7,10760.7,10,7,2,19,5395.05
3,preserve_safety_net,2022-07-01T01:00:00+03:00,12429.45,14484.45,10,7,2,25,5386.2
3,preserve_safety_net,2022-08-01T01:00:00+03:00,-160.0,0.0,1,1,0,0,0.0
3,preserve_safety_net,2022-09-01T01:00:00+03:00,-195.0,0.0,1,1,0,0,0.0
3,preserve_safety_net,2022-10-03T01:00:00+03:00,-160.0,0.0,1,1,0,0,0.0
3,preserve_safety_net,2022-11-01T01:00:00+02:00,20025.45,21710.45,9,6,2,32,4304.25
3,preserve_safety_net,2022-12-01T01:00:00+02:00,21653.45,23303.45,9,6,2,35,5871.75
3,preserve_safety_net,2023-01-03T01:00:00+02:00,-265.0,0.0,1,1,0,0,0.0
3,preserve_safety_net,2023-02-01T01:00:00+02:00,-230.0,0.0,1,1,0,0,0.0
3,preserve_safety_net,2023-03-01T01:00:00+02:00,32006.3,33551.3,9,6,2,47,5892.3
3,preserve_safety_net,2023-04-03T01:00:00+03:00,-160.0,0.0,1,1,0,0,0.0
3,preserve_safety_net,2023-05-01T01:00:00+03:00,-195.0,0.0,1,1,0,0,0.0
3,preserve_safety_net,2023-06-01T01:00:00+03:00,-160.0,0.0,1,1,0,0,0.0
3,preserve_safety_net,2023-07-03T01:00:00+03:00,-160.0,0.0,1,1,0,0,0.0
3,preserve_safety_net,2023-08-01T01:00:00+03:00,20278.2,22363.2,8,8,3,30,0.0
3,preserve_safety_net,2023-09-01T01:00:00+03:00,24527.8,27042.8,12,9,3,34,883.65
3,preserve_safety_net,2023-10-02T01:00:00+03:00,19790.05,22285.05,11,8,3,30,9.75
3,preserve_safety_net,2023-11-01T01:00:00+02:00,21427.95,23887.95,11,8,3,33,5289.9
3,preserve_safety_net,2023-12-01T01:00:00+02:00,23306.45,25731.45,11,8,3,36,5151.15
3,preserve_safety_net,2024-01-02T01:00:00+02:00,21298.65,23883.65,12,9,3,32,4602.45
3,preserve_safety_net,2024-02-01T01:00:00+02:00,25334.35,27369.35,9,6,1,37,5212.2
3,preserve_safety_net,2024-03-01T01:00:00+02:00,-195.0,0.0,1,1,0,0,0.0
3,preserve_safety_net,2024-04-01T01:00:00+03:00,-160.0,0.0,1,1,0,0,0.0
3,preserve_safety_net,2024-05-01T01:00:00+03:00,16919.75,19819.75,12,12,4,27,0.0
3,preserve_safety_net,2024-06-03T01:00:00+03:00,20893.25,23543.25,10,10,3,32,0.0
3,preserve_safety_net,2024-07-01T01:00:00+03:00,-160.0,0.0,1,1,0,0,0.0
3,rush_to_uncapped,2020-01-02T01:00:00+02:00,-195.0,0.0,1,1,0,0,0.0
3,rush_to_uncapped,2020-02-03T01:00:00+02:00,-230.0,2000.0,10,10,3,4,0.0
3,rush_to_uncapped,2020-03-02T01:00:00+02:00,-160.0,0.0,1,1,0,0,0.0
3,rush_to_uncapped,2020-04-01T01:00:00+03:00,-160.0,2000.0,10,10,3,4,0.0
3,rush_to_uncapped,2020-05-01T01:00:00+03:00,-125.0,2000.0,10,10,3,4,0.0
3,rush_to_uncapped,2020-06-01T01:00:00+03:00,-230.0,0.0,1,1,0,0,0.0
3,rush_to_uncapped,2020-07-01T01:00:00+03:00,-195.0,0.0,1,1,0,0,0.0
3,rush_to_uncapped,2020-08-03T01:00:00+03:00,-160.0,0.0,1,1,0,0,0.0
3,rush_to_uncapped,2020-09-01T01:00:00+03:00,-230.0,0.0,1,1,0,0,0.0
3,rush_to_uncapped,2020-10-01T01:00:00+03:00,-195.0,0.0,1,1,0,0,0.0
3,rush_to_uncapped,2020-11-02T01:00:00+02:00,-160.0,0.0,1,1,0,0,0.0
3,rush_to_uncapped,2020-12-01T01:00:00+02:00,-195.0,0.0,1,1,0,0,0.0
3,rush_to_uncapped,2021-01-04T01:00:00+02:00,-160.0,0.0,1,1,0,0,0.0
3,rush_to_uncapped,2021-02-01T01:00:00+02:00,-160.0,0.0,1,1,0,0,0.0
3,rush_to_uncapped,2021-03-01T01:00:00+02:00,-195.0,0.0,1,1,0,0,0.0
3,rush_to_uncapped,2021-04-01T01:00:00+03:00,-160.0,0.0,1,1,0,0,0.0
3,rush_to_uncapped,2021-05-03T01:00:00+03:00,-135.0,500.0,2,2,0,1,0.0
3,rush_to_uncapped,2021-06-01T01:00:00+03:00,-100.0,500.0,2,2,0,1,0.0
3,rush_to_uncapped,2021-07-01T01:00:00+03:00,-65.0,500.0,2,2,0,1,0.0
3,rush_to_uncapped,2021-08-02T01:00:00+03:00,-195.0,0.0,1,1,0,0,0.0
3,rush_to_uncapped,2021-09-01T01:00:00+03:00,-160.0,0.0,1,1,0,0,0.0
3,rush_to_uncapped,2021-10-01T01:00:00+03:00,9575.0,13000.0,19,16,5,26,3375.3
3,rush_to_uncapped,2021-11-01T01:00:00+02:00,-160.0,0.0,1,1,0,0,0.0
3,rush_to_uncapped,2021-12-01T01:00:00+02:00,-205.0,500.0,2,2,0,1,0.0
3,rush_to_uncapped,2022-01-03T01:00:00+02:00,-190.0,500.0,3,3,0,1,0.0
3,rush_to_uncapped,2022-02-01T01:00:00+02:00,-155.0,500.0,3,3,0,1,0.0
3,rush_to_uncapped,2022-03-01T01:00:00+02:00,-195.0,0.0,1,1,0,0,0.0
3,rush_to_uncapped,2022-04-01T01:00:00+03:00,-160.0,0.0,1,1,0,0,0.0
3,rush_to_uncapped,2022-05-02T01:00:00+03:00,9770.0,12000.0,10,10,3,24,0.0
3,rush_to_uncapped,2022-06-01T01:00:00+03:00,9430.0,12000.0,13,10,3,24,2350.8
3,rush_to_uncapped,2022-07-01T01:00:00+03:00,11465.0,14000.0,13,10,3,28,4065.7
3,rush_to_uncapped,2022-08-01T01:00:00+03:00,-160.0,0.0,1,1,0,0,0.0
3,rush_to_uncapped,2022-09-01T01:00:00+03:00,-195.0,0.0,1,1,0,0,0.0
3,rush_to_uncapped,2022-10-03T01:00:00+03:00,-160.0,0.0,1,1,0,0,0.0
3,rush_to_uncapped,2022-11-01T01:00:00+02:00,15297.44,17637.44,12,9,3,33,2978.45
3,rush_to_uncapped,2022-12-01T01:00:00+02:00,20390.82,22765.82,12,11,4,37,944.15
3,rush_to_uncapped,2023-01-03T01:00:00+02:00,-265.0,0.0,1,1,0,0,0.0
3,rush_to_uncapped,2023-02-01T01:00:00+02:00,-230.0,0.0,1,1,0,0,0.0
3,rush_to_uncapped,2023-03-01T01:00:00+02:00,24175.82,26765.82,14,11,4,45,6539.65
3,rush_to_uncapped,2023-04-03T01:00:00+03:00,-160.0,0.0,1,1,0,0,0.0
3,rush_to_uncapped,2023-05-01T01:00:00+03:00,-195.0,0.0,1,1,0,0,0.0
3,rush_to_uncapped,2023-06-01T01:00:00+03:00,-160.0,0.0,1,1,0,0,0.0
3,rush_to_uncapped,2023-07-03T01:00:00+03:00,-160.0,0.0,1,1,0,0,0.0
3,rush_to_uncapped,2023-08-01T01:00:00+03:00,21781.17,24541.17,12,12,4,41,0.0
3,rush_to_uncapped,2023-09-01T01:00:00+03:00,16723.82,20048.82,14,11,4,33,955.1
3,rush_to_uncapped,2023-10-02T01:00:00+03:00,21371.17,24541.17,15,12,4,41,81.2
3,rush_to_uncapped,2023-11-01T01:00:00+02:00,22906.17,26041.17,15,12,4,44,5464.25
3,rush_to_uncapped,2023-12-01T01:00:00+02:00,25941.17,29041.17,15,12,4,50,4169.0
3,rush_to_uncapped,2024-01-02T01:00:00+02:00,25231.17,28541.17,15,14,5,49,754.4
3,rush_to_uncapped,2024-02-01T01:00:00+02:00,23210.47,26715.47,16,15,5,46,381.9
3,rush_to_uncapped,2024-03-01T01:00:00+02:00,-195.0,0.0,1,1,0,0,0.0
3,rush_to_uncapped,2024-04-01T01:00:00+03:00,-160.0,0.0,1,1,0,0,0.0
3,rush_to_uncapped,2024-05-01T01:00:00+03:00,13211.89,16876.89,17,16,5,31,187.5
3,rush_to_uncapped,2024-06-03T01:00:00+03:00,9140.0,13000.0,18,15,5,26,4411.35
3,rush_to_uncapped,2024-07-01T01:00:00+03:00,-160.0,0.0,1,1,0,0,0.0
4,cap_maximizer,2020-01-02T01:00:00+02:00,-195.0,0.0,1,1,0,0,0.0
4,cap_maximizer,2020-02-03T01:00:00+02:00,-250.0,1500.0,7,7,1,1,0.0
4,cap_maximizer,2020-03-02T01:00:00+02:00,-160.0,0.0,1,1,0,0,0.0
4,cap_maximizer,2020-04-01T01:00:00+03:00,-180.0,1500.0,7,7,1,1,0.0
4,cap_maximizer,2020-05-01T01:00:00+03:00,-145.0,1500.0,7,7,1,1,0.0
4,cap_maximizer,2020-06-01T01:00:00+03:00,-230.0,0.0,1,1,0,0,0.0
4,cap_maximizer,2020-07-01T01:00:00+03:00,-195.0,0.0,1,1,0,0,0.0
4,cap_maximizer,2020-08-03T01:00:00+03:00,-160.0,0.0,1,1,0,0,0.0
4,cap_maximizer,2020-09-01T01:00:00+03:00,-230.0,0.0,1,1,0,0,0.0
4,cap_maximizer,2020-10-01T01:00:00+03:00,-195.0,0.0,1,1,0,0,0.0
4,cap_maximizer,2020-11-02T01:00:00+02:00,-160.0,0.0,1,1,0,0,0.0
4,cap_maximizer,2020-12-01T01:00:00+02:00,-195.0,0.0,1,1,0,0,0.0
4,cap_maximizer,2021-01-04T01:00:00+02:00,-160.0,0.0,1,1,0,0,0.0
4,cap_maximizer,2021-02-01T01:00:00+02:00,-160.0,0.0,1,1,0,0,0.0
4,cap_maximizer,2021-03-01T01:00:00+02:00,-195.0,0.0,1,1,0,0,0.0
4,cap_maximizer,2021-04-01T01:00:00+03:00,-160.0,0.0,1,1,0,0,0.0
4,cap_maximizer,2021-05-03T01:00:00+03:00,-230.0,0.0,1,1,0,0,0.0
4,cap_maximizer,2021-06-01T01:00:00+03:00,-195.0,0.0,1,1,0,0,0.0
4,cap_maximizer,2021-07-01T01:00:00+03:00,-160.0,0.0,1,1,0,0,0.0
4,cap_maximizer,2021-08-02T01:00:00+03:00,-195.0,0.0,1,1,0,0,0.0
4,cap_maximizer,2021-09-01T01:00:00+03:00,-160.0,0.0,1,1,0,0,0.0
4,cap_maximizer,2021-10-01T01:00:00+03:00,-160.0,0.0,1,1,0,0,0.0
4,cap_maximizer,2021-11-01T01:00:00+02:00,-160.0,0.0,1,1,0,0,0.0
4,cap_maximizer,2021-12-01T01:00:00+02:00,11230.0,13500.0,12,8,2,9,4202.4
4,cap_maximizer,2022-01-03T01:00:00+02:00,10000.0,12000.0,9,5,1,8,2357.55
4,cap_maximizer,2022-02-01T01:00:00+02:00,11535.0,13500.0,9,5,1,9,5838.75
4,cap_maximizer,2022-03-01T01:00:00+02:00,-195.0,0.0,1,1,0,0,0.0
4,cap_maximizer,2022-04-01T01:00:00+03:00,-160.0,0.0,1,1,0,0,0.0
4,cap_maximizer,2022-05-02T01:00:00+03:00,9295.0,12000.0,11,8,2,8,3847.95
4,cap_maximizer,2022-06-01T01:00:00+03:00,9295.0,12000.0,11,8,2,8,7678.2
4,cap_maximizer,2022-07-01T01:00:00+03:00,13705.0,16500.0,12,8,2,11,7606.55
4,cap_maximizer,2022-08-01T01:00:00+03:00,-160.0,0.0,1,1,0,0,0.0
4,cap_maximizer,2022-09-01T01:00:00+03:00,-195.0,0.0,1,1,0,0,0.0
4,cap_maximizer,2022-10-03T01:00:00+03:00,-160.0,0.0,1,1,0,0,0.0
4,cap_maximizer,2022-11-01T01:00:00+02:00,18595.0,21000.0,10,7,2,14,3226.25
4,cap_maximizer,2022-12-01T01:00:00+02:00,20095.0,22500.0,10,7,2,15,4886.75
4,cap_maximizer,2023-01-03T01:00:00+02:00,-265.0,0.0,1,1,0,0,0.0
4,cap_maximizer,2023-02-01T01:00:00+02:00,-230.0,0.0,1,1,0,0,0.0
4,cap_maximizer,2023-03-01T01:00:00+02:00,27275.0,30000.0,12,8,2,20,6505.35
4,cap_maximizer,2023-04-03T01:00:00+03:00,-160.0,0.0,1,1,0,0,0.0
4,cap_maximizer,2023-05-01T01:00:00+03:00,-195.0,0.0,1,1,0,0,0.0
4,cap_maximizer,2023-06-01T01:00:00+03:00,-160.0,0.0,1,1,0,0,0.0
4,cap_maximizer,2023-07-03T01:00:00+03:00,-160.0,0.0,1,1,0,0,0.0
4,cap_maximizer,2023-08-01T01:00:00+03:00,31085.0,34500.0,15,15,4,23,0.0
4,cap_maximizer,2023-09-01T01:00:00+03:00,33425.0,37500.0,20,16,4,25,1178.2
4,cap_maximizer,2023-10-02T01:00:00+03:00,32210.0,36000.0,18,14,4,24,84.45
4,cap_maximizer,2023-11-01T01:00:00+02:00,32245.0,36000.0,18,14,4,24,9261.85
4,cap_maximizer,2023-12-01T01:00:00+02:00,38280.0,42000.0,18,14,4,28,5534.85
4,cap_maximizer,2024-01-02T01:00:00+02:00,24965.0,28500.0,14,14,3,19,0.0
4,cap_maximizer,2024-02-01T01:00:00+02:00,32320.0,36000.0,16,16,5,24,0.0
4,cap_maximizer,2024-03-01T01:00:00+02:00,-195.0,0.0,1,1,0,0,0.0
4,cap_maximizer,2024-04-01T01:00:00+03:00,-160.0,0.0,1,1,0,0,0.0
4,cap_maximizer,2024-05-01T01:00:00+03:00,19670.0,24000.0,17,17,4,16,0.0
4,cap_maximizer,2024-06-03T01:00:00+03:00,21700.0,25500.0,15,12,3,17,5911.35
4,cap_maximizer,2024-07-01T01:00:00+03:00,-160.0,0.0,1,1,0,0,0.0
4,half_of_maximum,2020-01-02T01:00:00+02:00,-195.0,0.0,1,1,0,0,0.0
4,half_of_maximum,2020-02-03T01:00:00+02:00,-250.0,1500.0,7,7,2,3,0.0
4,half_of_maximum,2020-03-02T01:00:00+02:00,-160.0,0.0,1,1,0,0,0.0
4,half_of_maximum,2020-04-01T01:00:00+03:00,-180.0,1500.0,7,7,2,3,0.0
4,half_of_maximum,2020-05-01T01:00:00+03:00,-145.0,1500.0,7,7,2,3,0.0
4,half_of_maximum,2020-06-01T01:00:00+03:00,-230.0,0.0,1,1,0,0,0.0
4,half_of_maximum,2020-07-01T01:00:00+03:00,-195.0,0.0,1,1,0,0,0.0
4,half_of_maximum,2020-08-03T01:00:00+03:00,-160.0,0.0,1,1,0,0,0.0
4,half_of_maximum,2020-09-01T01:00:00+03:00,-230.0,0.0,1,1,0,0,0.0
4,half_of_maximum,2020-10-01T01:00:00+03:00,-195.0,0.0,1,1,0,0,0.0
4,half_of_maximum,2020-11-02T01:00:00+02:00,-160.0,0.0,1,1,0,0,0.0
4,half_of_maximum,2020-12-01T01:00:00+02:00,-195.0,0.0,1,1,0,0,0.0
4,half_of_maximum,2021-01-04T01:00:00+02:00,-160.0,0.0,1,1,0,0,0.0
4,half_of_maximum,2021-02-01T01:00:00+02:00,-160.0,0.0,1,1,0,0,0.0
4,half_of_maximum,2021-03-01T01:00:00+02:00,-195.0,0.0,1,1,0,0,0.0
4,half_of_maximum,2021-04-01T01:00:00+03:00,-160.0,0.0,1,1,0,0,0.0
4,half_of_maximum,2021-05-03T01:00:00+03:00,-205.0,500.0,2,2,0,1,0.0
4,half_of_maximum,2021-06-01T01:00:00+03:00,-170.0,500.0,2,2,0,1,0.0
4,half_of_maximum,2021-07-01T01:00:00+03:00,-135.0,500.0,2,2,0,1,0.0
4,half_of_maximum,2021-08-02T01:00:00+03:00,-195.0,0.0,1,1,0,0,0.0
4,half_of_maximum,2021-09-01T01:00:00+03:00,-160.0,0.0,1,1,0,0,0.0
4,half_of_maximum,2021-10-01T01:00:00+03:00,-135.0,500.0,2,2,0,1,0.0
4,half_of_maximum,2021-11-01T01:00:00+02:00,-160.0,0.0,1,1,0,0,0.0
4,half_of_maximum,2021-12-01T01:00:00+02:00,-205.0,500.0,2,2,0,1,0.0
4,half_of_maximum,2022-01-03T01:00:00+02:00,-190.0,500.0,3,3,0,1,0.0
4,half_of_maximum,2022-02-01T01:00:00+02:00,-155.0,500.0,3,3,0,1,0.0
4,half_of_maximum,2022-03-01T01:00:00+02:00,-195.0,0.0,1,1,0,0,0.0
4,half_of_maximum,2022-04-01T01:00:00+03:00,-160.0,0.0,1,1,0,0,0.0
4,half_of_maximum,2022-05-02T01:00:00+03:00,5294.5,8264.5,12,12,3,15,0.0
4,half_of_maximum,2022-06-01T01:00:00+03:00,4919.5,8264.5,15,12,3,15,2453.5
4,half_of_maximum,2022-07-01T01:00:00+03:00,6329.5,9764.5,16,12,3,18,5475.6
4,half_of_maximum,2022-08-01T01:00:00+03:00,-160.0,0.0,1,1,0,0,0.0
4,half_of_maximum,2022-09-01T01:00:00+03:00,-195.0,0.0,1,1,0,0,0.0
4,half_of_maximum,2022-10-03T01:00:00+03:00,-160.0,0.0,1,1,0,0,0.0
4,half_of_maximum,2022-11-01T01:00:00+02:00,15261.69,18341.69,14,11,3,31,-301.15
4,half_of_maximum,2022-12-01T01:00:00+02:00,15261.69,18341.69,14,11,3,31,2859.35
4,half_of_maximum,2023-01-03T01:00:00+02:00,-265.0,0.0,1,1,0,0,0.0
4,half_of_maximum,2023-02-01T01:00:00+02:00,-230.0,0.0,1,1,0,0,0.0
4,half_of_maximum,2023-03-01T01:00:00+02:00,23136.69,26341.69,15,11,3,44,6909.45
4,half_of_maximum,2023-04-03T01:00:00+03:00,-160.0,0.0,1,1,0,0,0.0
4,half_of_maximum,2023-05-01T01:00:00+03:00,-195.0,0.0,1,1,0,0,0.0
4,half_of_maximum,2023-06-01T01:00:00+03:00,-160.0,0.0,1,1,0,0,0.0
4,half_of_maximum,2023-07-03T01:00:00+03:00,-160.0,0.0,1,1,0,0,0.0
4,half_of_maximum,2023-08-01T01:00:00+03:00,27361.96,30846.96,15,15,5,48,0.0
4,half_of_maximum,2023-09-01T01:00:00+03:00,25007.76,29202.76,19,15,5,45,1080.3
4,half_of_maximum,2023-10-02T01:00:00+03:00,26786.36,30841.36,19,15,5,48,13.0
4,half_of_maximum,2023-11-01T01:00:00+02:00,28821.36,32841.36,19,15,5,52,7190.4
4,half_of_maximum,2023-12-01T01:00:00+02:00,33647.64,37632.64,19,15,5,60,4672.12
4,half_of_maximum,2024-01-02T01:00:00+02:00,30099.61,34399.61,19,19,6,55,0.0
4,half_of_maximum,2024-02-01T01:00:00+02:00,25909.59,30244.59,19,19,4,50,0.0
4,half_of_maximum,2024-03-01T01:00:00+02:00,-195.0,0.0,1,1,0,0,0.0
4,half_of_maximum,2024-04-01T01:00:00+03:00,-160.0,0.0,1,1,0,0,0.0
4,half_of_maximum,2024-05-01T01:00:00+03:00,12813.97,17928.97,23,21,7,31,375.0
4,half_of_maximum,2024-06-03T01:00:00+03:00,-60.0,1000.0,4,4,1,2,0.0
4,half_of_maximum,2024-07-01T01:00:00+03:00,-160.0,0.0,1,1,0,0,0.0
4,maximum_always,2020-01-02T01:00:00+02:00,-195.0,0.0,1,1,0,0,0.0
4,maximum_always,2020-02-03T01:00:00+02:00,-230.15,1449.85,7,7,2,2,0.0
4,maximum_always,2020-03-02T01:00:00+02:00,-160.0,0.0,1,1,0,0,0.0
4,maximum_always,2020-04-01T01:00:00+03:00,-183.2,1496.8,7,7,2,2,0.0
4,maximum_always,2020-05-01T01:00:00+03:00,-148.2,1496.8,7,7,2,2,0.0
4,maximum_always,2020-06-01T01:00:00+03:00,-230.0,0.0,1,1,0,0,0.0
4,maximum_always,2020-07-01T01:00:00+03:00,-195.0,0.0,1,1,0,0,0.0
4,maximum_always,2020-08-03T01:00:00+03:00,-160.0,0.0,1,1,0,0,0.0
4,maximum_always,2020-09-01T01:00:00+03:00,-230.0,0.0,1,1,0,0,0.0
4,maximum_always,2020-10-01T01:00:00+03:00,-195.0,0.0,1,1,0,0,0.0
4,maximum_always,2020-11-02T01:00:00+02:00,-160.0,0.0,1,1,0,0,0.0
4,maximum_always,2020-12-01T01:00:00+02:00,-195.0,0.0,1,1,0,0,0.0
4,maximum_always,2021-01-04T01:00:00+02:00,-160.0,0.0,1,1,0,0,0.0
4,maximum_always,2021-02-01T01:00:00+02:00,-160.0,0.0,1,1,0,0,0.0
4,maximum_always,2021-03-01T01:00:00+02:00,-195.0,0.0,1,1,0,0,0.0
4,maximum_always,2021-04-01T01:00:00+03:00,-160.0,0.0,1,1,0,0,0.0
4,maximum_always,2021-05-03T01:00:00+03:00,3671.75,8486.75,22,18,4,13,-1575.2
4,maximum_always,2021-06-01T01:00:00+03:00,3706.75,8486.75,22,18,4,13,-2422.6
4,maximum_always,2021-07-01T01:00:00+03:00,3741.75,8486.75,22,18,4,13,961.6
4,maximum_always,2021-08-02T01:00:00+03:00,-195.0,0.0,1,1,0,0,0.0
4,maximum_always,2021-09-01T01:00:00+03:00,-160.0,0.0,1,1,0,0,0.0
4,maximum_always,2021-10-01T01:00:00+03:00,-134.1,500.9,2,2,0,1,0.0
4,maximum_always,2021-11-01T01:00:00+02:00,-160.0,0.0,1,1,0,0,0.0
4,maximum_always,2021-12-01T01:00:00+02:00,-223.1,641.9,3,3,0,1,0.0
4,maximum_always,2022-01-03T01:00:00+02:00,-172.35,517.65,3,3,0,1,0.0
4,maximum_always,2022-02-01T01:00:00+02:00,-137.35,517.65,3,3,0,1,0.0
4,maximum_always,2022-03-01T01:00:00+02:00,-195.0,0.0,1,1,0,0,0.0
4,maximum_always,2022-04-01T01:00:00+03:00,-160.0,0.0,1,1,0,0,0.0
4,maximum_always,2022-05-02T01:00:00+03:00,-197.65,2062.35,8,8,2,3,0.0
4,maximum_always,2022-06-01T01:00:00+03:00,-162.65,2062.35,8,8,2,3,0.0
4,maximum_always,2022-07-01T01:00:00+03:00,-127.65,2062.35,8,8,2,3,0.0
4,maximum_always,2022-08-01T01:00:00+03:00,-160.0,0.0,1,1,0,0,0.0
4,maximum_always,2022-09-01T01:00:00+03:00,-195.0,0.0,1,1,0,0,0.0
4,maximum_always,2022-10-03T01:00:00+03:00,-160.0,0.0,1,1,0,0,0.0
4,maximum_always,2022-11-01T01:00:00+02:00,15279.8,18539.8,16,12,5,24,532.8
4,maximum_always,2022-12-01T01:00:00+02:00,15827.8,19052.8,16,12,5,25,4233.8
4,maximum_always,2023-01-03T01:00:00+02:00,-265.0,0.0,1,1,0,0,0.0
4,maximum_always,2023-02-01T01:00:00+02:00,-230.0,0.0,1,1,0,0,0.0
4,maximum_always,2023-03-01T01:00:00+02:00,23888.3,27648.3,20,16,6,37,3994.6
4,maximum_always,2023-04-03T01:00:00+03:00,-160.0,0.0,1,1,0,0,0.0
4,maximum_always,2023-05-01T01:00:00+03:00,-195.0,0.0,1,1,0,0,0.0
4,maximum_always,2023-06-01T01:00:00+03:00,-160.0,0.0,1,1,0,0,0.0
4,maximum_always,2023-07-03T01:00:00+03:00,-160.0,0.0,1,1,0,0,0.0
4,maximum_always,2023-08-01T01:00:00+03:00,19500.1,23180.1,16,16,4,31,0.0
4,maximum_always,2023-09-01T01:00:00+03:00,21014.8,25564.8,21,17,6,32,1178.2
4,maximum_always,2023-10-02T01:00:00+03:00,18851.95,23101.95,20,16,4,31,13.0
4,maximum_always,2023-11-01T01:00:00+02:00,21108.15,25323.15,20,16,4,35,6969.2
4,maximum_always,2023-12-01T01:00:00+02:00,28136.15,32456.15,20,20,5,43,0.0
4,maximum_always,2024-01-02T01:00:00+02:00,26334.8,30844.8,19,19,5,39,0.0
4,maximum_always,2024-02-01T01:00:00+02:00,25256.55,29766.55,19,19,5,38,0.0
4,maximum_always,2024-03-01T01:00:00+02:00,-195.0,0.0,1,1,0,0,0.0
4,maximum_always,2024-04-01T01:00:00+03:00,-160.0,0.0,1,1,0,0,0.0
4,maximum_always,2024-05-01T01:00:00+03:00,16621.8,20966.8,16,16,4,28,0.0
4,maximum_always,2024-06-03T01:00:00+03:00,-126.5,688.5,4,4,1,1,0.0
4,maximum_always,2024-07-01T01:00:00+03:00,-160.0,0.0,1,1,0,0,0.0
4,minimum_500_always,2020-01-02T01:00:00+02:00,-195.0,0.0,1,1,0,0,0.0
4,minimum_500_always,2020-02-03T01:00:00+02:00,-250.0,1500.0,7,7,2,3,0.0
4,minimum_500_always,2020-03-02T01:00:00+02:00,-160.0,0.0,1,1,0,0,0.0
4,minimum_500_always,2020-04-01T01:00:00+03:00,-180.0,1500.0,7,7,2,3,0.0
4,minimum_500_always,2020-05-01T01:00:00+03:00,-145.0,1500.0,7,7,2,3,0.0
4,minimum_500_always,2020-06-01T01:00:00+03:00,-230.0,0.0,1,1,0,0,0.0
4,minimum_500_always,2020-07-01T01:00:00+03:00,-195.0,0.0,1,1,0,0,0.0
4,minimum_500_always,2020-08-03T01:00:00+03:00,-160.0,0.0,1,1,0,0,0.0
4,minimum_500_always,2020-09-01T01:00:00+03:00,-230.0,0.0,1,1,0,0,0.0
4,minimum_500_always,2020-10-01T01:00:00+03:00,-195.0,0.0,1,1,0,0,0.0
4,minimum_500_always,2020-11-02T01:00:00+02:00,-160.0,0.0,1,1,0,0,0.0
4,minimum_500_always,2020-12-01T01:00:00+02:00,-195.0,0.0,1,1,0,0,0.0
4,minimum_500_always,2021-01-04T01:00:00+02:00,-160.0,0.0,1,1,0,0,0.0
4,minimum_500_always,2021-02-01T01:00:00+02:00,-160.0,0.0,1,1,0,0,0.0
4,minimum_500_always,2021-03-01T01:00:00+02:00,-195.0,0.0,1,1,0,0,0.0
4,minimum_500_always,2021-04-01T01:00:00+03:00,-160.0,0.0,1,1,0,0,0.0
4,minimum_500_always,2021-05-03T01:00:00+03:00,-205.0,500.0,2,2,0,1,0.0
4,minimum_500_always,2021-06-01T01:00:00+03:00,-170.0,500.0,2,2,0,1,0.0
4,minimum_500_always,2021-07-01T01:00:00+03:00,-135.0,500.0,2,2,0,1,0.0
4,minimum_500_always,2021-08-02T01:00:00+03:00,-195.0,0.0,1,1,0,0,0.0
4,minimum_500_always,2021-09-01T01:00:00+03:00,-160.0,0.0,1,1,0,0,0.0
4,minimum_500_always,2021-10-01T01:00:00+03:00,-135.0,500.0,2,2,0,1,0.0
4,minimum_500_always,2021-11-01T01:00:00+02:00,-160.0,0.0,1,1,0,0,0.0
4,minimum_500_always,2021-12-01T01:00:00+02:00,-205.0,500.0,2,2,0,1,0.0
4,minimum_500_always,2022-01-03T01:00:00+02:00,-190.0,500.0,3,3,0,1,0.0
4,minimum_500_always,2022-02-01T01:00:00+02:00,-155.0,500.0,3,3,0,1,0.0
4,minimum_500_always,2022-03-01T01:00:00+02:00,-195.0,0.0,1,1,0,0,0.0
4,minimum_500_always,2022-04-01T01:00:00+03:00,-160.0,0.0,1,1,0,0,0.0
4,minimum_500_always,2022-05-02T01:00:00+03:00,11545.0,14500.0,13,13,3,29,0.0
4,minimum_500_always,2022-06-01T01:00:00+03:00,11080.0,14500.0,17,13,3,29,3096.1
4,minimum_500_always,2022-07-01T01:00:00+03:00,13615.0,17000.0,17,13,3,34,5549.3
4,minimum_500_always,2022-08-01T01:00:00+03:00,-160.0,0.0,1,1,0,0,0.0
4,minimum_500_always,2022-09-01T01:00:00+03:00,-195.0,0.0,1,1,0,0,0.0
4,minimum_500_always,2022-10-03T01:00:00+03:00,-160.0,0.0,1,1,0,0,0.0
4,minimum_500_always,2022-11-01T01:00:00+02:00,22680.0,25500.0,15,11,3,51,5430.2
4,minimum_500_always,2022-12-01T01:00:00+02:00,25715.0,28500.0,15,11,3,57,6644.2
4,minimum_500_always,2023-01-03T01:00:00+02:00,-265.0,0.0,1,1,0,0,0.0
4,minimum_500_always,2023-02-01T01:00:00+02:00,-230.0,0.0,1,1,0,0,0.0
4,minimum_500_always,2023-03-01T01:00:00+02:00,35820.0,38500.0,15,11,3,77,10335.4
4,minimum_500_always,2023-04-03T01:00:00+03:00,-160.0,0.0,1,1,0,0,0.0
4,minimum_500_always,2023-05-01T01:00:00+03:00,-195.0,0.0,1,1,0,0,0.0
4,minimum_500_always,2023-06-01T01:00:00+03:00,-160.0,0.0,1,1,0,0,0.0
4,minimum_500_always,2023-07-03T01:00:00+03:00,-160.0,0.0,1,1,0,0,0.0
4,minimum_500_always,2023-08-01T01:00:00+03:00,31020.0,34000.0,16,12,3,68,4541.2
4,minimum_500_always,2023-09-01T01:00:00+03:00,30900.0,34500.0,19,15,4,69,1125.3
4,minimum_500_always,2023-10-02T01:00:00+03:00,30450.0,34000.0,20,16,4,68,-39.9
4,minimum_500_always,2023-11-01T01:00:00+02:00,32485.0,36000.0,20,16,4,72,7137.5
4,minimum_500_always,2023-12-01T01:00:00+02:00,36520.0,40000.0,20,16,4,80,5410.5
4,minimum_500_always,2024-01-02T01:00:00+02:00,35775.0,39500.0,20,18,7,79,1508.8
4,minimum_500_always,2024-02-01T01:00:00+02:00,27890.0,32000.0,20,19,5,64,381.9
4,minimum_500_always,2024-03-01T01:00:00+02:00,-195.0,0.0,1,1,0,0,0.0
4,minimum_500_always,2024-04-01T01:00:00+03:00,-160.0,0.0,1,1,0,0,0.0
4,minimum_500_always,2024-05-01T01:00:00+03:00,17180.0,22000.0,24,22,8,44,375.0
4,minimum_500_always,2024-06-03T01:00:00+03:00,-60.0,1000.0,4,4,1,2,0.0
4,minimum_500_always,2024-07-01T01:00:00+03:00,-160.0,0.0,1,1,0,0,0.0
4,preserve_safety_net,2020-01-02T01:00:00+02:00,-195.0,0.0,1,1,0,0,0.0
4,preserve_safety_net,2020-02-03T01:00:00+02:00,-252.4,1162.6,6,6,2,2,0.0
4,preserve_safety_net,2020-03-02T01:00:00+02:00,-160.0,0.0,1,1,0,0,0.0
4,preserve_safety_net,2020-04-01T01:00:00+03:00,-170.45,1209.55,6,6,2,2,0.0
4,preserve_safety_net,2020-05-01T01:00:00+03:00,-135.45,1209.55,6,6,2,2,0.0
4,preserve_safety_net,2020-06-01T01:00:00+03:00,-230.0,0.0,1,1,0,0,0.0
4,preserve_safety_net,2020-07-01T01:00:00+03:00,-195.0,0.0,1,1,0,0,0.0
4,preserve_safety_net,2020-08-03T01:00:00+03:00,-160.0,0.0,1,1,0,0,0.0
4,preserve_safety_net,2020-09-01T01:00:00+03:00,-230.0,0.0,1,1,0,0,0.0
4,preserve_safety_net,2020-10-01T01:00:00+03:00,-195.0,0.0,1,1,0,0,0.0
4,preserve_safety_net,2020-11-02T01:00:00+02:00,-160.0,0.0,1,1,0,0,0.0
4,preserve_safety_net,2020-12-01T01:00:00+02:00,-195.0,0.0,1,1,0,0,0.0
4,preserve_safety_net,2021-01-04T01:00:00+02:00,-160.0,0.0,1,1,0,0,0.0
4,preserve_safety_net,2021-02-01T01:00:00+02:00,-160.0,0.0,1,1,0,0,0.0
4,preserve_safety_net,2021-03-01T01:00:00+02:00,-195.0,0.0,1,1,0,0,0.0
4,preserve_safety_net,2021-04-01T01:00:00+03:00,-160.0,0.0,1,1,0,0,0.0
4,preserve_safety_net,2021-05-03T01:00:00+03:00,-230.0,0.0,1,1,0,0,0.0
4,preserve_safety_net,2021-06-01T01:00:00+03:00,-195.0,0.0,1,1,0,0,0.0
4,preserve_safety_net,2021-07-01T01:00:00+03:00,-160.0,0.0,1,1,0,0,0.0
4,preserve_safety_net,2021-08-02T01:00:00+03:00,-195.0,0.0,1,1,0,0,0.0
4,preserve_safety_net,2021-09-01T01:00:00+03:00,-160.0,0.0,1,1,0,0,0.0
4,preserve_safety_net,2021-10-01T01:00:00+03:00,-160.0,0.0,1,1,0,0,0.0
4,preserve_safety_net,2021-11-01T01:00:00+02:00,-160.0,0.0,1,1,0,0,0.0
4,preserve_safety_net,2021-12-01T01:00:00+02:00,-214.45,705.55,4,4,1,1,0.0
4,preserve_safety_net,2022-01-03T01:00:00+02:00,-185.85,559.15,4,4,1,1,0.0
4,preserve_safety_net,2022-02-01T01:00:00+02:00,-150.85,559.15,4,4,1,1,0.0
4,preserve_safety_net,2022-03-01T01:00:00+02:00,-195.0,0.0,1,1,0,0,0.0
4,preserve_safety_net,2022-04-01T01:00:00+03:00,-160.0,0.0,1,1,0,0,0.0
4,preserve_safety_net,2022-05-02T01:00:00+03:00,10206.75,13021.75,13,9,2,23,2086.4
4,preserve_safety_net,2022-06-01T01:00:00+03:00,10241.75,13021.75,13,9,2,23,7193.4
4,preserve_safety_net,2022-07-01T01:00:00+03:00,15241.75,17986.75,13,9,2,31,7181.6
4,preserve_safety_net,2022-08-01T01:00:00+03:00,-160.0,0.0,1,1,0,0,0.0
4,preserve_safety_net,2022-09-01T01:00:00+03:00,-195.0,0.0,1,1,0,0,0.0
4,preserve_safety_net,2022-10-03T01:00:00+03:00,-160.0,0.0,1,1,0,0,0.0
4,preserve_safety_net,2022-11-01T01:00:00+02:00,22100.6,24300.6,12,8,2,34,5739.0
4,preserve_safety_net,2022-12-01T01:00:00+02:00,24259.6,26424.6,12,8,2,38,7829.0
4,preserve_safety_net,2023-01-03T01:00:00+02:00,-265.0,0.0,1,1,0,0,0.0
4,preserve_safety_net,2023-02-01T01:00:00+02:00,-230.0,0.0,1,1,0,0,0.0
4,preserve_safety_net,2023-03-01T01:00:00+02:00,38028.4,40088.4,12,8,2,54,7856.4
4,preserve_safety_net,2023-04-03T01:00:00+03:00,-160.0,0.0,1,1,0,0,0.0
4,preserve_safety_net,2023-05-01T01:00:00+03:00,-195.0,0.0,1,1,0,0,0.0
4,preserve_safety_net,2023-06-01T01:00:00+03:00,-160.0,0.0,1,1,0,0,0.0
4,preserve_safety_net,2023-07-03T01:00:00+03:00,-160.0,0.0,1,1,0,0,0.0
4,preserve_safety_net,2023-08-01T01:00:00+03:00,27726.1,30466.1,11,11,4,40,0.0
4,preserve_safety_net,2023-09-01T01:00:00+03:00,31829.75,35159.75,16,12,3,44,1178.2
4,preserve_safety_net,2023-10-02T01:00:00+03:00,27077.95,30387.95,15,11,4,40,13.0
4,preserve_safety_net,2023-11-01T01:00:00+02:00,29250.15,32525.15,15,11,4,44,7053.2
4,preserve_safety_net,2023-12-01T01:00:00+02:00,31743.15,34983.15,15,11,4,48,6868.2
4,preserve_safety_net,2024-01-02T01:00:00+02:00,29735.35,33135.35,16,12,4,44,6136.6
4,preserve_safety_net,2024-02-01T01:00:00+02:00,32639.35,35364.35,12,8,2,48,6949.6
4,preserve_safety_net,2024-03-01T01:00:00+02:00,-195.0,0.0,1,1,0,0,0.0
4,preserve_safety_net,2024-04-01T01:00:00+03:00,-160.0,0.0,1,1,0,0,0.0
4,preserve_safety_net,2024-05-01T01:00:00+03:00,20911.35,24801.35,16,16,4,34,0.0
4,preserve_safety_net,2024-06-03T01:00:00+03:00,20326.85,24051.85,13,13,4,33,0.0
4,preserve_safety_net,2024-07-01T01:00:00+03:00,-160.0,0.0,1,1,0,0,0.0
4,rush_to_uncapped,2020-01-02T01:00:00+02:00,-195.0,0.0,1,1,0,0,0.0
4,rush_to_uncapped,2020-02-03T01:00:00+02:00,-250.0,1500.0,7,7,2,3,0.0
4,rush_to_uncapped,2020-03-02T01:00:00+02:00,-160.0,0.0,1,1,0,0,0.0
4,rush_to_uncapped,2020-04-01T01:00:00+03:00,-180.0,1500.0,7,7,2,3,0.0
4,rush_to_uncapped,2020-05-01T01:00:00+03:00,-145.0,1500.0,7,7,2,3,0.0
4,rush_to_uncapped,2020-06-01T01:00:00+03:00,-230.0,0.0,1,1,0,0,0.0
4,rush_to_uncapped,2020-07-01T01:00:00+03:00,-195.0,0.0,1,1,0,0,0.0
4,rush_to_uncapped,2020-08-03T01:00:00+03:00,-160.0,0.0,1,1,0,0,0.0
4,rush_to_uncapped,2020-09-01T01:00:00+03:00,-230.0,0.0,1,1,0,0,0.0
4,rush_to_uncapped,2020-10-01T01:00:00+03:00,-195.0,0.0,1,1,0,0,0.0
4,rush_to_uncapped,2020-11-02T01:00:00+02:00,-160.0,0.0,1,1,0,0,0.0
4,rush_to_uncapped,2020-12-01T01:00:00+02:00,-195.0,0.0,1,1,0,0,0.0
4,rush_to_uncapped,2021-01-04T01:00:00+02:00,-160.0,0.0,1,1,0,0,0.0
4,rush_to_uncapped,2021-02-01T01:00:00+02:00,-160.0,0.0,1,1,0,0,0.0
4,rush_to_uncapped,2021-03-01T01:00:00+02:00,-195.0,0.0,1,1,0,0,0.0
4,rush_to_uncapped,2021-04-01T01:00:00+03:00,-160.0,0.0,1,1,0,0,0.0
4,rush_to_uncapped,2021-05-03T01:00:00+03:00,-205.0,500.0,2,2,0,1,0.0
4,rush_to_uncapped,2021-06-01T01:00:00+03:00,-170.0,500.0,2,2,0,1,0.0
4,rush_to_uncapped,2021-07-01T01:00:00+03:00,-135.0,500.0,2,2,0,1,0.0
4,rush_to_uncapped,2021-08-02T01:00:00+03:00,-195.0,0.0,1,1,0,0,0.0
4,rush_to_uncapped,2021-09-01T01:00:00+03:00,-160.0,0.0,1,1,0,0,0.0
4,rush_to_uncapped,2021-10-01T01:00:00+03:00,-135.0,500.0,2,2,0,1,0.0
4,rush_to_uncapped,2021-11-01T01:00:00+02:00,-160.0,0.0,1,1,0,0,0.0
4,rush_to_uncapped,2021-12-01T01:00:00+02:00,-205.0,500.0,2,2,0,1,0.0
4,rush_to_uncapped,2022-01-03T01:00:00+02:00,-190.0,500.0,3,3,0,1,0.0
4,rush_to_uncapped,2022-02-01T01:00:00+02:00,-155.0,500.0,3,3,0,1,0.0
4,rush_to_uncapped,2022-03-01T01:00:00+02:00,-195.0,0.0,1,1,0,0,0.0
4,rush_to_uncapped,2022-04-01T01:00:00+03:00,-160.0,0.0,1,1,0,0,0.0
4,rush_to_uncapped,2022-05-02T01:00:00+03:00,11545.0,14500.0,13,13,3,29,0.0
4,rush_to_uncapped,2022-06-01T01:00:00+03:00,11080.0,14500.0,17,13,3,29,3096.1
4,rush_to_uncapped,2022-07-01T01:00:00+03:00,13615.0,17000.0,17,13,3,34,5549.3
4,rush_to_uncapped,2022-08-01T01:00:00+03:00,-160.0,0.0,1,1,0,0,0.0
4,rush_to_uncapped,2022-09-01T01:00:00+03:00,-195.0,0.0,1,1,0,0,0.0
4,rush_to_uncapped,2022-10-03T01:00:00+03:00,-160.0,0.0,1,1,0,0,0.0
4,rush_to_uncapped,2022-11-01T01:00:00+02:00,20587.44,23637.44,16,12,3,45,4149.65
4,rush_to_uncapped,2022-12-01T01:00:00+02:00,26180.82,29265.82,16,14,4,50,2668.85
4,rush_to_uncapped,2023-01-03T01:00:00+02:00,-265.0,0.0,1,1,0,0,0.0
4,rush_to_uncapped,2023-02-01T01:00:00+02:00,-230.0,0.0,1,1,0,0,0.0
4,rush_to_uncapped,2023-03-01T01:00:00+02:00,31974.31,35504.31,19,15,4,60,8024.75
4,rush_to_uncapped,2023-04-03T01:00:00+03:00,-160.0,0.0,1,1,0,0,0.0
4,rush_to_uncapped,2023-05-01T01:00:00+03:00,-195.0,0.0,1,1,0,0,0.0
4,rush_to_uncapped,2023-06-01T01:00:00+03:00,-160.0,0.0,1,1,0,0,0.0
4,rush_to_uncapped,2023-07-03T01:00:00+03:00,-160.0,0.0,1,1,0,0,0.0
4,rush_to_uncapped,2023-08-01T01:00:00+03:00,27665.56,31310.56,16,16,5,52,0.0
4,rush_to_uncapped,2023-09-01T01:00:00+03:00,23208.01,27613.01,19,15,4,45,1249.65
4,rush_to_uncapped,2023-10-02T01:00:00+03:00,27095.56,31310.56,20,16,5,52,84.45
4,rush_to_uncapped,2023-11-01T01:00:00+02:00,29130.56,33310.56,20,16,5,56,7261.85
4,rush_to_uncapped,2023-12-01T01:00:00+02:00,33165.56,37310.56,20,16,5,64,5534.85
4,rush_to_uncapped,2024-01-02T01:00:00+02:00,33090.36,37605.36,21,20,7,64,754.4
4,rush_to_uncapped,2024-02-01T01:00:00+02:00,24580.47,29215.47,20,19,5,51,381.9
4,rush_to_uncapped,2024-03-01T01:00:00+02:00,-195.0,0.0,1,1,0,0,0.0
4,rush_to_uncapped,2024-04-01T01:00:00+03:00,-160.0,0.0,1,1,0,0,0.0
4,rush_to_uncapped,2024-05-01T01:00:00+03:00,16381.89,21376.89,24,22,8,40,375.0
4,rush_to_uncapped,2024-06-03T01:00:00+03:00,-60.0,1000.0,4,4,1,2,0.0
4,rush_to_uncapped,2024-07-01T01:00:00+03:00,-160.0,0.0,1,1,0,0,0.0
5,cap_maximizer,2020-01-02T01:00:00+02:00,-195.0,0.0,1,1,0,0,0.0
5,cap_maximizer,2020-02-03T01:00:00+02:00,-250.0,1500.0,7,7,1,1,0.0
5,cap_maximizer,2020-03-02T01:00:00+02:00,-160.0,0.0,1,1,0,0,0.0
5,cap_maximizer,2020-04-01T01:00:00+03:00,-180.0,1500.0,7,7,1,1,0.0
5,cap_maximizer,2020-05-01T01:00:00+03:00,-145.0,1500.0,7,7,1,1,0.0
5,cap_maximizer,2020-06-01T01:00:00+03:00,-230.0,0.0,1,1,0,0,0.0
5,cap_maximizer,2020-07-01T01:00:00+03:00,-195.0,0.0,1,1,0,0,0.0
5,cap_maximizer,2020-08-03T01:00:00+03:00,-160.0,0.0,1,1,0,0,0.0
5,cap_maximizer,2020-09-01T01:00:00+03:00,-230.0,0.0,1,1,0,0,0.0
5,cap_maximizer,2020-10-01T01:00:00+03:00,-195.0,0.0,1,1,0,0,0.0
5,cap_maximizer,2020-11-02T01:00:00+02:00,-160.0,0.0,1,1,0,0,0.0
5,cap_maximizer,2020-12-01T01:00:00+02:00,-195.0,0.0,1,1,0,0,0.0
5,cap_maximizer,2021-01-04T01:00:00+02:00,-160.0,0.0,1,1,0,0,0.0
5,cap_maximizer,2021-02-01T01:00:00+02:00,-160.0,0.0,1,1,0,0,0.0
5,cap_maximizer,2021-03-01T01:00:00+02:00,-195.0,0.0,1,1,0,0,0.0
5,cap_maximizer,2021-04-01T01:00:00+03:00,-160.0,0.0,1,1,0,0,0.0
5,cap_maximizer,2021-05-03T01:00:00+03:00,-230.0,0.0,1,1,0,0,0.0
5,cap_maximizer,2021-06-01T01:00:00+03:00,-195.0,0.0,1,1,0,0,0.0
5,cap_maximizer,2021-07-01T01:00:00+03:00,-160.0,0.0,1,1,0,0,0.0
5,cap_maximizer,2021-08-02T01:00:00+03:00,-195.0,0.0,1,1,0,0,0.0
5,cap_maximizer,2021-09-01T01:00:00+03:00,-160.0,0.0,1,1,0,0,0.0
5,cap_maximizer,2021-10-01T01:00:00+03:00,-160.0,0.0,1,1,0,0,0.0
5,cap_maximizer,2021-11-01T01:00:00+02:00,-160.0,0.0,1,1,0,0,0.0
5,cap_maximizer,2021-12-01T01:00:00+02:00,13680.0,16500.0,15,10,2,11,5253.0
5,cap_maximizer,2022-01-03T01:00:00+02:00,12540.0,15000.0,11,6,1,10,2593.75
5,cap_maximizer,2022-02-01T01:00:00+02:00,14075.0,16500.0,11,6,1,11,7320.25
5,cap_maximizer,2022-03-01T01:00:00+02:00,-195.0,0.0,1,1,0,0,0.0
5,cap_maximizer,2022-04-01T01:00:00+03:00,-160.0,0.0,1,1,0,0,0.0
5,cap_maximizer,2022-05-02T01:00:00+03:00,9965.0,13500.0,14,12,3,9,2565.3
5,cap_maximizer,2022-06-01T01:00:00+03:00,9715.0,13500.0,16,12,3,9,6693.3
5,cap_maximizer,2022-07-01T01:00:00+03:00,12625.0,16500.0,17,12,3,11,9359.95
5,cap_maximizer,2022-08-01T01:00:00+03:00,-160.0,0.0,1,1,0,0,0.0
5,cap_maximizer,2022-09-01T01:00:00+03:00,-195.0,0.0,1,1,0,0,0.0
5,cap_maximizer,2022-10-03T01:00:00+03:00,-160.0,0.0,1,1,0,0,0.0
5,cap_maximizer,2022-11-01T01:00:00+02:00,24135.0,27000.0,12,8,2,18,4619.0
5,cap_maximizer,2022-12-01T01:00:00+02:00,27135.0,30000.0,12,8,2,20,5833.0
5,cap_maximizer,2023-01-03T01:00:00+02:00,-265.0,0.0,1,1,0,0,0.0
5,cap_maximizer,2023-02-01T01:00:00+02:00,-230.0,0.0,1,1,0,0,0.0
5,cap_maximizer,2023-03-01T01:00:00+02:00,35620.0,39000.0,15,10,3,26,6442.9
5,cap_maximizer,2023-04-03T01:00:00+03:00,-160.0,0.0,1,1,0,0,0.0
5,cap_maximizer,2023-05-01T01:00:00+03:00,-195.0,0.0,1,1,0,0,0.0
5,cap_maximizer,2023-06-01T01:00:00+03:00,-160.0,0.0,1,1,0,0,0.0
5,cap_maximizer,2023-07-03T01:00:00+03:00,-160.0,0.0,1,1,0,0,0.0
5,cap_maximizer,2023-08-01T01:00:00+03:00,37735.0,42000.0,19,19,7,28,0.0
5,cap_maximizer,2023-09-01T01:00:00+03:00,39915.0,45000.0,25,20,7,30,1472.75
5,cap_maximizer,2023-10-02T01:00:00+03:00,38700.0,43500.0,23,18,7,29,87.7
5,cap_maximizer,2023-11-01T01:00:00+02:00,38735.0,43500.0,23,18,7,29,11559.45
5,cap_maximizer,2023-12-01T01:00:00+02:00,46270.0,51000.0,23,18,7,34,6900.7
5,cap_maximizer,2024-01-02T01:00:00+02:00,30135.0,34500.0,17,17,3,23,0.0
5,cap_maximizer,2024-02-01T01:00:00+02:00,40400.0,45000.0,20,20,6,30,0.0
5,cap_maximizer,2024-03-01T01:00:00+02:00,-195.0,0.0,1,1,0,0,0.0
5,cap_maximizer,2024-04-01T01:00:00+03:00,-160.0,0.0,1,1,0,0,0.0
5,cap_maximizer,2024-05-01T01:00:00+03:00,23110.0,28500.0,21,21,4,19,0.0
5,cap_maximizer,2024-06-03T01:00:00+03:00,26710.0,31500.0,19,15,3,21,7881.8
5,cap_maximizer,2024-07-01T01:00:00+03:00,-160.0,0.0,1,1,0,0,0.0
5,half_of_maximum,2020-01-02T01:00:00+02:00,-195.0,0.0,1,1,0,0,0.0
5,half_of_maximum,2020-02-03T01:00:00+02:00,-265.0,1500.0,6,6,1,3,0.0
5,half_of_maximum,2020-03-02T01:00:00+02:00,-160.0,0.0,1,1,0,0,0.0
5,half_of_maximum,2020-04-01T01:00:00+03:00,-195.0,1500.0,6,6,1,3,0.0
5,half_of_maximum,2020-05-01T01:00:00+03:00,-160.0,1500.0,6,6,1,3,0.0
5,half_of_maximum,2020-06-01T01:00:00+03:00,-230.0,0.0,1,1,0,0,0.0
5,half_of_maximum,2020-07-01T01:00:00+03:00,-195.0,0.0,1,1,0,0,0.0
5,half_of_maximum,2020-08-03T01:00:00+03:00,-160.0,0.0,1,1,0,0,0.0
5,half_of_maximum,2020-09-01T01:00:00+03:00,-230.0,0.0,1,1,0,0,0.0
5,half_of_maximum,2020-10-01T01:00:00+03:00,-195.0,0.0,1,1,0,0,0.0
5,half_of_maximum,2020-11-02T01:00:00+02:00,-160.0,0.0,1,1,0,0,0.0
5,half_of_maximum,2020-12-01T01:00:00+02:00,-195.0,0.0,1,1,0,0,0.0
5,half_of_maximum,2021-01-04T01:00:00+02:00,-160.0,0.0,1,1,0,0,0.0
5,half_of_maximum,2021-02-01T01:00:00+02:00,-160.0,0.0,1,1,0,0,0.0
5,half_of_maximum,2021-03-01T01:00:00+02:00,-195.0,0.0,1,1,0,0,0.0
5,half_of_maximum,2021-04-01T01:00:00+03:00,-160.0,0.0,1,1,0,0,0.0
5,half_of_maximum,2021-05-03T01:00:00+03:00,-205.0,500.0,2,2,0,1,0.0
5,half_of_maximum,2021-06-01T01:00:00+03:00,-170.0,500.0,2,2,0,1,0.0
5,half_of_maximum,2021-07-01T01:00:00+03:00,-135.0,500.0,2,2,0,1,0.0
5,half_of_maximum,2021-08-02T01:00:00+03:00,-195.0,0.0,1,1,0,0,0.0
5,half_of_maximum,2021-09-01T01:00:00+03:00,-160.0,0.0,1,1,0,0,0.0
5,half_of_maximum,2021-10-01T01:00:00+03:00,-135.0,500.0,2,2,0,1,0.0
5,half_of_maximum,2021-11-01T01:00:00+02:00,-160.0,0.0,1,1,0,0,0.0
5,half_of_maximum,2021-12-01T01:00:00+02:00,-205.0,500.0,2,2,0,1,0.0
5,half_of_maximum,2022-01-03T01:00:00+02:00,-190.0,500.0,3,3,0,1,0.0
5,half_of_maximum,2022-02-01T01:00:00+02:00,-155.0,500.0,3,3,0,1,0.0
5,half_of_maximum,2022-03-01T01:00:00+02:00,-195.0,0.0,1,1,0,0,0.0
5,half_of_maximum,2022-04-01T01:00:00+03:00,-160.0,0.0,1,1,0,0,0.0
5,half_of_maximum,2022-05-02T01:00:00+03:00,-225.5,2264.5,9,9,2,4,0.0
5,half_of_maximum,2022-06-01T01:00:00+03:00,-190.5,2264.5,9,9,2,4,0.0
5,half_of_maximum,2022-07-01T01:00:00+03:00,-155.5,2264.5,9,9,2,4,0.0
5,half_of_maximum,2022-08-01T01:00:00+03:00,-160.0,0.0,1,1,0,0,0.0
5,half_of_maximum,2022-09-01T01:00:00+03:00,-195.0,0.0,1,1,0,0,0.0
5,half_of_maximum,2022-10-03T01:00:00+03:00,-160.0,0.0,1,1,0,0,0.0
5,half_of_maximum,2022-11-01T01:00:00+02:00,20707.73,24482.73,19,15,5,44,3245.73
5,half_of_maximum,2022-12-01T01:00:00+02:00,22957.73,26732.73,19,15,5,47,5209.73
5,half_of_maximum,2023-01-03T01:00:00+02:00,-265.0,0.0,1,1,0,0,0.0
5,half_of_maximum,2023-02-01T01:00:00+02:00,-230.0,0.0,1,1,0,0,0.0
5,half_of_maximum,2023-03-01T01:00:00+02:00,34774.6,38834.6,21,16,5,63,7029.89
5,half_of_maximum,2023-04-03T01:00:00+03:00,-160.0,0.0,1,1,0,0,0.0
5,half_of_maximum,2023-05-01T01:00:00+03:00,-195.0,0.0,1,1,0,0,0.0
5,half_of_maximum,2023-06-01T01:00:00+03:00,-160.0,0.0,1,1,0,0,0.0
5,half_of_maximum,2023-07-03T01:00:00+03:00,-160.0,0.0,1,1,0,0,0.0
5,half_of_maximum,2023-08-01T01:00:00+03:00,31879.29,36144.29,19,18,7,57,1135.3
5,half_of_maximum,2023-09-01T01:00:00+03:00,30517.31,35757.31,24,19,6,56,1374.85
5,half_of_maximum,2023-10-02T01:00:00+03:00,31143.69,36138.69,24,19,7,57,-81.65
5,half_of_maximum,2023-11-01T01:00:00+02:00,33678.69,38638.69,24,19,7,62,8890.1
5,half_of_maximum,2023-12-01T01:00:00+02:00,39632.79,44557.79,24,19,7,72,5812.25
5,half_of_maximum,2024-01-02T01:00:00+02:00,36132.39,41512.39,24,24,7,67,0.0
5,half_of_maximum,2024-02-01T01:00:00+02:00,34900.69,39995.69,22,22,7,64,0.0
5,half_of_maximum,2024-03-01T01:00:00+02:00,-195.0,0.0,1,1,0,0,0.0
5,half_of_maximum,2024-04-01T01:00:00+03:00,-160.0,0.0,1,1,0,0,0.0
5,half_of_maximum,2024-05-01T01:00:00+03:00,15985.38,22180.38,28,26,7,38,375.0
5,half_of_maximum,2024-06-03T01:00:00+03:00,-150.0,1000.0,5,5,2,2,0.0
5,half_of_maximum,2024-07-01T01:00:00+03:00,-160.0,0.0,1,1,0,0,0.0
5,maximum_always,2020-01-02T01:00:00+02:00,-195.0,0.0,1,1,0,0,0.0
5,maximum_always,2020-02-03T01:00:00+02:00,-245.15,1449.85,6,6,1,2,0.0
5,maximum_always,2020-03-02T01:00:00+02:00,-160.0,0.0,1,1,0,0,0.0
5,maximum_always,2020-04-01T01:00:00+03:00,-163.2,1496.8,6,6,1,2,0.0
5,maximum_always,2020-05-01T01:00:00+03:00,-128.2,1496.8,6,6,1,2,0.0
5,maximum_always,2020-06-01T01:00:00+03:00,-230.0,0.0,1,1,0,0,0.0
5,maximum_always,2020-07-01T01:00:00+03:00,-195.0,0.0,1,1,0,0,0.0
5,maximum_always,2020-08-03T01:00:00+03:00,-160.0,0.0,1,1,0,0,0.0
5,maximum_always,2020-09-01T01:00:00+03:00,-230.0,0.0,1,1,0,0,0.0
5,maximum_always,2020-10-01T01:00:00+03:00,-195.0,0.0,1,1,0,0,0.0
5,maximum_always,2020-11-02T01:00:00+02:00,-160.0,0.0,1,1,0,0,0.0
5,maximum_always,2020-12-01T01:00:00+02:00,-195.0,0.0,1,1,0,0,0.0
5,maximum_always,2021-01-04T01:00:00+02:00,-160.0,0.0,1,1,0,0,0.0
5,maximum_always,2021-02-01T01:00:00+02:00,-160.0,0.0,1,1,0,0,0.0
5,maximum_always,2021-03-01T01:00:00+02:00,-195.0,0.0,1,1,0,0,0.0
5,maximum_always,2021-04-01T01:00:00+03:00,-160.0,0.0,1,1,0,0,0.0
5,maximum_always,2021-05-03T01:00:00+03:00,-217.25,2422.75,13,13,3,3,0.0
5,maximum_always,2021-06-01T01:00:00+03:00,-182.25,2422.75,13,13,3,3,0.0
5,maximum_always,2021-07-01T01:00:00+03:00,-147.25,2422.75,13,13,3,3,0.0
5,maximum_always,2021-08-02T01:00:00+03:00,-195.0,0.0,1,1,0,0,0.0
5,maximum_always,2021-09-01T01:00:00+03:00,-160.0,0.0,1,1,0,0,0.0
5,maximum_always,2021-10-01T01:00:00+03:00,-134.1,500.9,2,2,0,1,0.0
5,maximum_always,2021-11-01T01:00:00+02:00,-160.0,0.0,1,1,0,0,0.0
5,maximum_always,2021-12-01T01:00:00+02:00,-223.1,641.9,3,3,0,1,0.0
5,maximum_always,2022-01-03T01:00:00+02:00,-172.35,517.65,3,3,0,1,0.0
5,maximum_always,2022-02-01T01:00:00+02:00,-137.35,517.65,3,3,0,1,0.0
5,maximum_always,2022-03-01T01:00:00+02:00,-195.0,0.0,1,1,0,0,0.0
5,maximum_always,2022-04-01T01:00:00+03:00,-160.0,0.0,1,1,0,0,0.0
5,maximum_always,2022-05-02T01:00:00+03:00,-212.65,2062.35,7,7,2,3,0.0
5,maximum_always,2022-06-01T01:00:00+03:00,-177.65,2062.35,7,7,2,3,0.0
5,maximum_always,2022-07-01T01:00:00+03:00,-142.65,2062.35,7,7,2,3,0.0
5,maximum_always,2022-08-01T01:00:00+03:00,-160.0,0.0,1,1,0,0,0.0
5,maximum_always,2022-09-01T01:00:00+03:00,-195.0,0.0,1,1,0,0,0.0
5,maximum_always,2022-10-03T01:00:00+03:00,-160.0,0.0,1,1,0,0,0.0
5,maximum_always,2022-11-01T01:00:00+02:00,-212.5,1217.5,5,5,1,2,0.0
5,maximum_always,2022-12-01T01:00:00+02:00,-177.5,1217.5,5,5,1,2,0.0
5,maximum_always,2023-01-03T01:00:00+02:00,-265.0,0.0,1,1,0,0,0.0
5,maximum_always,2023-02-01T01:00:00+02:00,-230.0,0.0,1,1,0,0,0.0
5,maximum_always,2023-03-01T01:00:00+02:00,-72.5,1217.5,5,5,1,2,0.0
5,maximum_always,2023-04-03T01:00:00+03:00,-160.0,0.0,1,1,0,0,0.0
5,maximum_always,2023-05-01T01:00:00+03:00,-195.0,0.0,1,1,0,0,0.0
5,maximum_always,2023-06-01T01:00:00+03:00,-160.0,0.0,1,1,0,0,0.0
5,maximum_always,2023-07-03T01:00:00+03:00,-160.0,0.0,1,1,0,0,0.0
5,maximum_always,2023-08-01T01:00:00+03:00,25674.85,30204.85,20,20,5,39,0.0
5,maximum_always,2023-09-01T01:00:00+03:00,23972.45,29637.45,26,21,6,38,1472.75
5,maximum_always,2023-10-02T01:00:00+03:00,24866.7,30126.7,25,20,5,39,16.25
5,maximum_always,2023-11-01T01:00:00+02:00,27678.2,32903.2,25,20,5,44,8711.5
5,maximum_always,2023-12-01T01:00:00+02:00,36454.45,41819.45,25,25,6,54,0.0
5,maximum_always,2024-01-02T01:00:00+02:00,31555.15,37215.15,24,24,7,48,0.0
5,maximum_always,2024-02-01T01:00:00+02:00,28283.35,33783.35,23,23,7,44,0.0
5,maximum_always,2024-03-01T01:00:00+02:00,-195.0,0.0,1,1,0,0,0.0
5,maximum_always,2024-04-01T01:00:00+03:00,-160.0,0.0,1,1,0,0,0.0
5,maximum_always,2024-05-01T01:00:00+03:00,20144.85,25584.85,20,20,4,34,0.0
5,maximum_always,2024-06-03T01:00:00+03:00,-146.5,688.5,5,5,1,1,0.0
5,maximum_always,2024-07-01T01:00:00+03:00,-160.0,0.0,1,1,0,0,0.0
5,minimum_500_always,2020-01-02T01:00:00+02:00,-195.0,0.0,1,1,0,0,0.0
5,minimum_500_always,2020-02-03T01:00:00+02:00,-265.0,1500.0,6,6,1,3,0.0
5,minimum_500_always,2020-03-02T01:00:00+02:00,-160.0,0.0,1,1,0,0,0.0
5,minimum_500_always,2020-04-01T01:00:00+03:00,-195.0,1500.0,6,6,1,3,0.0
5,minimum_500_always,2020-05-01T01:00:00+03:00,-160.0,1500.0,6,6,1,3,0.0
5,minimum_500_always,2020-06-01T01:00:00+03:00,-230.0,0.0,1,1,0,0,0.0
5,minimum_500_always,2020-07-01T01:00:00+03:00,-195.0,0.0,1,1,0,0,0.0
5,minimum_500_always,2020-08-03T01:00:00+03:00,-160.0,0.0,1,1,0,0,0.0
5,minimum_500_always,2020-09-01T01:00:00+03:00,-230.0,0.0,1,1,0,0,0.0
5,minimum_500_always,2020-10-01T01:00:00+03:00,-195.0,0.0,1,1,0,0,0.0
5,minimum_500_always,2020-11-02T01:00:00+02:00,-160.0,0.0,1,1,0,0,0.0
5,minimum_500_always,2020-12-01T01:00:00+02:00,-195.0,0.0,1,1,0,0,0.0
5,minimum_500_always,2021-01-04T01:00:00+02:00,-160.0,0.0,1,1,0,0,0.0
5,minimum_500_always,2021-02-01T01:00:00+02:00,-160.0,0.0,1,1,0,0,0.0
5,minimum_500_always,2021-03-01T01:00:00+02:00,-195.0,0.0,1,1,0,0,0.0
5,minimum_500_always,2021-04-01T01:00:00+03:00,-160.0,0.0,1,1,0,0,0.0
5,minimum_500_always,2021-05-03T01:00:00+03:00,-205.0,500.0,2,2,0,1,0.0
5,minimum_500_always,2021-06-01T01:00:00+03:00,-170.0,500.0,2,2,0,1,0.0
5,minimum_500_always,2021-07-01T01:00:00+03:00,-135.0,500.0,2,2,0,1,0.0
5,minimum_500_always,2021-08-02T01:00:00+03:00,-195.0,0.0,1,1,0,0,0.0
5,minimum_500_always,2021-09-01T01:00:00+03:00,-160.0,0.0,1,1,0,0,0.0
5,minimum_500_always,2021-10-01T01:00:00+03:00,-135.0,500.0,2,2,0,1,0.0
5,minimum_500_always,2021-11-01T01:00:00+02:00,-160.0,0.0,1,1,0,0,0.0
5,minimum_500_always,2021-12-01T01:00:00+02:00,-205.0,500.0,2,2,0,1,0.0
5,minimum_500_always,2022-01-03T01:00:00+02:00,-190.0,500.0,3,3,0,1,0.0
5,minimum_500_always,2022-02-01T01:00:00+02:00,-155.0,500.0,3,3,0,1,0.0
5,minimum_500_always,2022-03-01T01:00:00+02:00,-195.0,0.0,1,1,0,0,0.0
5,minimum_500_always,2022-04-01T01:00:00+03:00,-160.0,0.0,1,1,0,0,0.0
5,minimum_500_always,2022-05-02T01:00:00+03:00,13320.0,17000.0,16,16,3,34,0.0
5,minimum_500_always,2022-06-01T01:00:00+03:00,12730.0,17000.0,21,16,3,34,3841.4
5,minimum_500_always,2022-07-01T01:00:00+03:00,15765.0,20000.0,21,16,3,40,7032.9
5,minimum_500_always,2022-08-01T01:00:00+03:00,-160.0,0.0,1,1,0,0,0.0
5,minimum_500_always,2022-09-01T01:00:00+03:00,-195.0,0.0,1,1,0,0,0.0
5,minimum_500_always,2022-10-03T01:00:00+03:00,-160.0,0.0,1,1,0,0,0.0
5,minimum_500_always,2022-11-01T01:00:00+02:00,23310.0,27000.0,20,15,5,54,6632.3
5,minimum_500_always,2022-12-01T01:00:00+02:00,26845.0,30500.0,20,15,5,61,8399.8
5,minimum_500_always,2023-01-03T01:00:00+02:00,-265.0,0.0,1,1,0,0,0.0
5,minimum_500_always,2023-02-01T01:00:00+02:00,-230.0,0.0,1,1,0,0,0.0
5,minimum_500_always,2023-03-01T01:00:00+02:00,39450.0,43000.0,20,15,5,86,13013.8
5,minimum_500_always,2023-04-03T01:00:00+03:00,-160.0,0.0,1,1,0,0,0.0
5,minimum_500_always,2023-05-01T01:00:00+03:00,-195.0,0.0,1,1,0,0,0.0
5,minimum_500_always,2023-06-01T01:00:00+03:00,-160.0,0.0,1,1,0,0,0.0
5,minimum_500_always,2023-07-03T01:00:00+03:00,-160.0,0.0,1,1,0,0,0.0
5,minimum_500_always,2023-08-01T01:00:00+03:00,38310.0,42000.0,20,15,5,84,5676.5
5,minimum_500_always,2023-09-01T01:00:00+03:00,37460.0,42000.0,24,19,6,84,1419.85
5,minimum_500_always,2023-10-02T01:00:00+03:00,37580.0,42000.0,25,20,6,84,-36.65
5,minimum_500_always,2023-11-01T01:00:00+02:00,40115.0,44500.0,25,20,6,89,8935.1
5,minimum_500_always,2023-12-01T01:00:00+02:00,45150.0,49500.0,25,20,6,99,6776.35
5,minimum_500_always,2024-01-02T01:00:00+02:00,37145.0,42000.0,24,22,7,84,1508.8
5,minimum_500_always,2024-02-01T01:00:00+02:00,35680.0,40500.0,24,22,8,81,763.8
5,minimum_500_always,2024-03-01T01:00:00+02:00,-195.0,0.0,1,1,0,0,0.0
5,minimum_500_always,2024-04-01T01:00:00+03:00,-160.0,0.0,1,1,0,0,0.0
5,minimum_500_always,2024-05-01T01:00:00+03:00,20065.0,26000.0,29,27,8,52,375.0
5,minimum_500_always,2024-06-03T01:00:00+03:00,-150.0,1000.0,5,5,2,2,0.0
5,minimum_500_always,2024-07-01T01:00:00+03:00,-160.0,0.0,1,1,0,0,0.0
5,preserve_safety_net,2020-01-02T01:00:00+02:00,-195.0,0.0,1,1,0,0,0.0
5,preserve_safety_net,2020-02-03T01:00:00+02:00,-232.4,1162.6,5,5,1,2,0.0
5,preserve_safety_net,2020-03-02T01:00:00+02:00,-160.0,0.0,1,1,0,0,0.0
5,preserve_safety_net,2020-04-01T01:00:00+03:00,-185.45,1209.55,5,5,1,2,0.0
5,preserve_safety_net,2020-05-01T01:00:00+03:00,-150.45,1209.55,5,5,1,2,0.0
5,preserve_safety_net,2020-06-01T01:00:00+03:00,-230.0,0.0,1,1,0,0,0.0
5,preserve_safety_net,2020-07-01T01:00:00+03:00,-195.0,0.0,1,1,0,0,0.0
5,preserve_safety_net,2020-08-03T01:00:00+03:00,-160.0,0.0,1,1,0,0,0.0
5,preserve_safety_net,2020-09-01T01:00:00+03:00,-230.0,0.0,1,1,0,0,0.0
5,preserve_safety_net,2020-10-01T01:00:00+03:00,-195.0,0.0,1,1,0,0,0.0
5,preserve_safety_net,2020-11-02T01:00:00+02:00,-160.0,0.0,1,1,0,0,0.0
5,preserve_safety_net,2020-12-01T01:00:00+02:00,-195.0,0.0,1,1,0,0,0.0
5,preserve_safety_net,2021-01-04T01:00:00+02:00,-160.0,0.0,1,1,0,0,0.0
5,preserve_safety_net,2021-02-01T01:00:00+02:00,-160.0,0.0,1,1,0,0,0.0
5,preserve_safety_net,2021-03-01T01:00:00+02:00,-195.0,0.0,1,1,0,0,0.0
5,preserve_safety_net,2021-04-01T01:00:00+03:00,-160.0,0.0,1,1,0,0,0.0
5,preserve_safety_net,2021-05-03T01:00:00+03:00,-230.0,0.0,1,1,0,0,0.0
5,preserve_safety_net,2021-06-01T01:00:00+03:00,-195.0,0.0,1,1,0,0,0.0
5,preserve_safety_net,2021-07-01T01:00:00+03:00,-160.0,0.0,1,1,0,0,0.0
5,preserve_safety_net,2021-08-02T01:00:00+03:00,-195.0,0.0,1,1,0,0,0.0
5,preserve_safety_net,2021-09-01T01:00:00+03:00,-160.0,0.0,1,1,0,0,0.0
5,preserve_safety_net,2021-10-01T01:00:00+03:00,-160.0,0.0,1,1,0,0,0.0
5,preserve_safety_net,2021-11-01T01:00:00+02:00,-160.0,0.0,1,1,0,0,0.0
5,preserve_safety_net,2021-12-01T01:00:00+02:00,-199.45,705.55,5,5,1,1,0.0
5,preserve_safety_net,2022-01-03T01:00:00+02:00,-185.85,559.15,4,4,1,1,0.0
5,preserve_safety_net,2022-02-01T01:00:00+02:00,-150.85,559.15,4,4,1,1,0.0
5,preserve_safety_net,2022-03-01T01:00:00+02:00,-195.0,0.0,1,1,0,0,0.0
5,preserve_safety_net,2022-04-01T01:00:00+03:00,-160.0,0.0,1,1,0,0,0.0
5,preserve_safety_net,2022-05-02T01:00:00+03:00,11707.8,15282.8,16,11,2,27,2608.0
5,preserve_safety_net,2022-06-01T01:00:00+03:00,11742.8,15282.8,16,11,2,27,8991.75
5,preserve_safety_net,2022-07-01T01:00:00+03:00,17984.05,21489.05,16,11,2,37,8977.0
5,preserve_safety_net,2022-08-01T01:00:00+03:00,-160.0,0.0,1,1,0,0,0.0
5,preserve_safety_net,2022-09-01T01:00:00+03:00,-195.0,0.0,1,1,0,0,0.0
5,preserve_safety_net,2022-10-03T01:00:00+03:00,-160.0,0.0,1,1,0,0,0.0
5,preserve_safety_net,2022-11-01T01:00:00+02:00,-233.5,1056.5,5,5,1,2,0.0
5,preserve_safety_net,2022-12-01T01:00:00+02:00,-198.5,1056.5,5,5,1,2,0.0
5,preserve_safety_net,2023-01-03T01:00:00+02:00,-265.0,0.0,1,1,0,0,0.0
5,preserve_safety_net,2023-02-01T01:00:00+02:00,-230.0,0.0,1,1,0,0,0.0
5,preserve_safety_net,2023-03-01T01:00:00+02:00,-93.5,1056.5,5,5,1,2,0.0
5,preserve_safety_net,2023-04-03T01:00:00+03:00,-160.0,0.0,1,1,0,0,0.0
5,preserve_safety_net,2023-05-01T01:00:00+03:00,-195.0,0.0,1,1,0,0,0.0
5,preserve_safety_net,2023-06-01T01:00:00+03:00,-160.0,0.0,1,1,0,0,0.0
5,preserve_safety_net,2023-07-03T01:00:00+03:00,-160.0,0.0,1,1,0,0,0.0
5,preserve_safety_net,2023-08-01T01:00:00+03:00,35174.0,38569.0,14,14,4,50,0.0
5,preserve_safety_net,2023-09-01T01:00:00+03:00,38023.05,42203.05,20,15,3,53,1374.85
5,preserve_safety_net,2023-10-02T01:00:00+03:00,34365.85,38490.85,19,14,4,50,-81.65
5,preserve_safety_net,2023-11-01T01:00:00+02:00,37137.75,41227.75,19,14,4,55,8653.2
5,preserve_safety_net,2023-12-01T01:00:00+02:00,40157.5,44212.5,19,14,4,60,8509.7
5,preserve_safety_net,2024-01-02T01:00:00+02:00,38163.75,42378.75,20,15,4,56,7595.2
5,preserve_safety_net,2024-02-01T01:00:00+02:00,40252.85,43667.85,15,10,3,59,8611.45
5,preserve_safety_net,2024-03-01T01:00:00+02:00,-195.0,0.0,1,1,0,0,0.0
5,preserve_safety_net,2024-04-01T01:00:00+03:00,-160.0,0.0,1,1,0,0,0.0
5,preserve_safety_net,2024-05-01T01:00:00+03:00,24805.05,29685.05,20,20,4,41,0.0
5,preserve_safety_net,2024-06-03T01:00:00+03:00,22582.75,27207.75,16,16,4,38,0.0
5,preserve_safety_net,2024-07-01T01:00:00+03:00,-160.0,0.0,1,1,0,0,0.0
5,rush_to_uncapped,2020-01-02T01:00:00+02:00,-195.0,0.0,1,1,0,0,0.0
5,rush_to_uncapped,2020-02-03T01:00:00+02:00,-265.0,1500.0,6,6,1,3,0.0
5,rush_to_uncapped,2020-03-02T01:00:00+02:00,-160.0,0.0,1,1,0,0,0.0
5,rush_to_uncapped,2020-04-01T01:00:00+03:00,-195.0,1500.0,6,6,1,3,0.0
5,rush_to_uncapped,2020-05-01T01:00:00+03:00,-160.0,1500.0,6,6,1,3,0.0
5,rush_to_uncapped,2020-06-01T01:00:00+03:00,-230.0,0.0,1,1,0,0,0.0
5,rush_to_uncapped,2020-07-01T01:00:00+03:00,-195.0,0.0,1,1,0,0,0.0
5,rush_to_uncapped,2020-08-03T01:00:00+03:00,-160.0,0.0,1,1,0,0,0.0
5,rush_to_uncapped,2020-09-01T01:00:00+03:00,-230.0,0.0,1,1,0,0,0.0
5,rush_to_uncapped,2020-10-01T01:00:00+03:00,-195.0,0.0,1,1,0,0,0.0
5,rush_to_uncapped,2020-11-02T01:00:00+02:00,-160.0,0.0,1,1,0,0,0.0
5,rush_to_uncapped,2020-12-01T01:00:00+02:00,-195.0,0.0,1,1,0,0,0.0
5,rush_to_uncapped,2021-01-04T01:00:00+02:00,-160.0,0.0,1,1,0,0,0.0
5,rush_to_uncapped,2021-02-01T01:00:00+02:00,-160.0,0.0,1,1,0,0,0.0
5,rush_to_uncapped,2021-03-01T01:00:00+02:00,-195.0,0.0,1,1,0,0,0.0
5,rush_to_uncapped,2021-04-01T01:00:00+03:00,-160.0,0.0,1,1,0,0,0.0
5,rush_to_uncapped,2021-05-03T01:00:00+03:00,-205.0,500.0,2,2,0,1,0.0
5,rush_to_uncapped,2021-06-01T01:00:00+03:00,-170.0,500.0,2,2,0,1,0.0
5,rush_to_uncapped,2021-07-01T01:00:00+03:00,-135.0,500.0,2,2,0,1,0.0
5,rush_to_uncapped,2021-08-02T01:00:00+03:00,-195.0,0.0,1,1,0,0,0.0
5,rush_to_uncapped,2021-09-01T01:00:00+03:00,-160.0,0.0,1,1,0,0,0.0
5,rush_to_uncapped,2021-10-01T01:00:00+03:00,-135.0,500.0,2,2,0,1,0.0
5,rush_to_uncapped,2021-11-01T01:00:00+02:00,-160.0,0.0,1,1,0,0,0.0
5,rush_to_uncapped,2021-12-01T01:00:00+02:00,-205.0,500.0,2,2,0,1,0.0
5,rush_to_uncapped,2022-01-03T01:00:00+02:00,-190.0,500.0,3,3,0,1,0.0
5,rush_to_uncapped,2022-02-01T01:00:00+02:00,-155.0,500.0,3,3,0,1,0.0
5,rush_to_uncapped,2022-03-01T01:00:00+02:00,-195.0,0.0,1,1,0,0,0.0
5,rush_to_uncapped,2022-04-01T01:00:00+03:00,-160.0,0.0,1,1,0,0,0.0
5,rush_to_uncapped,2022-05-02T01:00:00+03:00,13320.0,17000.0,16,16,3,34,0.0
5,rush_to_uncapped,2022-06-01T01:00:00+03:00,12730.0,17000.0,21,16,3,34,3841.4
5,rush_to_uncapped,2022-07-01T01:00:00+03:00,15765.0,20000.0,21,16,3,40,7032.9
5,rush_to_uncapped,2022-08-01T01:00:00+03:00,-160.0,0.0,1,1,0,0,0.0
5,rush_to_uncapped,2022-09-01T01:00:00+03:00,-195.0,0.0,1,1,0,0,0.0
5,rush_to_uncapped,2022-10-03T01:00:00+03:00,-160.0,0.0,1,1,0,0,0.0
5,rush_to_uncapped,2022-11-01T01:00:00+02:00,23310.0,27000.0,20,15,5,54,6632.3
5,rush_to_uncapped,2022-12-01T01:00:00+02:00,29903.38,33628.38,20,17,6,61,5205.0
5,rush_to_uncapped,2023-01-03T01:00:00+02:00,-265.0,0.0,1,1,0,0,0.0
5,rush_to_uncapped,2023-02-01T01:00:00+02:00,-230.0,0.0,1,1,0,0,0.0
5,rush_to_uncapped,2023-03-01T01:00:00+02:00,37744.75,42374.75,25,20,7,71,8584.55
5,rush_to_uncapped,2023-04-03T01:00:00+03:00,-160.0,0.0,1,1,0,0,0.0
5,rush_to_uncapped,2023-05-01T01:00:00+03:00,-195.0,0.0,1,1,0,0,0.0
5,rush_to_uncapped,2023-06-01T01:00:00+03:00,-160.0,0.0,1,1,0,0,0.0
5,rush_to_uncapped,2023-07-03T01:00:00+03:00,-160.0,0.0,1,1,0,0,0.0
5,rush_to_uncapped,2023-08-01T01:00:00+03:00,33988.15,38518.15,20,20,7,64,0.0
5,rush_to_uncapped,2023-09-01T01:00:00+03:00,29602.2,35177.2,25,20,6,57,1544.2
5,rush_to_uncapped,2023-10-02T01:00:00+03:00,33258.15,38518.15,25,20,7,64,87.7
5,rush_to_uncapped,2023-11-01T01:00:00+02:00,35793.15,41018.15,25,20,7,69,9059.45
5,rush_to_uncapped,2023-12-01T01:00:00+02:00,40828.15,46018.15,25,20,7,79,6900.7
5,rush_to_uncapped,2024-01-02T01:00:00+02:00,34460.36,40105.36,25,24,7,69,754.4
5,rush_to_uncapped,2024-02-01T01:00:00+02:00,33120.36,38605.36,24,23,7,66,381.9
5,rush_to_uncapped,2024-03-01T01:00:00+02:00,-195.0,0.0,1,1,0,0,0.0
5,rush_to_uncapped,2024-04-01T01:00:00+03:00,-160.0,0.0,1,1,0,0,0.0
5,rush_to_uncapped,2024-05-01T01:00:00+03:00,19551.89,25876.89,31,28,8,49,562.5
5,rush_to_uncapped,2024-06-03T01:00:00+03:00,-150.0,1000.0,5,5,2,2,0.0
5,rush_to_uncapped,2024-07-01T01:00:00+03:00,-160.0,0.0,1,1,0,0,0.0
6,cap_maximizer,2020-01-02T01:00:00+02:00,-195.0,0.0,1,1,0,0,0.0
6,cap_maximizer,2020-02-03T01:00:00+02:00,-250.0,1500.0,7,7,1,1,0.0
6,cap_maximizer,2020-03-02T01:00:00+02:00,-160.0,0.0,1,1,0,0,0.0
6,cap_maximizer,2020-04-01T01:00:00+03:00,-180.0,1500.0,7,7,1,1,0.0
6,cap_maximizer,2020-05-01T01:00:00+03:00,-145.0,1500.0,7,7,1,1,0.0
6,cap_maximizer,2020-06-01T01:00:00+03:00,-230.0,0.0,1,1,0,0,0.0
6,cap_maximizer,2020-07-01T01:00:00+03:00,-195.0,0.0,1,1,0,0,0.0
6,cap_maximizer,2020-08-03T01:00:00+03:00,-160.0,0.0,1,1,0,0,0.0
6,cap_maximizer,2020-09-01T01:00:00+03:00,-230.0,0.0,1,1,0,0,0.0
6,cap_maximizer,2020-10-01T01:00:00+03:00,-195.0,0.0,1,1,0,0,0.0
6,cap_maximizer,2020-11-02T01:00:00+02:00,-160.0,0.0,1,1,0,0,0.0
6,cap_maximizer,2020-12-01T01:00:00+02:00,-195.0,0.0,1,1,0,0,0.0
6,cap_maximizer,2021-01-04T01:00:00+02:00,-160.0,0.0,1,1,0,0,0.0
6,cap_maximizer,2021-02-01T01:00:00+02:00,-160.0,0.0,1,1,0,0,0.0
6,cap_maximizer,2021-03-01T01:00:00+02:00,-195.0,0.0,1,1,0,0,0.0
6,cap_maximizer,2021-04-01T01:00:00+03:00,-160.0,0.0,1,1,0,0,0.0
6,cap_maximizer,2021-05-03T01:00:00+03:00,-230.0,0.0,1,1,0,0,0.0
6,cap_maximizer,2021-06-01T01:00:00+03:00,-195.0,0.0,1,1,0,0,0.0
6,cap_maximizer,2021-07-01T01:00:00+03:00,-160.0,0.0,1,1,0,0,0.0
6,cap_maximizer,2021-08-02T01:00:00+03:00,-195.0,0.0,1,1,0,0,0.0
6,cap_maximizer,2021-09-01T01:00:00+03:00,-160.0,0.0,1,1,0,0,0.0
6,cap_maximizer,2021-10-01T01:00:00+03:00,-160.0,0.0,1,1,0,0,0.0
6,cap_maximizer,2021-11-01T01:00:00+02:00,-160.0,0.0,1,1,0,0,0.0
6,cap_maximizer,2021-12-01T01:00:00+02:00,16130.0,19500.0,18,12,2,13,6303.6
6,cap_maximizer,2022-01-03T01:00:00+02:00,13740.0,16500.0,12,6,1,11,2548.6
6,cap_maximizer,2022-02-01T01:00:00+02:00,15275.0,18000.0,12,6,1,12,8520.4
6,cap_maximizer,2022-03-01T01:00:00+02:00,-195.0,0.0,1,1,0,0,0.0
6,cap_maximizer,2022-04-01T01:00:00+03:00,-160.0,0.0,1,1,0,0,0.0
6,cap_maximizer,2022-05-02T01:00:00+03:00,-230.0,1500.0,6,6,1,1,0.0
6,cap_maximizer,2022-06-01T01:00:00+03:00,-195.0,1500.0,6,6,1,1,0.0
6,cap_maximizer,2022-07-01T01:00:00+03:00,-160.0,1500.0,6,6,1,1,0.0
6,cap_maximizer,2022-08-01T01:00:00+03:00,-160.0,0.0,1,1,0,0,0.0
6,cap_maximizer,2022-09-01T01:00:00+03:00,-195.0,0.0,1,1,0,0,0.0
6,cap_maximizer,2022-10-03T01:00:00+03:00,-160.0,0.0,1,1,0,0,0.0
6,cap_maximizer,2022-11-01T01:00:00+02:00,27960.0,31500.0,16,10,2,21,7713.85
6,cap_maximizer,2022-12-01T01:00:00+02:00,33995.0,37500.0,16,10,2,25,8034.85
6,cap_maximizer,2023-01-03T01:00:00+02:00,-265.0,0.0,1,1,0,0,0.0
6,cap_maximizer,2023-02-01T01:00:00+02:00,-230.0,0.0,1,1,0,0,0.0
6,cap_maximizer,2023-03-01T01:00:00+02:00,48480.0,52500.0,19,14,3,35,4598.75
6,cap_maximizer,2023-04-03T01:00:00+03:00,-160.0,0.0,1,1,0,0,0.0
6,cap_maximizer,2023-05-01T01:00:00+03:00,-195.0,0.0,1,1,0,0,0.0
6,cap_maximizer,2023-06-01T01:00:00+03:00,-160.0,0.0,1,1,0,0,0.0
6,cap_maximizer,2023-07-03T01:00:00+03:00,-160.0,0.0,1,1,0,0,0.0
6,cap_maximizer,2023-08-01T01:00:00+03:00,45885.0,51000.0,23,23,7,34,0.0
6,cap_maximizer,2023-09-01T01:00:00+03:00,47905.0,54000.0,30,24,8,36,1767.3
6,cap_maximizer,2023-10-02T01:00:00+03:00,37995.0,43500.0,25,19,7,29,90.95
6,cap_maximizer,2023-11-01T01:00:00+02:00,38030.0,43500.0,25,19,7,29,13857.05
6,cap_maximizer,2023-12-01T01:00:00+02:00,47065.0,52500.0,25,19,7,35,8266.55
6,cap_maximizer,2024-01-02T01:00:00+02:00,33770.0,39000.0,20,20,3,26,0.0
6,cap_maximizer,2024-02-01T01:00:00+02:00,48480.0,54000.0,24,24,6,36,0.0
6,cap_maximizer,2024-03-01T01:00:00+02:00,-195.0,0.0,1,1,0,0,0.0
6,cap_maximizer,2024-04-01T01:00:00+03:00,-160.0,0.0,1,1,0,0,0.0
6,cap_maximizer,2024-05-01T01:00:00+03:00,24730.0,31500.0,27,26,4,21,187.5
6,cap_maximizer,2024-06-03T01:00:00+03:00,31720.0,37500.0,23,18,3,25,9852.25
6,cap_maximizer,2024-07-01T01:00:00+03:00,-160.0,0.0,1,1,0,0,0.0
6,half_of_maximum,2020-01-02T01:00:00+02:00,-195.0,0.0,1,1,0,0,0.0
6,half_of_maximum,2020-02-03T01:00:00+02:00,-250.0,1500.0,7,7,2,3,0.0
6,half_of_maximum,2020-03-02T01:00:00+02:00,-160.0,0.0,1,1,0,0,0.0
6,half_of_maximum,2020-04-01T01:00:00+03:00,-180.0,1500.0,7,7,1,3,0.0
6,half_of_maximum,2020-05-01T01:00:00+03:00,-145.0,1500.0,7,7,1,3,0.0
6,half_of_maximum,2020-06-01T01:00:00+03:00,-230.0,0.0,1,1,0,0,0.0
6,half_of_maximum,2020-07-01T01:00:00+03:00,-195.0,0.0,1,1,0,0,0.0
6,half_of_maximum,2020-08-03T01:00:00+03:00,-160.0,0.0,1,1,0,0,0.0
6,half_of_maximum,2020-09-01T01:00:00+03:00,-230.0,0.0,1,1,0,0,0.0
6,half_of_maximum,2020-10-01T01:00:00+03:00,-195.0,0.0,1,1,0,0,0.0
6,half_of_maximum,2020-11-02T01:00:00+02:00,-160.0,0.0,1,1,0,0,0.0
6,half_of_maximum,2020-12-01T01:00:00+02:00,-195.0,0.0,1,1,0,0,0.0
6,half_of_maximum,2021-01-04T01:00:00+02:00,-160.0,0.0,1,1,0,0,0.0
6,half_of_maximum,2021-02-01T01:00:00+02:00,-160.0,0.0,1,1,0,0,0.0
6,half_of_maximum,2021-03-01T01:00:00+02:00,-195.0,0.0,1,1,0,0,0.0
6,half_of_maximum,2021-04-01T01:00:00+03:00,-160.0,0.0,1,1,0,0,0.0
6,half_of_maximum,2021-05-03T01:00:00+03:00,-220.0,500.0,1,1,0,1,0.0
6,half_of_maximum,2021-06-01T01:00:00+03:00,-185.0,500.0,1,1,0,1,0.0
6,half_of_maximum,2021-07-01T01:00:00+03:00,-150.0,500.0,1,1,0,1,0.0
6,half_of_maximum,2021-08-02T01:00:00+03:00,-195.0,0.0,1,1,0,0,0.0
6,half_of_maximum,2021-09-01T01:00:00+03:00,-160.0,0.0,1,1,0,0,0.0
6,half_of_maximum,2021-10-01T01:00:00+03:00,-135.0,500.0,2,2,0,1,0.0
6,half_of_maximum,2021-11-01T01:00:00+02:00,-160.0,0.0,1,1,0,0,0.0
6,half_of_maximum,2021-12-01T01:00:00+02:00,-220.0,500.0,1,1,0,1,0.0
6,half_of_maximum,2022-01-03T01:00:00+02:00,-170.0,500.0,2,2,0,1,0.0
6,half_of_maximum,2022-02-01T01:00:00+02:00,-135.0,500.0,2,2,0,1,0.0
6,half_of_maximum,2022-03-01T01:00:00+02:00,-195.0,0.0,1,1,0,0,0.0
6,half_of_maximum,2022-04-01T01:00:00+03:00,-160.0,0.0,1,1,0,0,0.0
6,half_of_maximum,2022-05-02T01:00:00+03:00,-220.5,2264.5,7,7,1,4,0.0
6,half_of_maximum,2022-06-01T01:00:00+03:00,-185.5,2264.5,7,7,1,4,0.0
6,half_of_maximum,2022-07-01T01:00:00+03:00,-150.5,2264.5,7,7,1,4,0.0
6,half_of_maximum,2022-08-01T01:00:00+03:00,-160.0,0.0,1,1,0,0,0.0
6,half_of_maximum,2022-09-01T01:00:00+03:00,-195.0,0.0,1,1,0,0,0.0
6,half_of_maximum,2022-10-03T01:00:00+03:00,-160.0,0.0,1,1,0,0,0.0
6,half_of_maximum,2022-11-01T01:00:00+02:00,-230.0,1500.0,6,6,1,3,0.0
6,half_of_maximum,2022-12-01T01:00:00+02:00,-195.0,1500.0,6,6,1,3,0.0
6,half_of_maximum,2023-01-03T01:00:00+02:00,-265.0,0.0,1,1,0,0,0.0
6,half_of_maximum,2023-02-01T01:00:00+02:00,-230.0,0.0,1,1,0,0,0.0
6,half_of_maximum,2023-03-01T01:00:00+02:00,-90.0,1500.0,6,6,1,3,0.0
6,half_of_maximum,2023-04-03T01:00:00+03:00,-160.0,0.0,1,1,0,0,0.0
6,half_of_maximum,2023-05-01T01:00:00+03:00,-195.0,0.0,1,1,0,0,0.0
6,half_of_maximum,2023-06-01T01:00:00+03:00,-160.0,0.0,1,1,0,0,0.0
6,half_of_maximum,2023-07-03T01:00:00+03:00,-160.0,0.0,1,1,0,0,0.0
6,half_of_maximum,2023-08-01T01:00:00+03:00,37646.89,42726.89,23,22,7,68,1135.3
6,half_of_maximum,2023-09-01T01:00:00+03:00,36033.89,42318.89,29,23,7,67,1669.4
6,half_of_maximum,2023-10-02T01:00:00+03:00,36751.29,42721.29,29,23,7,68,-78.4
6,half_of_maximum,2023-11-01T01:00:00+02:00,39786.29,45721.29,29,23,7,74,10687.7
6,half_of_maximum,2023-12-01T01:00:00+02:00,46938.21,52838.21,29,23,7,86,6980.28
6,half_of_maximum,2024-01-02T01:00:00+02:00,35222.21,41682.21,29,29,5,72,0.0
6,half_of_maximum,2024-02-01T01:00:00+02:00,37425.67,43320.67,27,27,8,69,0.0
6,half_of_maximum,2024-03-01T01:00:00+02:00,-195.0,0.0,1,1,0,0,0.0
6,half_of_maximum,2024-04-01T01:00:00+03:00,-160.0,0.0,1,1,0,0,0.0
6,half_of_maximum,2024-05-01T01:00:00+03:00,13356.02,20771.02,33,31,9,37,375.0
6,half_of_maximum,2024-06-03T01:00:00+03:00,-135.0,1000.0,6,6,2,2,0.0
6,half_of_maximum,2024-07-01T01:00:00+03:00,-160.0,0.0,1,1,0,0,0.0
6,maximum_always,2020-01-02T01:00:00+02:00,-195.0,0.0,1,1,0,0,0.0
6,maximum_always,2020-02-03T01:00:00+02:00,-230.15,1449.85,7,7,1,2,0.0
6,maximum_always,2020-03-02T01:00:00+02:00,-160.0,0.0,1,1,0,0,0.0
6,maximum_always,2020-04-01T01:00:00+03:00,-183.2,1496.8,7,7,1,2,0.0
6,maximum_always,2020-05-01T01:00:00+03:00,-148.2,1496.8,7,7,1,2,0.0
6,maximum_always,2020-06-01T01:00:00+03:00,-230.0,0.0,1,1,0,0,0.0
6,maximum_always,2020-07-01T01:00:00+03:00,-195.0,0.0,1,1,0,0,0.0
6,maximum_always,2020-08-03T01:00:00+03:00,-160.0,0.0,1,1,0,0,0.0
6,maximum_always,2020-09-01T01:00:00+03:00,-230.0,0.0,1,1,0,0,0.0
6,maximum_always,2020-10-01T01:00:00+03:00,-195.0,0.0,1,1,0,0,0.0
6,maximum_always,2020-11-02T01:00:00+02:00,-160.0,0.0,1,1,0,0,0.0
6,maximum_always,2020-12-01T01:00:00+02:00,-195.0,0.0,1,1,0,0,0.0
6,maximum_always,2021-01-04T01:00:00+02:00,-160.0,0.0,1,1,0,0,0.0
6,maximum_always,2021-02-01T01:00:00+02:00,-160.0,0.0,1,1,0,0,0.0
6,maximum_always,2021-03-01T01:00:00+02:00,-195.0,0.0,1,1,0,0,0.0
6,maximum_always,2021-04-01T01:00:00+03:00,-160.0,0.0,1,1,0,0,0.0
6,maximum_always,2021-05-03T01:00:00+03:00,-179.45,770.55,2,2,0,1,0.0
6,maximum_always,2021-06-01T01:00:00+03:00,-144.45,770.55,2,2,0,1,0.0
6,maximum_always,2021-07-01T01:00:00+03:00,-109.45,770.55,2,2,0,1,0.0
6,maximum_always,2021-08-02T01:00:00+03:00,-195.0,0.0,1,1,0,0,0.0
6,maximum_always,2021-09-01T01:00:00+03:00,-160.0,0.0,1,1,0,0,0.0
6,maximum_always,2021-10-01T01:00:00+03:00,-134.1,500.9,2,2,0,1,0.0
6,maximum_always,2021-11-01T01:00:00+02:00,-160.0,0.0,1,1,0,0,0.0
6,maximum_always,2021-12-01T01:00:00+02:00,-223.1,641.9,3,3,0,1,0.0
6,maximum_always,2022-01-03T01:00:00+02:00,-187.35,517.65,2,2,0,1,0.0
6,maximum_always,2022-02-01T01:00:00+02:00,-152.35,517.65,2,2,0,1,0.0
6,maximum_always,2022-03-01T01:00:00+02:00,-195.0,0.0,1,1,0,0,0.0
6,maximum_always,2022-04-01T01:00:00+03:00,-160.0,0.0,1,1,0,0,0.0
6,maximum_always,2022-05-02T01:00:00+03:00,-227.65,2062.35,6,6,1,3,0.0
6,maximum_always,2022-06-01T01:00:00+03:00,-192.65,2062.35,6,6,1,3,0.0
6,maximum_always,2022-07-01T01:00:00+03:00,-157.65,2062.35,6,6,1,3,0.0
6,maximum_always,2022-08-01T01:00:00+03:00,-160.0,0.0,1,1,0,0,0.0
6,maximum_always,2022-09-01T01:00:00+03:00,-195.0,0.0,1,1,0,0,0.0
6,maximum_always,2022-10-03T01:00:00+03:00,-160.0,0.0,1,1,0,0,0.0
6,maximum_always,2022-11-01T01:00:00+02:00,-267.5,1217.5,6,6,1,2,0.0
6,maximum_always,2022-12-01T01:00:00+02:00,-232.5,1217.5,6,6,1,2,0.0
6,maximum_always,2023-01-03T01:00:00+02:00,-265.0,0.0,1,1,0,0,0.0
6,maximum_always,2023-02-01T01:00:00+02:00,-230.0,0.0,1,1,0,0,0.0
6,maximum_always,2023-03-01T01:00:00+02:00,-127.5,1217.5,6,6,1,2,0.0
6,maximum_always,2023-04-03T01:00:00+03:00,-160.0,0.0,1,1,0,0,0.0
6,maximum_always,2023-05-01T01:00:00+03:00,-195.0,0.0,1,1,0,0,0.0
6,maximum_always,2023-06-01T01:00:00+03:00,-160.0,0.0,1,1,0,0,0.0
6,maximum_always,2023-07-03T01:00:00+03:00,-160.0,0.0,1,1,0,0,0.0
6,maximum_always,2023-08-01T01:00:00+03:00,31874.8,37254.8,24,24,7,47,0.0
6,maximum_always,2023-09-01T01:00:00+03:00,27471.05,34251.05,31,25,6,44,1767.3
6,maximum_always,2023-10-02T01:00:00+03:00,30906.65,37176.65,30,24,7,47,19.5
6,maximum_always,2023-11-01T01:00:00+02:00,34273.45,40508.45,30,24,7,53,10453.8
6,maximum_always,2023-12-01T01:00:00+02:00,44797.95,51207.95,30,30,8,65,0.0
6,maximum_always,2024-01-02T01:00:00+02:00,36816.35,43626.35,29,29,7,57,0.0
6,maximum_always,2024-02-01T01:00:00+02:00,32693.65,39148.65,27,27,6,52,0.0
6,maximum_always,2024-03-01T01:00:00+02:00,-195.0,0.0,1,1,0,0,0.0
6,maximum_always,2024-04-01T01:00:00+03:00,-160.0,0.0,1,1,0,0,0.0
6,maximum_always,2024-05-01T01:00:00+03:00,22102.6,28617.6,23,23,4,38,0.0
6,maximum_always,2024-06-03T01:00:00+03:00,-146.5,688.5,5,5,1,1,0.0
6,maximum_always,2024-07-01T01:00:00+03:00,-160.0,0.0,1,1,0,0,0.0
6,minimum_500_always,2020-01-02T01:00:00+02:00,-195.0,0.0,1,1,0,0,0.0
6,minimum_500_always,2020-02-03T01:00:00+02:00,-250.0,1500.0,7,7,2,3,0.0
6,minimum_500_always,2020-03-02T01:00:00+02:00,-160.0,0.0,1,1,0,0,0.0
6,minimum_500_always,2020-04-01T01:00:00+03:00,-180.0,1500.0,7,7,1,3,0.0
6,minimum_500_always,2020-05-01T01:00:00+03:00,-145.0,1500.0,7,7,1,3,0.0
6,minimum_500_always,2020-06-01T01:00:00+03:00,-230.0,0.0,1,1,0,0,0.0
6,minimum_500_always,2020-07-01T01:00:00+03:00,-195.0,0.0,1,1,0,0,0.0
6,minimum_500_always,2020-08-03T01:00:00+03:00,-160.0,0.0,1,1,0,0,0.0
6,minimum_500_always,2020-09-01T01:00:00+03:00,-230.0,0.0,1,1,0,0,0.0
6,minimum_500_always,2020-10-01T01:00:00+03:00,-195.0,0.0,1,1,0,0,0.0
6,minimum_500_always,2020-11-02T01:00:00+02:00,-160.0,0.0,1,1,0,0,0.0
6,minimum_500_always,2020-12-01T01:00:00+02:00,-195.0,0.0,1,1,0,0,0.0
6,minimum_500_always,2021-01-04T01:00:00+02:00,-160.0,0.0,1,1,0,0,0.0
6,minimum_500_always,2021-02-01T01:00:00+02:00,-160.0,0.0,1,1,0,0,0.0
6,minimum_500_always,2021-03-01T01:00:00+02:00,-195.0,0.0,1,1,0,0,0.0
6,minimum_500_always,2021-04-01T01:00:00+03:00,-160.0,0.0,1,1,0,0,0.0
6,minimum_500_always,2021-05-03T01:00:00+03:00,-220.0,500.0,1,1,0,1,0.0
6,minimum_500_always,2021-06-01T01:00:00+03:00,-185.0,500.0,1,1,0,1,0.0
6,minimum_500_always,2021-07-01T01:00:00+03:00,-150.0,500.0,1,1,0,1,0.0
6,minimum_500_always,2021-08-02T01:00:00+03:00,-195.0,0.0,1,1,0,0,0.0
6,minimum_500_always,2021-09-01T01:00:00+03:00,-160.0,0.0,1,1,0,0,0.0
6,minimum_500_always,2021-10-01T01:00:00+03:00,-135.0,500.0,2,2,0,1,0.0
6,minimum_500_always,2021-11-01T01:00:00+02:00,-160.0,0.0,1,1,0,0,0.0
6,minimum_500_always,2021-12-01T01:00:00+02:00,-220.0,500.0,1,1,0,1,0.0
6,minimum_500_always,2022-01-03T01:00:00+02:00,-170.0,500.0,2,2,0,1,0.0
6,minimum_500_always,2022-02-01T01:00:00+02:00,-135.0,500.0,2,2,0,1,0.0
6,minimum_500_always,2022-03-01T01:00:00+02:00,-195.0,0.0,1,1,0,0,0.0
6,minimum_500_always,2022-04-01T01:00:00+03:00,-160.0,0.0,1,1,0,0,0.0
6,minimum_500_always,2022-05-02T01:00:00+03:00,15095.0,19500.0,19,19,3,39,0.0
6,minimum_500_always,2022-06-01T01:00:00+03:00,14470.0,19500.0,24,19,3,39,3841.4
6,minimum_500_always,2022-07-01T01:00:00+03:00,17380.0,22500.0,25,19,3,45,7840.1
6,minimum_500_always,2022-08-01T01:00:00+03:00,-160.0,0.0,1,1,0,0,0.0
6,minimum_500_always,2022-09-01T01:00:00+03:00,-195.0,0.0,1,1,0,0,0.0
6,minimum_500_always,2022-10-03T01:00:00+03:00,-160.0,0.0,1,1,0,0,0.0
6,minimum_500_always,2022-11-01T01:00:00+02:00,-230.0,1500.0,6,6,1,3,0.0
6,minimum_500_always,2022-12-01T01:00:00+02:00,-195.0,1500.0,6,6,1,3,0.0
6,minimum_500_always,2023-01-03T01:00:00+02:00,-265.0,0.0,1,1,0,0,0.0
6,minimum_500_always,2023-02-01T01:00:00+02:00,-230.0,0.0,1,1,0,0,0.0
6,minimum_500_always,2023-03-01T01:00:00+02:00,-90.0,1500.0,6,6,1,3,0.0
6,minimum_500_always,2023-04-03T01:00:00+03:00,-160.0,0.0,1,1,0,0,0.0
6,minimum_500_always,2023-05-01T01:00:00+03:00,-195.0,0.0,1,1,0,0,0.0
6,minimum_500_always,2023-06-01T01:00:00+03:00,-160.0,0.0,1,1,0,0,0.0
6,minimum_500_always,2023-07-03T01:00:00+03:00,-160.0,0.0,1,1,0,0,0.0
6,minimum_500_always,2023-08-01T01:00:00+03:00,45100.0,49500.0,24,18,5,99,6811.8
6,minimum_500_always,2023-09-01T01:00:00+03:00,44020.0,49500.0,29,23,6,99,1714.4
6,minimum_500_always,2023-10-02T01:00:00+03:00,44210.0,49500.0,30,24,6,99,-33.4
6,minimum_500_always,2023-11-01T01:00:00+02:00,47245.0,52500.0,30,24,6,105,10732.7
6,minimum_500_always,2023-12-01T01:00:00+02:00,53280.0,58500.0,30,24,6,117,8142.2
6,minimum_500_always,2024-01-02T01:00:00+02:00,38600.0,44500.0,29,27,6,89,1508.8
6,minimum_500_always,2024-02-01T01:00:00+02:00,33810.0,39500.0,29,27,8,79,763.8
6,minimum_500_always,2024-03-01T01:00:00+02:00,-195.0,0.0,1,1,0,0,0.0
6,minimum_500_always,2024-04-01T01:00:00+03:00,-160.0,0.0,1,1,0,0,0.0
6,minimum_500_always,2024-05-01T01:00:00+03:00,20865.0,28000.0,33,31,8,56,375.0
6,minimum_500_always,2024-06-03T01:00:00+03:00,-135.0,1000.0,6,6,2,2,0.0
6,minimum_500_always,2024-07-01T01:00:00+03:00,-160.0,0.0,1,1,0,0,0.0
6,preserve_safety_net,2020-01-02T01:00:00+02:00,-195.0,0.0,1,1,0,0,0.0
6,preserve_safety_net,2020-02-03T01:00:00+02:00,-252.4,1162.6,6,6,1,2,0.0
6,preserve_safety_net,2020-03-02T01:00:00+02:00,-160.0,0.0,1,1,0,0,0.0
6,preserve_safety_net,2020-04-01T01:00:00+03:00,-170.45,1209.55,6,6,1,2,0.0
6,preserve_safety_net,2020-05-01T01:00:00+03:00,-135.45,1209.55,6,6,1,2,0.0
6,preserve_safety_net,2020-06-01T01:00:00+03:00,-230.0,0.0,1,1,0,0,0.0
6,preserve_safety_net,2020-07-01T01:00:00+03:00,-195.0,0.0,1,1,0,0,0.0
6,preserve_safety_net,2020-08-03T01:00:00+03:00,-160.0,0.0,1,1,0,0,0.0
6,preserve_safety_net,2020-09-01T01:00:00+03:00,-230.0,0.0,1,1,0,0,0.0
6,preserve_safety_net,2020-10-01T01:00:00+03:00,-195.0,0.0,1,1,0,0,0.0
6,preserve_safety_net,2020-11-02T01:00:00+02:00,-160.0,0.0,1,1,0,0,0.0
6,preserve_safety_net,2020-12-01T01:00:00+02:00,-195.0,0.0,1,1,0,0,0.0
6,preserve_safety_net,2021-01-04T01:00:00+02:00,-160.0,0.0,1,1,0,0,0.0
6,preserve_safety_net,2021-02-01T01:00:00+02:00,-160.0,0.0,1,1,0,0,0.0
6,preserve_safety_net,2021-03-01T01:00:00+02:00,-195.0,0.0,1,1,0,0,0.0
6,preserve_safety_net,2021-04-01T01:00:00+03:00,-160.0,0.0,1,1,0,0,0.0
6,preserve_safety_net,2021-05-03T01:00:00+03:00,-230.0,0.0,1,1,0,0,0.0
6,preserve_safety_net,2021-06-01T01:00:00+03:00,-195.0,0.0,1,1,0,0,0.0
6,preserve_safety_net,2021-07-01T01:00:00+03:00,-160.0,0.0,1,1,0,0,0.0
6,preserve_safety_net,2021-08-02T01:00:00+03:00,-195.0,0.0,1,1,0,0,0.0
6,preserve_safety_net,2021-09-01T01:00:00+03:00,-160.0,0.0,1,1,0,0,0.0
6,preserve_safety_net,2021-10-01T01:00:00+03:00,-160.0,0.0,1,1,0,0,0.0
6,preserve_safety_net,2021-11-01T01:00:00+02:00,-160.0,0.0,1,1,0,0,0.0
6,preserve_safety_net,2021-12-01T01:00:00+02:00,-199.45,705.55,5,5,1,1,0.0
6,preserve_safety_net,2022-01-03T01:00:00+02:00,-185.85,559.15,4,4,1,1,0.0
6,preserve_safety_net,2022-02-01T01:00:00+02:00,-150.85,559.15,4,4,1,1,0.0
6,preserve_safety_net,2022-03-01T01:00:00+02:00,-195.0,0.0,1,1,0,0,0.0
6,preserve_safety_net,2022-04-01T01:00:00+03:00,-160.0,0.0,1,1,0,0,0.0
6,preserve_safety_net,2022-05-02T01:00:00+03:00,13418.85,17543.85,19,13,2,31,3129.6
6,preserve_safety_net,2022-06-01T01:00:00+03:00,13453.85,17543.85,19,13,2,31,10790.1
6,preserve_safety_net,2022-07-01T01:00:00+03:00,20936.35,24991.35,19,13,2,43,10772.4
6,preserve_safety_net,2022-08-01T01:00:00+03:00,-160.0,0.0,1,1,0,0,0.0
6,preserve_safety_net,2022-09-01T01:00:00+03:00,-195.0,0.0,1,1,0,0,0.0
6,preserve_safety_net,2022-10-03T01:00:00+03:00,-160.0,0.0,1,1,0,0,0.0
6,preserve_safety_net,2022-11-01T01:00:00+02:00,-288.5,1056.5,6,6,1,2,0.0
6,preserve_safety_net,2022-12-01T01:00:00+02:00,-253.5,1056.5,6,6,1,2,0.0
6,preserve_safety_net,2023-01-03T01:00:00+02:00,-265.0,0.0,1,1,0,0,0.0
6,preserve_safety_net,2023-02-01T01:00:00+02:00,-230.0,0.0,1,1,0,0,0.0
6,preserve_safety_net,2023-03-01T01:00:00+02:00,-148.5,1056.5,6,6,1,2,0.0
6,preserve_safety_net,2023-04-03T01:00:00+03:00,-160.0,0.0,1,1,0,0,0.0
6,preserve_safety_net,2023-05-01T01:00:00+03:00,-195.0,0.0,1,1,0,0,0.0
6,preserve_safety_net,2023-06-01T01:00:00+03:00,-160.0,0.0,1,1,0,0,0.0
6,preserve_safety_net,2023-07-03T01:00:00+03:00,-160.0,0.0,1,1,0,0,0.0
6,preserve_safety_net,2023-08-01T01:00:00+03:00,42635.95,46685.95,17,17,4,60,0.0
6,preserve_safety_net,2023-09-01T01:00:00+03:00,44216.35,49246.35,24,18,4,62,1571.5
6,preserve_safety_net,2023-10-02T01:00:00+03:00,41667.8,46607.8,23,17,4,60,-176.3
6,preserve_safety_net,2023-11-01T01:00:00+02:00,45039.4,49944.4,23,17,4,66,10253.2
6,preserve_safety_net,2023-12-01T01:00:00+02:00,48585.9,53455.9,23,17,4,72,10151.2
6,preserve_safety_net,2024-01-02T01:00:00+02:00,33153.2,38428.2,24,19,4,51,7595.2
6,preserve_safety_net,2024-02-01T01:00:00+02:00,48665.8,52770.8,18,12,2,72,10273.3
6,preserve_safety_net,2024-03-01T01:00:00+02:00,-195.0,0.0,1,1,0,0,0.0
6,preserve_safety_net,2024-04-01T01:00:00+03:00,-160.0,0.0,1,1,0,0,0.0
6,preserve_safety_net,2024-05-01T01:00:00+03:00,26314.65,32574.65,26,25,4,44,187.5
6,preserve_safety_net,2024-06-03T01:00:00+03:00,22691.1,28356.1,19,19,4,41,0.0
6,preserve_safety_net,2024-07-01T01:00:00+03:00,-160.0,0.0,1,1,0,0,0.0
6,rush_to_uncapped,2020-01-02T01:00:00+02:00,-195.0,0.0,1,1,0,0,0.0
6,rush_to_uncapped,2020-02-03T01:00:00+02:00,-250.0,1500.0,7,7,2,3,0.0
6,rush_to_uncapped,2020-03-02T01:00:00+02:00,-160.0,0.0,1,1,0,0,0.0
6,rush_to_uncapped,2020-04-01T01:00:00+03:00,-180.0,1500.0,7,7,1,3,0.0
6,rush_to_uncapped,2020-05-01T01:00:00+03:00,-145.0,1500.0,7,7,1,3,0.0
6,rush_to_uncapped,2020-06-01T01:00:00+03:00,-230.0,0.0,1,1,0,0,0.0
6,rush_to_uncapped,2020-07-01T01:00:00+03:00,-195.0,0.0,1,1,0,0,0.0
6,rush_to_uncapped,2020-08-03T01:00:00+03:00,-160.0,0.0,1,1,0,0,0.0
6,rush_to_uncapped,2020-09-01T01:00:00+03:00,-230.0,0.0,1,1,0,0,0.0
6,rush_to_uncapped,2020-10-01T01:00:00+03:00,-195.0,0.0,1,1,0,0,0.0
6,rush_to_uncapped,2020-11-02T01:00:00+02:00,-160.0,0.0,1,1,0,0,0.0
6,rush_to_uncapped,2020-12-01T01:00:00+02:00,-195.0,0.0,1,1,0,0,0.0
6,rush_to_uncapped,2021-01-04T01:00:00+02:00,-160.0,0.0,1,1,0,0,0.0
6,rush_to_uncapped,2021-02-01T01:00:00+02:00,-160.0,0.0,1,1,0,0,0.0
6,rush_to_uncapped,2021-03-01T01:00:00+02:00,-195.0,0.0,1,1,0,0,0.0
6,rush_to_uncapped,2021-04-01T01:00:00+03:00,-160.0,0.0,1,1,0,0,0.0
6,rush_to_uncapped,2021-05-03T01:00:00+03:00,-220.0,500.0,1,1,0,1,0.0
6,rush_to_uncapped,2021-06-01T01:00:00+03:00,-185.0,500.0,1,1,0,1,0.0
6,rush_to_uncapped,2021-07-01T01:00:00+03:00,-150.0,500.0,1,1,0,1,0.0
6,rush_to_uncapped,2021-08-02T01:00:00+03:00,-195.0,0.0,1,1,0,0,0.0
6,rush_to_uncapped,2021-09-01T01:00:00+03:00,-160.0,0.0,1,1,0,0,0.0
6,rush_to_uncapped,2021-10-01T01:00:00+03:00,-135.0,500.0,2,2,0,1,0.0
6,rush_to_uncapped,2021-11-01T01:00:00+02:00,-160.0,0.0,1,1,0,0,0.0
6,rush_to_uncapped,2021-12-01T01:00:00+02:00,-220.0,500.0,1,1,0,1,0.0
6,rush_to_uncapped,2022-01-03T01:00:00+02:00,-170.0,500.0,2,2,0,1,0.0
6,rush_to_uncapped,2022-02-01T01:00:00+02:00,-135.0,500.0,2,2,0,1,0.0
6,rush_to_uncapped,2022-03-01T01:00:00+02:00,-195.0,0.0,1,1,0,0,0.0
6,rush_to_uncapped,2022-04-01T01:00:00+03:00,-160.0,0.0,1,1,0,0,0.0
6,rush_to_uncapped,2022-05-02T01:00:00+03:00,15095.0,19500.0,19,19,3,39,0.0
6,rush_to_uncapped,2022-06-01T01:00:00+03:00,14470.0,19500.0,24,19,3,39,3841.4
6,rush_to_uncapped,2022-07-01T01:00:00+03:00,17380.0,22500.0,25,19,3,45,7840.1
6,rush_to_uncapped,2022-08-01T01:00:00+03:00,-160.0,0.0,1,1,0,0,0.0
6,rush_to_uncapped,2022-09-01T01:00:00+03:00,-195.0,0.0,1,1,0,0,0.0
6,rush_to_uncapped,2022-10-03T01:00:00+03:00,-160.0,0.0,1,1,0,0,0.0
6,rush_to_uncapped,2022-11-01T01:00:00+02:00,-230.0,1500.0,6,6,1,3,0.0
6,rush_to_uncapped,2022-12-01T01:00:00+02:00,-195.0,1500.0,6,6,1,3,0.0
6,rush_to_uncapped,2023-01-03T01:00:00+02:00,-265.0,0.0,1,1,0,0,0.0
6,rush_to_uncapped,2023-02-01T01:00:00+02:00,-230.0,0.0,1,1,0,0,0.0
6,rush_to_uncapped,2023-03-01T01:00:00+02:00,-90.0,1500.0,6,6,1,3,0.0
6,rush_to_uncapped,2023-04-03T01:00:00+03:00,-160.0,0.0,1,1,0,0,0.0
6,rush_to_uncapped,2023-05-01T01:00:00+03:00,-195.0,0.0,1,1,0,0,0.0
6,rush_to_uncapped,2023-06-01T01:00:00+03:00,-160.0,0.0,1,1,0,0,0.0
6,rush_to_uncapped,2023-07-03T01:00:00+03:00,-160.0,0.0,1,1,0,0,0.0
6,rush_to_uncapped,2023-08-01T01:00:00+03:00,40643.24,46113.24,25,24,7,76,948.7
6,rush_to_uncapped,2023-09-01T01:00:00+03:00,34725.69,41415.69,30,24,7,67,1838.75
6,rush_to_uncapped,2023-10-02T01:00:00+03:00,39753.24,46113.24,31,25,7,76,90.95
6,rush_to_uncapped,2023-11-01T01:00:00+02:00,42788.24,49113.24,31,25,7,82,10857.05
6,rush_to_uncapped,2023-12-01T01:00:00+02:00,48823.24,55113.24,31,25,7,94,8266.55
6,rush_to_uncapped,2024-01-02T01:00:00+02:00,33783.96,40453.96,29,28,6,71,754.4
6,rush_to_uncapped,2024-02-01T01:00:00+02:00,32631.87,38866.87,30,28,8,69,763.8
6,rush_to_uncapped,2024-03-01T01:00:00+02:00,-195.0,0.0,1,1,0,0,0.0
6,rush_to_uncapped,2024-04-01T01:00:00+03:00,-160.0,0.0,1,1,0,0,0.0
6,rush_to_uncapped,2024-05-01T01:00:00+03:00,20351.89,27876.89,35,32,8,53,562.5
6,rush_to_uncapped,2024-06-03T01:00:00+03:00,-135.0,1000.0,6,6,2,2,0.0
6,rush_to_uncapped,2024-07-01T01:00:00+03:00,-160.0,0.0,1,1,0,0,0.0
7,cap_maximizer,2020-01-02T01:00:00+02:00,-195.0,0.0,1,1,0,0,0.0
7,cap_maximizer,2020-02-03T01:00:00+02:00,-250.0,1500.0,7,7,1,1,0.0
7,cap_maximizer,2020-03-02T01:00:00+02:00,-160.0,0.0,1,1,0,0,0.0
7,cap_maximizer,2020-04-01T01:00:00+03:00,-180.0,1500.0,7,7,1,1,0.0
7,cap_maximizer,2020-05-01T01:00:00+03:00,-145.0,1500.0,7,7,1,1,0.0
7,cap_maximizer,2020-06-01T01:00:00+03:00,-230.0,0.0,1,1,0,0,0.0
7,cap_maximizer,2020-07-01T01:00:00+03:00,-195.0,0.0,1,1,0,0,0.0
7,cap_maximizer,2020-08-03T01:00:00+03:00,-160.0,0.0,1,1,0,0,0.0
7,cap_maximizer,2020-09-01T01:00:00+03:00,-230.0,0.0,1,1,0,0,0.0
7,cap_maximizer,2020-10-01T01:00:00+03:00,-195.0,0.0,1,1,0,0,0.0
7,cap_maximizer,2020-11-02T01:00:00+02:00,-160.0,0.0,1,1,0,0,0.0
7,cap_maximizer,2020-12-01T01:00:00+02:00,-195.0,0.0,1,1,0,0,0.0
7,cap_maximizer,2021-01-04T01:00:00+02:00,-160.0,0.0,1,1,0,0,0.0
7,cap_maximizer,2021-02-01T01:00:00+02:00,-160.0,0.0,1,1,0,0,0.0
7,cap_maximizer,2021-03-01T01:00:00+02:00,-195.0,0.0,1,1,0,0,0.0
7,cap_maximizer,2021-04-01T01:00:00+03:00,-160.0,0.0,1,1,0,0,0.0
7,cap_maximizer,2021-05-03T01:00:00+03:00,-230.0,0.0,1,1,0,0,0.0
7,cap_maximizer,2021-06-01T01:00:00+03:00,-195.0,0.0,1,1,0,0,0.0
7,cap_maximizer,2021-07-01T01:00:00+03:00,-160.0,0.0,1,1,0,0,0.0
7,cap_maximizer,2021-08-02T01:00:00+03:00,-195.0,0.0,1,1,0,0,0.0
7,cap_maximizer,2021-09-01T01:00:00+03:00,-160.0,0.0,1,1,0,0,0.0
7,cap_maximizer,2021-10-01T01:00:00+03:00,-160.0,0.0,1,1,0,0,0.0
7,cap_maximizer,2021-11-01T01:00:00+02:00,-160.0,0.0,1,1,0,0,0.0
7,cap_maximizer,2021-12-01T01:00:00+02:00,15370.0,19500.0,21,15,2,13,6067.75
7,cap_maximizer,2022-01-03T01:00:00+02:00,10670.0,13500.0,12,5,1,9,5047.6
7,cap_maximizer,2022-02-01T01:00:00+02:00,15205.0,18000.0,12,5,1,12,9264.7
7,cap_maximizer,2022-03-01T01:00:00+02:00,-195.0,0.0,1,1,0,0,0.0
7,cap_maximizer,2022-04-01T01:00:00+03:00,-160.0,0.0,1,1,0,0,0.0
7,cap_maximizer,2022-05-02T01:00:00+03:00,-215.0,1500.0,7,7,1,1,0.0
7,cap_maximizer,2022-06-01T01:00:00+03:00,-180.0,1500.0,7,7,1,1,0.0
7,cap_maximizer,2022-07-01T01:00:00+03:00,-145.0,1500.0,7,7,1,1,0.0
7,cap_maximizer,2022-08-01T01:00:00+03:00,-160.0,0.0,1,1,0,0,0.0
7,cap_maximizer,2022-09-01T01:00:00+03:00,-195.0,0.0,1,1,0,0,0.0
7,cap_maximizer,2022-10-03T01:00:00+03:00,-160.0,0.0,1,1,0,0,0.0
7,cap_maximizer,2022-11-01T01:00:00+02:00,28750.0,33000.0,20,13,4,22,8567.1
7,cap_maximizer,2022-12-01T01:00:00+02:00,34625.0,39000.0,21,14,4,26,9272.25
7,cap_maximizer,2023-01-03T01:00:00+02:00,-265.0,0.0,1,1,0,0,0.0
7,cap_maximizer,2023-02-01T01:00:00+02:00,-230.0,0.0,1,1,0,0,0.0
7,cap_maximizer,2023-03-01T01:00:00+02:00,55270.0,60000.0,23,18,6,40,6012.05
7,cap_maximizer,2023-04-03T01:00:00+03:00,-160.0,0.0,1,1,0,0,0.0
7,cap_maximizer,2023-05-01T01:00:00+03:00,-195.0,0.0,1,1,0,0,0.0
7,cap_maximizer,2023-06-01T01:00:00+03:00,-160.0,0.0,1,1,0,0,0.0
7,cap_maximizer,2023-07-03T01:00:00+03:00,-160.0,0.0,1,1,0,0,0.0
7,cap_maximizer,2023-08-01T01:00:00+03:00,54035.0,60000.0,27,27,8,40,0.0
7,cap_maximizer,2023-09-01T01:00:00+03:00,55895.0,63000.0,35,28,8,42,2061.85
7,cap_maximizer,2023-10-02T01:00:00+03:00,32755.0,39000.0,27,20,4,26,-3.7
7,cap_maximizer,2023-11-01T01:00:00+02:00,32790.0,39000.0,27,20,4,26,16056.75
7,cap_maximizer,2023-12-01T01:00:00+02:00,43325.0,49500.0,27,20,4,33,9534.5
7,cap_maximizer,2024-01-02T01:00:00+02:00,38940.0,45000.0,23,23,3,30,0.0
7,cap_maximizer,2024-02-01T01:00:00+02:00,56560.0,63000.0,28,28,6,42,0.0
7,cap_maximizer,2024-03-01T01:00:00+02:00,-195.0,0.0,1,1,0,0,0.0
7,cap_maximizer,2024-04-01T01:00:00+03:00,-160.0,0.0,1,1,0,0,0.0
7,cap_maximizer,2024-05-01T01:00:00+03:00,30060.0,37500.0,29,29,4,25,0.0
7,cap_maximizer,2024-06-03T01:00:00+03:00,36730.0,43500.0,27,21,3,29,11822.7
7,cap_maximizer,2024-07-01T01:00:00+03:00,-160.0,0.0,1,1,0,0,0.0
7,half_of_maximum,2020-01-02T01:00:00+02:00,-195.0,0.0,1,1,0,0,0.0
7,half_of_maximum,2020-02-03T01:00:00+02:00,-250.0,1500.0,7,7,2,3,0.0
7,half_of_maximum,2020-03-02T01:00:00+02:00,-160.0,0.0,1,1,0,0,0.0
7,half_of_maximum,2020-04-01T01:00:00+03:00,-180.0,1500.0,7,7,1,3,0.0
7,half_of_maximum,2020-05-01T01:00:00+03:00,-145.0,1500.0,7,7,1,3,0.0
7,half_of_maximum,2020-06-01T01:00:00+03:00,-230.0,0.0,1,1,0,0,0.0
7,half_of_maximum,2020-07-01T01:00:00+03:00,-195.0,0.0,1,1,0,0,0.0
7,half_of_maximum,2020-08-03T01:00:00+03:00,-160.0,0.0,1,1,0,0,0.0
7,half_of_maximum,2020-09-01T01:00:00+03:00,-230.0,0.0,1,1,0,0,0.0
7,half_of_maximum,2020-10-01T01:00:00+03:00,-195.0,0.0,1,1,0,0,0.0
7,half_of_maximum,2020-11-02T01:00:00+02:00,-160.0,0.0,1,1,0,0,0.0
7,half_of_maximum,2020-12-01T01:00:00+02:00,-195.0,0.0,1,1,0,0,0.0
7,half_of_maximum,2021-01-04T01:00:00+02:00,-160.0,0.0,1,1,0,0,0.0
7,half_of_maximum,2021-02-01T01:00:00+02:00,-160.0,0.0,1,1,0,0,0.0
7,half_of_maximum,2021-03-01T01:00:00+02:00,-195.0,0.0,1,1,0,0,0.0
7,half_of_maximum,2021-04-01T01:00:00+03:00,-160.0,0.0,1,1,0,0,0.0
7,half_of_maximum,2021-05-03T01:00:00+03:00,-220.0,500.0,1,1,0,1,0.0
7,half_of_maximum,2021-06-01T01:00:00+03:00,-185.0,500.0,1,1,0,1,0.0
7,half_of_maximum,2021-07-01T01:00:00+03:00,-150.0,500.0,1,1,0,1,0.0
7,half_of_maximum,2021-08-02T01:00:00+03:00,-195.0,0.0,1,1,0,0,0.0
7,half_of_maximum,2021-09-01T01:00:00+03:00,-160.0,0.0,1,1,0,0,0.0
7,half_of_maximum,2021-10-01T01:00:00+03:00,-135.0,500.0,2,2,0,1,0.0
7,half_of_maximum,2021-11-01T01:00:00+02:00,-160.0,0.0,1,1,0,0,0.0
7,half_of_maximum,2021-12-01T01:00:00+02:00,-220.0,500.0,1,1,0,1,0.0
7,half_of_maximum,2022-01-03T01:00:00+02:00,-170.0,500.0,2,2,0,1,0.0
7,half_of_maximum,2022-02-01T01:00:00+02:00,-135.0,500.0,2,2,0,1,0.0
7,half_of_maximum,2022-03-01T01:00:00+02:00,-195.0,0.0,1,1,0,0,0.0
7,half_of_maximum,2022-04-01T01:00:00+03:00,-160.0,0.0,1,1,0,0,0.0
7,half_of_maximum,2022-05-02T01:00:00+03:00,-220.5,2264.5,7,7,1,4,0.0
7,half_of_maximum,2022-06-01T01:00:00+03:00,-185.5,2264.5,7,7,1,4,0.0
7,half_of_maximum,2022-07-01T01:00:00+03:00,-150.5,2264.5,7,7,1,4,0.0
7,half_of_maximum,2022-08-01T01:00:00+03:00,-160.0,0.0,1,1,0,0,0.0
7,half_of_maximum,2022-09-01T01:00:00+03:00,-195.0,0.0,1,1,0,0,0.0
7,half_of_maximum,2022-10-03T01:00:00+03:00,-160.0,0.0,1,1,0,0,0.0
7,half_of_maximum,2022-11-01T01:00:00+02:00,-285.0,1500.0,7,7,1,3,0.0
7,half_of_maximum,2022-12-01T01:00:00+02:00,-250.0,1500.0,7,7,1,3,0.0
7,half_of_maximum,2023-01-03T01:00:00+02:00,-265.0,0.0,1,1,0,0,0.0
7,half_of_maximum,2023-02-01T01:00:00+02:00,-230.0,0.0,1,1,0,0,0.0
7,half_of_maximum,2023-03-01T01:00:00+02:00,-145.0,1500.0,7,7,1,3,0.0
7,half_of_maximum,2023-04-03T01:00:00+03:00,-160.0,0.0,1,1,0,0,0.0
7,half_of_maximum,2023-05-01T01:00:00+03:00,-195.0,0.0,1,1,0,0,0.0
7,half_of_maximum,2023-06-01T01:00:00+03:00,-160.0,0.0,1,1,0,0,0.0
7,half_of_maximum,2023-07-03T01:00:00+03:00,-160.0,0.0,1,1,0,0,0.0
7,half_of_maximum,2023-08-01T01:00:00+03:00,43414.49,49309.49,27,26,8,79,1135.3
7,half_of_maximum,2023-09-01T01:00:00+03:00,41550.47,48880.47,34,27,7,78,1963.95
7,half_of_maximum,2023-10-02T01:00:00+03:00,42358.89,49303.89,34,27,8,79,-75.15
7,half_of_maximum,2023-11-01T01:00:00+02:00,45893.89,52803.89,34,27,8,86,12485.3
7,half_of_maximum,2023-12-01T01:00:00+02:00,54243.63,61118.63,34,27,8,100,8148.31
7,half_of_maximum,2024-01-02T01:00:00+02:00,-106.43,1503.57,7,7,1,3,0.0
7,half_of_maximum,2024-02-01T01:00:00+02:00,44254.99,51069.99,31,31,10,82,0.0
7,half_of_maximum,2024-03-01T01:00:00+02:00,-195.0,0.0,1,1,0,0,0.0
7,half_of_maximum,2024-04-01T01:00:00+03:00,-160.0,0.0,1,1,0,0,0.0
7,half_of_maximum,2024-05-01T01:00:00+03:00,25488.95,33983.95,38,36,8,58,375.0
7,half_of_maximum,2024-06-03T01:00:00+03:00,-155.0,1000.0,7,7,2,2,0.0
7,half_of_maximum,2024-07-01T01:00:00+03:00,-160.0,0.0,1,1,0,0,0.0
7,maximum_always,2020-01-02T01:00:00+02:00,-195.0,0.0,1,1,0,0,0.0
7,maximum_always,2020-02-03T01:00:00+02:00,-230.15,1449.85,7,7,1,2,0.0
7,maximum_always,2020-03-02T01:00:00+02:00,-160.0,0.0,1,1,0,0,0.0
7,maximum_always,2020-04-01T01:00:00+03:00,-183.2,1496.8,7,7,1,2,0.0
7,maximum_always,2020-05-01T01:00:00+03:00,-148.2,1496.8,7,7,1,2,0.0
7,maximum_always,2020-06-01T01:00:00+03:00,-230.0,0.0,1,1,0,0,0.0
7,maximum_always,2020-07-01T01:00:00+03:00,-195.0,0.0,1,1,0,0,0.0
7,maximum_always,2020-08-03T01:00:00+03:00,-160.0,0.0,1,1,0,0,0.0
7,maximum_always,2020-09-01T01:00:00+03:00,-230.0,0.0,1,1,0,0,0.0
7,maximum_always,2020-10-01T01:00:00+03:00,-195.0,0.0,1,1,0,0,0.0
7,maximum_always,2020-11-02T01:00:00+02:00,-160.0,0.0,1,1,0,0,0.0
7,maximum_always,2020-12-01T01:00:00+02:00,-195.0,0.0,1,1,0,0,0.0
7,maximum_always,2021-01-04T01:00:00+02:00,-160.0,0.0,1,1,0,0,0.0
7,maximum_always,2021-02-01T01:00:00+02:00,-160.0,0.0,1,1,0,0,0.0
7,maximum_always,2021-03-01T01:00:00+02:00,-195.0,0.0,1,1,0,0,0.0
7,maximum_always,2021-04-01T01:00:00+03:00,-160.0,0.0,1,1,0,0,0.0
7,maximum_always,2021-05-03T01:00:00+03:00,-214.45,770.55,2,2,0,1,0.0
7,maximum_always,2021-06-01T01:00:00+03:00,-179.45,770.55,2,2,0,1,0.0
7,maximum_always,2021-07-01T01:00:00+03:00,-144.45,770.55,2,2,0,1,0.0
7,maximum_always,2021-08-02T01:00:00+03:00,-195.0,0.0,1,1,0,0,0.0
7,maximum_always,2021-09-01T01:00:00+03:00,-160.0,0.0,1,1,0,0,0.0
7,maximum_always,2021-10-01T01:00:00+03:00,-134.1,500.9,2,2,0,1,0.0
7,maximum_always,2021-11-01T01:00:00+02:00,-160.0,0.0,1,1,0,0,0.0
7,maximum_always,2021-12-01T01:00:00+02:00,-223.1,641.9,3,3,0,1,0.0
7,maximum_always,2022-01-03T01:00:00+02:00,-187.35,517.65,2,2,0,1,0.0
7,maximum_always,2022-02-01T01:00:00+02:00,-152.35,517.65,2,2,0,1,0.0
7,maximum_always,2022-03-01T01:00:00+02:00,-195.0,0.0,1,1,0,0,0.0
7,maximum_always,2022-04-01T01:00:00+03:00,-160.0,0.0,1,1,0,0,0.0
7,maximum_always,2022-05-02T01:00:00+03:00,-212.65,2062.35,7,7,1,3,0.0
7,maximum_always,2022-06-01T01:00:00+03:00,-177.65,2062.35,7,7,1,3,0.0
7,maximum_always,2022-07-01T01:00:00+03:00,-142.65,2062.35,7,7,1,3,0.0
7,maximum_always,2022-08-01T01:00:00+03:00,-160.0,0.0,1,1,0,0,0.0
7,maximum_always,2022-09-01T01:00:00+03:00,-195.0,0.0,1,1,0,0,0.0
7,maximum_always,2022-10-03T01:00:00+03:00,-160.0,0.0,1,1,0,0,0.0
7,maximum_always,2022-11-01T01:00:00+02:00,-287.5,1217.5,7,7,1,2,0.0
7,maximum_always,2022-12-01T01:00:00+02:00,-252.5,1217.5,7,7,1,2,0.0
7,maximum_always,2023-01-03T01:00:00+02:00,-265.0,0.0,1,1,0,0,0.0
7,maximum_always,2023-02-01T01:00:00+02:00,-230.0,0.0,1,1,0,0,0.0
7,maximum_always,2023-03-01T01:00:00+02:00,-147.5,1217.5,7,7,1,2,0.0
7,maximum_always,2023-04-03T01:00:00+03:00,-160.0,0.0,1,1,0,0,0.0
7,maximum_always,2023-05-01T01:00:00+03:00,-195.0,0.0,1,1,0,0,0.0
7,maximum_always,2023-06-01T01:00:00+03:00,-160.0,0.0,1,1,0,0,0.0
7,maximum_always,2023-07-03T01:00:00+03:00,-160.0,0.0,1,1,0,0,0.0
7,maximum_always,2023-08-01T01:00:00+03:00,35587.75,41852.75,28,28,7,53,0.0
7,maximum_always,2023-09-01T01:00:00+03:00,27799.1,35709.1,35,28,6,46,1963.95
7,maximum_always,2023-10-02T01:00:00+03:00,33794.45,41109.45,35,28,7,52,-75.15
7,maximum_always,2023-11-01T01:00:00+02:00,37810.0,45090.0,35,28,7,59,12004.75
7,maximum_always,2023-12-01T01:00:00+02:00,49891.4,57381.4,35,35,8,73,0.0
7,maximum_always,2024-01-02T01:00:00+02:00,42516.85,50406.85,34,34,8,66,0.0
7,maximum_always,2024-02-01T01:00:00+02:00,27343.15,34893.15,31,31,6,48,0.0
7,maximum_always,2024-03-01T01:00:00+02:00,-195.0,0.0,1,1,0,0,0.0
7,maximum_always,2024-04-01T01:00:00+03:00,-160.0,0.0,1,1,0,0,0.0
7,maximum_always,2024-05-01T01:00:00+03:00,25554.65,33164.65,27,27,4,44,0.0
7,maximum_always,2024-06-03T01:00:00+03:00,-126.5,688.5,4,4,1,1,0.0
7,maximum_always,2024-07-01T01:00:00+03:00,-160.0,0.0,1,1,0,0,0.0
7,minimum_500_always,2020-01-02T01:00:00+02:00,-195.0,0.0,1,1,0,0,0.0
7,minimum_500_always,2020-02-03T01:00:00+02:00,-250.0,1500.0,7,7,2,3,0.0
7,minimum_500_always,2020-03-02T01:00:00+02:00,-160.0,0.0,1,1,0,0,0.0
7,minimum_500_always,2020-04-01T01:00:00+03:00,-180.0,1500.0,7,7,1,3,0.0
7,minimum_500_always,2020-05-01T01:00:00+03:00,-145.0,1500.0,7,7,1,3,0.0
7,minimum_500_always,2020-06-01T01:00:00+03:00,-230.0,0.0,1,1,0,0,0.0
7,minimum_500_always,2020-07-01T01:00:00+03:00,-195.0,0.0,1,1,0,0,0.0
7,minimum_500_always,2020-08-03T01:00:00+03:00,-160.0,0.0,1,1,0,0,0.0
7,minimum_500_always,2020-09-01T01:00:00+03:00,-230.0,0.0,1,1,0,0,0.0
7,minimum_500_always,2020-10-01T01:00:00+03:00,-195.0,0.0,1,1,0,0,0.0
7,minimum_500_always,2020-11-02T01:00:00+02:00,-160.0,0.0,1,1,0,0,0.0
7,minimum_500_always,2020-12-01T01:00:00+02:00,-195.0,0.0,1,1,0,0,0.0
7,minimum_500_always,2021-01-04T01:00:00+02:00,-160.0,0.0,1,1,0,0,0.0
7,minimum_500_always,2021-02-01T01:00:00+02:00,-160.0,0.0,1,1,0,0,0.0
7,minimum_500_always,2021-03-01T01:00:00+02:00,-195.0,0.0,1,1,0,0,0.0
7,minimum_500_always,2021-04-01T01:00:00+03:00,-160.0,0.0,1,1,0,0,0.0
7,minimum_500_always,2021-05-03T01:00:00+03:00,-220.0,500.0,1,1,0,1,0.0
7,minimum_500_always,2021-06-01T01:00:00+03:00,-185.0,500.0,1,1,0,1,0.0
7,minimum_500_always,2021-07-01T01:00:00+03:00,-150.0,500.0,1,1,0,1,0.0
7,minimum_500_always,2021-08-02T01:00:00+03:00,-195.0,0.0,1,1,0,0,0.0
7,minimum_500_always,2021-09-01T01:00:00+03:00,-160.0,0.0,1,1,0,0,0.0
7,minimum_500_always,2021-10-01T01:00:00+03:00,-135.0,500.0,2,2,0,1,0.0
7,minimum_500_always,2021-11-01T01:00:00+02:00,-160.0,0.0,1,1,0,0,0.0
7,minimum_500_always,2021-12-01T01:00:00+02:00,-220.0,500.0,1,1,0,1,0.0
7,minimum_500_always,2022-01-03T01:00:00+02:00,-170.0,500.0,2,2,0,1,0.0
7,minimum_500_always,2022-02-01T01:00:00+02:00,-135.0,500.0,2,2,0,1,0.0
7,minimum_500_always,2022-03-01T01:00:00+02:00,-195.0,0.0,1,1,0,0,0.0
7,minimum_500_always,2022-04-01T01:00:00+03:00,-160.0,0.0,1,1,0,0,0.0
7,minimum_500_always,2022-05-02T01:00:00+03:00,15510.0,20500.0,22,22,3,41,0.0
7,minimum_500_always,2022-06-01T01:00:00+03:00,14850.0,20500.0,27,22,3,41,3686.75
7,minimum_500_always,2022-07-01T01:00:00+03:00,17135.0,23000.0,29,22,3,46,8992.65
7,minimum_500_always,2022-08-01T01:00:00+03:00,-160.0,0.0,1,1,0,0,0.0
7,minimum_500_always,2022-09-01T01:00:00+03:00,-195.0,0.0,1,1,0,0,0.0
7,minimum_500_always,2022-10-03T01:00:00+03:00,-160.0,0.0,1,1,0,0,0.0
7,minimum_500_always,2022-11-01T01:00:00+02:00,-285.0,1500.0,7,7,1,3,0.0
7,minimum_500_always,2022-12-01T01:00:00+02:00,-250.0,1500.0,7,7,1,3,0.0
7,minimum_500_always,2023-01-03T01:00:00+02:00,-265.0,0.0,1,1,0,0,0.0
7,minimum_500_always,2023-02-01T01:00:00+02:00,-230.0,0.0,1,1,0,0,0.0
7,minimum_500_always,2023-03-01T01:00:00+02:00,-145.0,1500.0,7,7,1,3,0.0
7,minimum_500_always,2023-04-03T01:00:00+03:00,-160.0,0.0,1,1,0,0,0.0
7,minimum_500_always,2023-05-01T01:00:00+03:00,-195.0,0.0,1,1,0,0,0.0
7,minimum_500_always,2023-06-01T01:00:00+03:00,-160.0,0.0,1,1,0,0,0.0
7,minimum_500_always,2023-07-03T01:00:00+03:00,-160.0,0.0,1,1,0,0,0.0
7,minimum_500_always,2023-08-01T01:00:00+03:00,51890.0,57000.0,28,21,7,114,7947.1
7,minimum_500_always,2023-09-01T01:00:00+03:00,50580.0,57000.0,34,27,6,114,2008.95
7,minimum_500_always,2023-10-02T01:00:00+03:00,50840.0,57000.0,35,28,8,114,-30.15
7,minimum_500_always,2023-11-01T01:00:00+02:00,54375.0,60500.0,35,28,8,121,12530.3
7,minimum_500_always,2023-12-01T01:00:00+02:00,61410.0,67500.0,35,28,8,135,9508.05
7,minimum_500_always,2024-01-02T01:00:00+02:00,-110.0,1500.0,7,7,1,3,0.0
7,minimum_500_always,2024-02-01T01:00:00+02:00,41495.0,48000.0,33,31,9,96,763.8
7,minimum_500_always,2024-03-01T01:00:00+02:00,-195.0,0.0,1,1,0,0,0.0
7,minimum_500_always,2024-04-01T01:00:00+03:00,-160.0,0.0,1,1,0,0,0.0
7,minimum_500_always,2024-05-01T01:00:00+03:00,23750.0,32000.0,38,36,8,64,375.0
7,minimum_500_always,2024-06-03T01:00:00+03:00,-155.0,1000.0,7,7,2,2,0.0
7,minimum_500_always,2024-07-01T01:00:00+03:00,-160.0,0.0,1,1,0,0,0.0
7,preserve_safety_net,2020-01-02T01:00:00+02:00,-195.0,0.0,1,1,0,0,0.0
7,preserve_safety_net,2020-02-03T01:00:00+02:00,-252.4,1162.6,6,6,1,2,0.0
7,preserve_safety_net,2020-03-02T01:00:00+02:00,-160.0,0.0,1,1,0,0,0.0
7,preserve_safety_net,2020-04-01T01:00:00+03:00,-190.45,1209.55,7,7,1,2,0.0
7,preserve_safety_net,2020-05-01T01:00:00+03:00,-155.45,1209.55,7,7,1,2,0.0
7,preserve_safety_net,2020-06-01T01:00:00+03:00,-230.0,0.0,1,1,0,0,0.0
7,preserve_safety_net,2020-07-01T01:00:00+03:00,-195.0,0.0,1,1,0,0,0.0
7,preserve_safety_net,2020-08-03T01:00:00+03:00,-160.0,0.0,1,1,0,0,0.0
7,preserve_safety_net,2020-09-01T01:00:00+03:00,-230.0,0.0,1,1,0,0,0.0
7,preserve_safety_net,2020-10-01T01:00:00+03:00,-195.0,0.0,1,1,0,0,0.0
7,preserve_safety_net,2020-11-02T01:00:00+02:00,-160.0,0.0,1,1,0,0,0.0
7,preserve_safety_net,2020-12-01T01:00:00+02:00,-195.0,0.0,1,1,0,0,0.0
7,preserve_safety_net,2021-01-04T01:00:00+02:00,-160.0,0.0,1,1,0,0,0.0
7,preserve_safety_net,2021-02-01T01:00:00+02:00,-160.0,0.0,1,1,0,0,0.0
7,preserve_safety_net,2021-03-01T01:00:00+02:00,-195.0,0.0,1,1,0,0,0.0
7,preserve_safety_net,2021-04-01T01:00:00+03:00,-160.0,0.0,1,1,0,0,0.0
7,preserve_safety_net,2021-05-03T01:00:00+03:00,-230.0,0.0,1,1,0,0,0.0
7,preserve_safety_net,2021-06-01T01:00:00+03:00,-195.0,0.0,1,1,0,0,0.0
7,preserve_safety_net,2021-07-01T01:00:00+03:00,-160.0,0.0,1,1,0,0,0.0
7,preserve_safety_net,2021-08-02T01:00:00+03:00,-195.0,0.0,1,1,0,0,0.0
7,preserve_safety_net,2021-09-01T01:00:00+03:00,-160.0,0.0,1,1,0,0,0.0
7,preserve_safety_net,2021-10-01T01:00:00+03:00,-160.0,0.0,1,1,0,0,0.0
7,preserve_safety_net,2021-11-01T01:00:00+02:00,-160.0,0.0,1,1,0,0,0.0
7,preserve_safety_net,2021-12-01T01:00:00+02:00,-214.45,705.55,4,4,1,1,0.0
7,preserve_safety_net,2022-01-03T01:00:00+02:00,-165.85,559.15,3,3,1,1,0.0
7,preserve_safety_net,2022-02-01T01:00:00+02:00,-130.85,559.15,3,3,1,1,0.0
7,preserve_safety_net,2022-03-01T01:00:00+02:00,-195.0,0.0,1,1,0,0,0.0
7,preserve_safety_net,2022-04-01T01:00:00+03:00,-160.0,0.0,1,1,0,0,0.0
7,preserve_safety_net,2022-05-02T01:00:00+03:00,-224.45,1755.55,8,8,1,3,0.0
7,preserve_safety_net,2022-06-01T01:00:00+03:00,-189.45,1755.55,8,8,1,3,0.0
7,preserve_safety_net,2022-07-01T01:00:00+03:00,-154.45,1755.55,8,8,1,3,0.0
7,preserve_safety_net,2022-08-01T01:00:00+03:00,-160.0,0.0,1,1,0,0,0.0
7,preserve_safety_net,2022-09-01T01:00:00+03:00,-195.0,0.0,1,1,0,0,0.0
7,preserve_safety_net,2022-10-03T01:00:00+03:00,-160.0,0.0,1,1,0,0,0.0
7,preserve_safety_net,2022-11-01T01:00:00+02:00,-273.5,1056.5,7,7,1,2,0.0
7,preserve_safety_net,2022-12-01T01:00:00+02:00,-238.5,1056.5,7,7,1,2,0.0
7,preserve_safety_net,2023-01-03T01:00:00+02:00,-265.0,0.0,1,1,0,0,0.0
7,preserve_safety_net,2023-02-01T01:00:00+02:00,-230.0,0.0,1,1,0,0,0.0
7,preserve_safety_net,2023-03-01T01:00:00+02:00,-133.5,1056.5,7,7,1,2,0.0
7,preserve_safety_net,2023-04-03T01:00:00+03:00,-160.0,0.0,1,1,0,0,0.0
7,preserve_safety_net,2023-05-01T01:00:00+03:00,-195.0,0.0,1,1,0,0,0.0
7,preserve_safety_net,2023-06-01T01:00:00+03:00,-160.0,0.0,1,1,0,0,0.0
7,preserve_safety_net,2023-07-03T01:00:00+03:00,-160.0,0.0,1,1,0,0,0.0
7,preserve_safety_net,2023-08-01T01:00:00+03:00,50097.9,54802.9,20,20,4,70,0.0
7,preserve_safety_net,2023-09-01T01:00:00+03:00,51518.3,57363.3,28,21,4,72,1866.05
7,preserve_safety_net,2023-10-02T01:00:00+03:00,48969.75,54724.75,27,20,4,70,-173.05
7,preserve_safety_net,2023-11-01T01:00:00+02:00,52875.65,58595.65,27,20,4,77,12016.5
7,preserve_safety_net,2023-12-01T01:00:00+02:00,57036.65,62721.65,27,20,4,84,11868.25
7,preserve_safety_net,2024-01-02T01:00:00+02:00,37932.0,44057.0,28,22,4,59,9053.8
7,preserve_safety_net,2024-02-01T01:00:00+02:00,52610.1,57475.1,21,14,2,79,12010.7
7,preserve_safety_net,2024-03-01T01:00:00+02:00,-195.0,0.0,1,1,0,0,0.0
7,preserve_safety_net,2024-04-01T01:00:00+03:00,-160.0,0.0,1,1,0,0,0.0
7,preserve_safety_net,2024-05-01T01:00:00+03:00,30123.45,37373.45,30,29,4,51,187.5
7,preserve_safety_net,2024-06-03T01:00:00+03:00,25044.9,31609.9,22,22,4,46,0.0
7,preserve_safety_net,2024-07-01T01:00:00+03:00,-160.0,0.0,1,1,0,0,0.0
7,rush_to_uncapped,2020-01-02T01:00:00+02:00,-195.0,0.0,1,1,0,0,0.0
7,rush_to_uncapped,2020-02-03T01:00:00+02:00,-250.0,1500.0,7,7,2,3,0.0
7,rush_to_uncapped,2020-03-02T01:00:00+02:00,-160.0,0.0,1,1,0,0,0.0
7,rush_to_uncapped,2020-04-01T01:00:00+03:00,-180.0,1500.0,7,7,1,3,0.0
7,rush_to_uncapped,2020-05-01T01:00:00+03:00,-145.0,1500.0,7,7,1,3,0.0
7,rush_to_uncapped,2020-06-01T01:00:00+03:00,-230.0,0.0,1,1,0,0,0.0
7,rush_to_uncapped,2020-07-01T01:00:00+03:00,-195.0,0.0,1,1,0,0,0.0
7,rush_to_uncapped,2020-08-03T01:00:00+03:00,-160.0,0.0,1,1,0,0,0.0
7,rush_to_uncapped,2020-09-01T01:00:00+03:00,-230.0,0.0,1,1,0,0,0.0
7,rush_to_uncapped,2020-10-01T01:00:00+03:00,-195.0,0.0,1,1,0,0,0.0
7,rush_to_uncapped,2020-11-02T01:00:00+02:00,-160.0,0.0,1,1,0,0,0.0
7,rush_to_uncapped,2020-12-01T01:00:00+02:00,-195.0,0.0,1,1,0,0,0.0
7,rush_to_uncapped,2021-01-04T01:00:00+02:00,-160.0,0.0,1,1,0,0,0.0
7,rush_to_uncapped,2021-02-01T01:00:00+02:00,-160.0,0.0,1,1,0,0,0.0
7,rush_to_uncapped,2021-03-01T01:00:00+02:00,-195.0,0.0,1,1,0,0,0.0
7,rush_to_uncapped,2021-04-01T01:00:00+03:00,-160.0,0.0,1,1,0,0,0.0
7,rush_to_uncapped,2021-05-03T01:00:00+03:00,-220.0,500.0,1,1,0,1,0.0
7,rush_to_uncapped,2021-06-01T01:00:00+03:00,-185.0,500.0,1,1,0,1,0.0
7,rush_to_uncapped,2021-07-01T01:00:00+03:00,-150.0,500.0,1,1,0,1,0.0
7,rush_to_uncapped,2021-08-02T01:00:00+03:00,-195.0,0.0,1,1,0,0,0.0
7,rush_to_uncapped,2021-09-01T01:00:00+03:00,-160.0,0.0,1,1,0,0,0.0
7,rush_to_uncapped,2021-10-01T01:00:00+03:00,-135.0,500.0,2,2,0,1,0.0
7,rush_to_uncapped,2021-11-01T01:00:00+02:00,-160.0,0.0,1,1,0,0,0.0
7,rush_to_uncapped,2021-12-01T01:00:00+02:00,-220.0,500.0,1,1,0,1,0.0
7,rush_to_uncapped,2022-01-03T01:00:00+02:00,-170.0,500.0,2,2,0,1,0.0
7,rush_to_uncapped,2022-02-01T01:00:00+02:00,-135.0,500.0,2,2,0,1,0.0
7,rush_to_uncapped,2022-03-01T01:00:00+02:00,-195.0,0.0,1,1,0,0,0.0
7,rush_to_uncapped,2022-04-01T01:00:00+03:00,-160.0,0.0,1,1,0,0,0.0
7,rush_to_uncapped,2022-05-02T01:00:00+03:00,15510.0,20500.0,22,22,3,41,0.0
7,rush_to_uncapped,2022-06-01T01:00:00+03:00,14850.0,20500.0,27,22,3,41,3686.75
7,rush_to_uncapped,2022-07-01T01:00:00+03:00,17135.0,23000.0,29,22,3,46,8992.65
7,rush_to_uncapped,2022-08-01T01:00:00+03:00,-160.0,0.0,1,1,0,0,0.0
7,rush_to_uncapped,2022-09-01T01:00:00+03:00,-195.0,0.0,1,1,0,0,0.0
7,rush_to_uncapped,2022-10-03T01:00:00+03:00,-160.0,0.0,1,1,0,0,0.0
7,rush_to_uncapped,2022-11-01T01:00:00+02:00,-285.0,1500.0,7,7,1,3,0.0
7,rush_to_uncapped,2022-12-01T01:00:00+02:00,-250.0,1500.0,7,7,1,3,0.0
7,rush_to_uncapped,2023-01-03T01:00:00+02:00,-265.0,0.0,1,1,0,0,0.0
7,rush_to_uncapped,2023-02-01T01:00:00+02:00,-230.0,0.0,1,1,0,0,0.0
7,rush_to_uncapped,2023-03-01T01:00:00+02:00,-145.0,1500.0,7,7,1,3,0.0
7,rush_to_uncapped,2023-04-03T01:00:00+03:00,-160.0,0.0,1,1,0,0,0.0
7,rush_to_uncapped,2023-05-01T01:00:00+03:00,-195.0,0.0,1,1,0,0,0.0
7,rush_to_uncapped,2023-06-01T01:00:00+03:00,-160.0,0.0,1,1,0,0,0.0
7,rush_to_uncapped,2023-07-03T01:00:00+03:00,-160.0,0.0,1,1,0,0,0.0
7,rush_to_uncapped,2023-08-01T01:00:00+03:00,46527.63,52882.63,29,28,9,87,948.7
7,rush_to_uncapped,2023-09-01T01:00:00+03:00,40349.18,48154.18,35,28,7,78,2133.3
7,rush_to_uncapped,2023-10-02T01:00:00+03:00,45477.63,52882.63,36,29,9,87,94.2
7,rush_to_uncapped,2023-11-01T01:00:00+02:00,49012.63,56382.63,36,29,9,94,12654.65
7,rush_to_uncapped,2023-12-01T01:00:00+02:00,56047.63,63382.63,36,29,9,108,9632.4
7,rush_to_uncapped,2024-01-02T01:00:00+02:00,-110.0,1500.0,7,7,1,3,0.0
7,rush_to_uncapped,2024-02-01T01:00:00+02:00,39380.36,46605.36,34,32,10,82,763.8
7,rush_to_uncapped,2024-03-01T01:00:00+02:00,-195.0,0.0,1,1,0,0,0.0
7,rush_to_uncapped,2024-04-01T01:00:00+03:00,-160.0,0.0,1,1,0,0,0.0
7,rush_to_uncapped,2024-05-01T01:00:00+03:00,23521.89,32376.89,42,38,8,62,750.0
7,rush_to_uncapped,2024-06-03T01:00:00+03:00,-155.0,1000.0,7,7,2,2,0.0
7,rush_to_uncapped,2024-07-01T01:00:00+03:00,-160.0,0.0,1,1,0,0,0.0
8,cap_maximizer,2020-01-02T01:00:00+02:00,-195.0,0.0,1,1,0,0,0.0
8,cap_maximizer,2020-02-03T01:00:00+02:00,-265.0,1500.0,6,6,1,1,0.0
8,cap_maximizer,2020-03-02T01:00:00+02:00,-160.0,0.0,1,1,0,0,0.0
8,cap_maximizer,2020-04-01T01:00:00+03:00,-195.0,1500.0,6,6,1,1,0.0
8,cap_maximizer,2020-05-01T01:00:00+03:00,-160.0,1500.0,6,6,1,1,0.0
8,cap_maximizer,2020-06-01T01:00:00+03:00,-230.0,0.0,1,1,0,0,0.0
8,cap_maximizer,2020-07-01T01:00:00+03:00,-195.0,0.0,1,1,0,0,0.0
8,cap_maximizer,2020-08-03T01:00:00+03:00,-160.0,0.0,1,1,0,0,0.0
8,cap_maximizer,2020-09-01T01:00:00+03:00,-230.0,0.0,1,1,0,0,0.0
8,cap_maximizer,2020-10-01T01:00:00+03:00,-195.0,0.0,1,1,0,0,0.0
8,cap_maximizer,2020-11-02T01:00:00+02:00,-160.0,0.0,1,1,0,0,0.0
8,cap_maximizer,2020-12-01T01:00:00+02:00,-195.0,0.0,1,1,0,0,0.0
8,cap_maximizer,2021-01-04T01:00:00+02:00,-160.0,0.0,1,1,0,0,0.0
8,cap_maximizer,2021-02-01T01:00:00+02:00,-160.0,0.0,1,1,0,0,0.0
8,cap_maximizer,2021-03-01T01:00:00+02:00,-195.0,0.0,1,1,0,0,0.0
8,cap_maximizer,2021-04-01T01:00:00+03:00,-160.0,0.0,1,1,0,0,0.0
8,cap_maximizer,2021-05-03T01:00:00+03:00,-230.0,0.0,1,1,0,0,0.0
8,cap_maximizer,2021-06-01T01:00:00+03:00,-195.0,0.0,1,1,0,0,0.0
8,cap_maximizer,2021-07-01T01:00:00+03:00,-160.0,0.0,1,1,0,0,0.0
8,cap_maximizer,2021-08-02T01:00:00+03:00,-195.0,0.0,1,1,0,0,0.0
8,cap_maximizer,2021-09-01T01:00:00+03:00,-160.0,0.0,1,1,0,0,0.0
8,cap_maximizer,2021-10-01T01:00:00+03:00,-160.0,0.0,1,1,0,0,0.0
8,cap_maximizer,2021-11-01T01:00:00+02:00,-160.0,0.0,1,1,0,0,0.0
8,cap_maximizer,2021-12-01T01:00:00+02:00,11720.0,16500.0,22,17,4,11,5253.0
8,cap_maximizer,2022-01-03T01:00:00+02:00,7600.0,10500.0,12,4,1,7,7546.6
8,cap_maximizer,2022-02-01T01:00:00+02:00,15135.0,18000.0,12,4,1,12,10009.0
8,cap_maximizer,2022-03-01T01:00:00+02:00,-195.0,0.0,1,1,0,0,0.0
8,cap_maximizer,2022-04-01T01:00:00+03:00,-160.0,0.0,1,1,0,0,0.0
8,cap_maximizer,2022-05-02T01:00:00+03:00,-215.0,1500.0,7,7,1,1,0.0
8,cap_maximizer,2022-06-01T01:00:00+03:00,-180.0,1500.0,7,7,1,1,0.0
8,cap_maximizer,2022-07-01T01:00:00+03:00,-145.0,1500.0,7,7,1,1,0.0
8,cap_maximizer,2022-08-01T01:00:00+03:00,-160.0,0.0,1,1,0,0,0.0
8,cap_maximizer,2022-09-01T01:00:00+03:00,-195.0,0.0,1,1,0,0,0.0
8,cap_maximizer,2022-10-03T01:00:00+03:00,-160.0,0.0,1,1,0,0,0.0
8,cap_maximizer,2022-11-01T01:00:00+02:00,29540.0,34500.0,24,16,5,23,9389.45
8,cap_maximizer,2022-12-01T01:00:00+02:00,35255.0,40500.0,26,18,6,27,10478.75
8,cap_maximizer,2023-01-03T01:00:00+02:00,-265.0,0.0,1,1,0,0,0.0
8,cap_maximizer,2023-02-01T01:00:00+02:00,-230.0,0.0,1,1,0,0,0.0
8,cap_maximizer,2023-03-01T01:00:00+02:00,62060.0,67500.0,27,22,7,45,7425.35
8,cap_maximizer,2023-04-03T01:00:00+03:00,-160.0,0.0,1,1,0,0,0.0
8,cap_maximizer,2023-05-01T01:00:00+03:00,-195.0,0.0,1,1,0,0,0.0
8,cap_maximizer,2023-06-01T01:00:00+03:00,-160.0,0.0,1,1,0,0,0.0
8,cap_maximizer,2023-07-03T01:00:00+03:00,-160.0,0.0,1,1,0,0,0.0
8,cap_maximizer,2023-08-01T01:00:00+03:00,59275.0,66000.0,30,30,10,44,0.0
8,cap_maximizer,2023-09-01T01:00:00+03:00,60975.0,69000.0,39,31,8,46,2427.85
8,cap_maximizer,2023-10-02T01:00:00+03:00,44975.0,52500.0,35,27,8,35,97.45
8,cap_maximizer,2023-11-01T01:00:00+02:00,45010.0,52500.0,35,27,8,35,18452.25
8,cap_maximizer,2023-12-01T01:00:00+02:00,57045.0,64500.0,35,27,8,43,10998.25
8,cap_maximizer,2024-01-02T01:00:00+02:00,47020.0,54000.0,27,27,3,36,0.0
8,cap_maximizer,2024-02-01T01:00:00+02:00,64640.0,72000.0,32,32,6,48,0.0
8,cap_maximizer,2024-03-01T01:00:00+02:00,-195.0,0.0,1,1,0,0,0.0
8,cap_maximizer,2024-04-01T01:00:00+03:00,-160.0,0.0,1,1,0,0,0.0
8,cap_maximizer,2024-05-01T01:00:00+03:00,-130.0,1500.0,8,8,1,1,0.0
8,cap_maximizer,2024-06-03T01:00:00+03:00,41740.0,49500.0,31,24,3,33,13793.15
8,cap_maximizer,2024-07-01T01:00:00+03:00,-160.0,0.0,1,1,0,0,0.0
8,half_of_maximum,2020-01-02T01:00:00+02:00,-195.0,0.0,1,1,0,0,0.0
8,half_of_maximum,2020-02-03T01:00:00+02:00,-250.0,1500.0,7,7,2,3,0.0
8,half_of_maximum,2020-03-02T01:00:00+02:00,-160.0,0.0,1,1,0,0,0.0
8,half_of_maximum,2020-04-01T01:00:00+03:00,-180.0,1500.0,7,7,1,3,0.0
8,half_of_maximum,2020-05-01T01:00:00+03:00,-145.0,1500.0,7,7,1,3,0.0
8,half_of_maximum,2020-06-01T01:00:00+03:00,-230.0,0.0,1,1,0,0,0.0
8,half_of_maximum,2020-07-01T01:00:00+03:00,-195.0,0.0,1,1,0,0,0.0
8,half_of_maximum,2020-08-03T01:00:00+03:00,-160.0,0.0,1,1,0,0,0.0
8,half_of_maximum,2020-09-01T01:00:00+03:00,-230.0,0.0,1,1,0,0,0.0
8,half_of_maximum,2020-10-01T01:00:00+03:00,-195.0,0.0,1,1,0,0,0.0
8,half_of_maximum,2020-11-02T01:00:00+02:00,-160.0,0.0,1,1,0,0,0.0
8,half_of_maximum,2020-12-01T01:00:00+02:00,-195.0,0.0,1,1,0,0,0.0
8,half_of_maximum,2021-01-04T01:00:00+02:00,-160.0,0.0,1,1,0,0,0.0
8,half_of_maximum,2021-02-01T01:00:00+02:00,-160.0,0.0,1,1,0,0,0.0
8,half_of_maximum,2021-03-01T01:00:00+02:00,-195.0,0.0,1,1,0,0,0.0
8,half_of_maximum,2021-04-01T01:00:00+03:00,-160.0,0.0,1,1,0,0,0.0
8,half_of_maximum,2021-05-03T01:00:00+03:00,-220.0,500.0,1,1,0,1,0.0
8,half_of_maximum,2021-06-01T01:00:00+03:00,-185.0,500.0,1,1,0,1,0.0
8,half_of_maximum,2021-07-01T01:00:00+03:00,-150.0,500.0,1,1,0,1,0.0
8,half_of_maximum,2021-08-02T01:00:00+03:00,-195.0,0.0,1,1,0,0,0.0
8,half_of_maximum,2021-09-01T01:00:00+03:00,-160.0,0.0,1,1,0,0,0.0
8,half_of_maximum,2021-10-01T01:00:00+03:00,-135.0,500.0,2,2,0,1,0.0
8,half_of_maximum,2021-11-01T01:00:00+02:00,-160.0,0.0,1,1,0,0,0.0
8,half_of_maximum,2021-12-01T01:00:00+02:00,-220.0,500.0,1,1,0,1,0.0
8,half_of_maximum,2022-01-03T01:00:00+02:00,-170.0,500.0,2,2,0,1,0.0
8,half_of_maximum,2022-02-01T01:00:00+02:00,-135.0,500.0,2,2,0,1,0.0
8,half_of_maximum,2022-03-01T01:00:00+02:00,-195.0,0.0,1,1,0,0,0.0
8,half_of_maximum,2022-04-01T01:00:00+03:00,-160.0,0.0,1,1,0,0,0.0
8,half_of_maximum,2022-05-02T01:00:00+03:00,-205.5,2264.5,8,8,1,4,0.0
8,half_of_maximum,2022-06-01T01:00:00+03:00,-170.5,2264.5,8,8,1,4,0.0
8,half_of_maximum,2022-07-01T01:00:00+03:00,-135.5,2264.5,8,8,1,4,0.0
8,half_of_maximum,2022-08-01T01:00:00+03:00,-160.0,0.0,1,1,0,0,0.0
8,half_of_maximum,2022-09-01T01:00:00+03:00,-195.0,0.0,1,1,0,0,0.0
8,half_of_maximum,2022-10-03T01:00:00+03:00,-160.0,0.0,1,1,0,0,0.0
8,half_of_maximum,2022-11-01T01:00:00+02:00,-270.0,1500.0,8,8,1,3,0.0
8,half_of_maximum,2022-12-01T01:00:00+02:00,-235.0,1500.0,8,8,1,3,0.0
8,half_of_maximum,2023-01-03T01:00:00+02:00,-265.0,0.0,1,1,0,0,0.0
8,half_of_maximum,2023-02-01T01:00:00+02:00,-230.0,0.0,1,1,0,0,0.0
8,half_of_maximum,2023-03-01T01:00:00+02:00,-130.0,1500.0,8,8,1,3,0.0
8,half_of_maximum,2023-04-03T01:00:00+03:00,-160.0,0.0,1,1,0,0,0.0
8,half_of_maximum,2023-05-01T01:00:00+03:00,-195.0,0.0,1,1,0,0,0.0
8,half_of_maximum,2023-06-01T01:00:00+03:00,-160.0,0.0,1,1,0,0,0.0
8,half_of_maximum,2023-07-03T01:00:00+03:00,-160.0,0.0,1,1,0,0,0.0
8,half_of_maximum,2023-08-01T01:00:00+03:00,49661.07,56371.07,31,30,8,91,1135.3
8,half_of_maximum,2023-09-01T01:00:00+03:00,46878.4,55288.4,39,31,7,89,2160.6
8,half_of_maximum,2023-10-02T01:00:00+03:00,48445.47,56365.47,39,31,8,91,-169.8
8,half_of_maximum,2023-11-01T01:00:00+02:00,52480.47,60365.47,39,31,8,99,14185.0
8,half_of_maximum,2023-12-01T01:00:00+02:00,61958.03,69808.03,39,31,8,115,9288.44
8,half_of_maximum,2024-01-02T01:00:00+02:00,-126.43,1503.57,8,8,1,3,0.0
8,half_of_maximum,2024-02-01T01:00:00+02:00,48121.4,55821.4,35,35,10,90,0.0
8,half_of_maximum,2024-03-01T01:00:00+02:00,-195.0,0.0,1,1,0,0,0.0
8,half_of_maximum,2024-04-01T01:00:00+03:00,-160.0,0.0,1,1,0,0,0.0
8,half_of_maximum,2024-05-01T01:00:00+03:00,30944.7,40589.7,43,41,9,69,375.0
8,half_of_maximum,2024-06-03T01:00:00+03:00,-155.0,1000.0,7,7,2,2,0.0
8,half_of_maximum,2024-07-01T01:00:00+03:00,-160.0,0.0,1,1,0,0,0.0
8,maximum_always,2020-01-02T01:00:00+02:00,-195.0,0.0,1,1,0,0,0.0
8,maximum_always,2020-02-03T01:00:00+02:00,-245.15,1449.85,6,6,1,2,0.0
8,maximum_always,2020-03-02T01:00:00+02:00,-160.0,0.0,1,1,0,0,0.0
8,maximum_always,2020-04-01T01:00:00+03:00,-183.2,1496.8,7,7,1,2,0.0
8,maximum_always,2020-05-01T01:00:00+03:00,-148.2,1496.8,7,7,1,2,0.0
8,maximum_always,2020-06-01T01:00:00+03:00,-230.0,0.0,1,1,0,0,0.0
8,maximum_always,2020-07-01T01:00:00+03:00,-195.0,0.0,1,1,0,0,0.0
8,maximum_always,2020-08-03T01:00:00+03:00,-160.0,0.0,1,1,0,0,0.0
8,maximum_always,2020-09-01T01:00:00+03:00,-230.0,0.0,1,1,0,0,0.0
8,maximum_always,2020-10-01T01:00:00+03:00,-195.0,0.0,1,1,0,0,0.0
8,maximum_always,2020-11-02T01:00:00+02:00,-160.0,0.0,1,1,0,0,0.0
8,maximum_always,2020-12-01T01:00:00+02:00,-195.0,0.0,1,1,0,0,0.0
8,maximum_always,2021-01-04T01:00:00+02:00,-160.0,0.0,1,1,0,0,0.0
8,maximum_always,2021-02-01T01:00:00+02:00,-160.0,0.0,1,1,0,0,0.0
8,maximum_always,2021-03-01T01:00:00+02:00,-195.0,0.0,1,1,0,0,0.0
8,maximum_always,2021-04-01T01:00:00+03:00,-160.0,0.0,1,1,0,0,0.0
8,maximum_always,2021-05-03T01:00:00+03:00,-214.45,770.55,2,2,0,1,0.0
8,maximum_always,2021-06-01T01:00:00+03:00,-179.45,770.55,2,2,0,1,0.0
8,maximum_always,2021-07-01T01:00:00+03:00,-144.45,770.55,2,2,0,1,0.0
8,maximum_always,2021-08-02T01:00:00+03:00,-195.0,0.0,1,1,0,0,0.0
8,maximum_always,2021-09-01T01:00:00+03:00,-160.0,0.0,1,1,0,0,0.0
8,maximum_always,2021-10-01T01:00:00+03:00,-134.1,500.9,2,2,0,1,0.0
8,maximum_always,2021-11-01T01:00:00+02:00,-160.0,0.0,1,1,0,0,0.0
8,maximum_always,2021-12-01T01:00:00+02:00,-223.1,641.9,3,3,0,1,0.0
8,maximum_always,2022-01-03T01:00:00+02:00,-187.35,517.65,2,2,0,1,0.0
8,maximum_always,2022-02-01T01:00:00+02:00,-152.35,517.65,2,2,0,1,0.0
8,maximum_always,2022-03-01T01:00:00+02:00,-195.0,0.0,1,1,0,0,0.0
8,maximum_always,2022-04-01T01:00:00+03:00,-160.0,0.0,1,1,0,0,0.0
8,maximum_always,2022-05-02T01:00:00+03:00,-197.65,2062.35,8,8,1,3,0.0
8,maximum_always,2022-06-01T01:00:00+03:00,-162.65,2062.35,8,8,1,3,0.0
8,maximum_always,2022-07-01T01:00:00+03:00,-127.65,2062.35,8,8,1,3,0.0
8,maximum_always,2022-08-01T01:00:00+03:00,-160.0,0.0,1,1,0,0,0.0
8,maximum_always,2022-09-01T01:00:00+03:00,-195.0,0.0,1,1,0,0,0.0
8,maximum_always,2022-10-03T01:00:00+03:00,-160.0,0.0,1,1,0,0,0.0
8,maximum_always,2022-11-01T01:00:00+02:00,-267.5,1217.5,6,6,1,2,0.0
8,maximum_always,2022-12-01T01:00:00+02:00,-232.5,1217.5,6,6,1,2,0.0
8,maximum_always,2023-01-03T01:00:00+02:00,-265.0,0.0,1,1,0,0,0.0
8,maximum_always,2023-02-01T01:00:00+02:00,-230.0,0.0,1,1,0,0,0.0
8,maximum_always,2023-03-01T01:00:00+02:00,-127.5,1217.5,6,6,1,2,0.0
8,maximum_always,2023-04-03T01:00:00+03:00,-160.0,0.0,1,1,0,0,0.0
8,maximum_always,2023-05-01T01:00:00+03:00,-195.0,0.0,1,1,0,0,0.0
8,maximum_always,2023-06-01T01:00:00+03:00,-160.0,0.0,1,1,0,0,0.0
8,maximum_always,2023-07-03T01:00:00+03:00,-160.0,0.0,1,1,0,0,0.0
8,maximum_always,2023-08-01T01:00:00+03:00,39300.7,46450.7,32,32,7,59,0.0
8,maximum_always,2023-09-01T01:00:00+03:00,29719.35,38779.35,40,32,7,50,2160.6
8,maximum_always,2023-10-02T01:00:00+03:00,37363.05,45723.05,40,32,7,58,-169.8
8,maximum_always,2023-11-01T01:00:00+02:00,42027.35,50352.35,40,32,7,66,13555.7
8,maximum_always,2023-12-01T01:00:00+02:00,55665.65,64235.65,40,40,8,82,0.0
8,maximum_always,2024-01-02T01:00:00+02:00,55270.5,64135.5,39,39,7,81,0.0
8,maximum_always,2024-02-01T01:00:00+02:00,32306.4,40686.4,34,34,6,56,0.0
8,maximum_always,2024-03-01T01:00:00+02:00,-195.0,0.0,1,1,0,0,0.0
8,maximum_always,2024-04-01T01:00:00+03:00,-160.0,0.0,1,1,0,0,0.0
8,maximum_always,2024-05-01T01:00:00+03:00,32794.4,41429.4,31,31,4,54,0.0
8,maximum_always,2024-06-03T01:00:00+03:00,-126.5,688.5,4,4,1,1,0.0
8,maximum_always,2024-07-01T01:00:00+03:00,-160.0,0.0,1,1,0,0,0.0
8,minimum_500_always,2020-01-02T01:00:00+02:00,-195.0,0.0,1,1,0,0,0.0
8,minimum_500_always,2020-02-03T01:00:00+02:00,-250.0,1500.0,7,7,2,3,0.0
8,minimum_500_always,2020-03-02T01:00:00+02:00,-160.0,0.0,1,1,0,0,0.0
8,minimum_500_always,2020-04-01T01:00:00+03:00,-180.0,1500.0,7,7,1,3,0.0
8,minimum_500_always,2020-05-01T01:00:00+03:00,-145.0,1500.0,7,7,1,3,0.0
8,minimum_500_always,2020-06-01T01:00:00+03:00,-230.0,0.0,1,1,0,0,0.0
8,minimum_500_always,2020-07-01T01:00:00+03:00,-195.0,0.0,1,1,0,0,0.0
8,minimum_500_always,2020-08-03T01:00:00+03:00,-160.0,0.0,1,1,0,0,0.0
8,minimum_500_always,2020-09-01T01:00:00+03:00,-230.0,0.0,1,1,0,0,0.0
8,minimum_500_always,2020-10-01T01:00:00+03:00,-195.0,0.0,1,1,0,0,0.0
8,minimum_500_always,2020-11-02T01:00:00+02:00,-160.0,0.0,1,1,0,0,0.0
8,minimum_500_always,2020-12-01T01:00:00+02:00,-195.0,0.0,1,1,0,0,0.0
8,minimum_500_always,2021-01-04T01:00:00+02:00,-160.0,0.0,1,1,0,0,0.0
8,minimum_500_always,2021-02-01T01:00:00+02:00,-160.0,0.0,1,1,0,0,0.0
8,minimum_500_always,2021-03-01T01:00:00+02:00,-195.0,0.0,1,1,0,0,0.0
8,minimum_500_always,2021-04-01T01:00:00+03:00,-160.0,0.0,1,1,0,0,0.0
8,minimum_500_always,2021-05-03T01:00:00+03:00,-220.0,500.0,1,1,0,1,0.0
8,minimum_500_always,2021-06-01T01:00:00+03:00,-185.0,500.0,1,1,0,1,0.0
8,minimum_500_always,2021-07-01T01:00:00+03:00,-150.0,500.0,1,1,0,1,0.0
8,minimum_500_always,2021-08-02T01:00:00+03:00,-195.0,0.0,1,1,0,0,0.0
8,minimum_500_always,2021-09-01T01:00:00+03:00,-160.0,0.0,1,1,0,0,0.0
8,minimum_500_always,2021-10-01T01:00:00+03:00,-135.0,500.0,2,2,0,1,0.0
8,minimum_500_always,2021-11-01T01:00:00+02:00,-160.0,0.0,1,1,0,0,0.0
8,minimum_500_always,2021-12-01T01:00:00+02:00,-220.0,500.0,1,1,0,1,0.0
8,minimum_500_always,2022-01-03T01:00:00+02:00,-170.0,500.0,2,2,0,1,0.0
8,minimum_500_always,2022-02-01T01:00:00+02:00,-135.0,500.0,2,2,0,1,0.0
8,minimum_500_always,2022-03-01T01:00:00+02:00,-195.0,0.0,1,1,0,0,0.0
8,minimum_500_always,2022-04-01T01:00:00+03:00,-160.0,0.0,1,1,0,0,0.0
8,minimum_500_always,2022-05-02T01:00:00+03:00,-210.0,2000.0,9,9,1,4,0.0
8,minimum_500_always,2022-06-01T01:00:00+03:00,-175.0,2000.0,9,9,1,4,0.0
8,minimum_500_always,2022-07-01T01:00:00+03:00,-140.0,2000.0,9,9,1,4,0.0
8,minimum_500_always,2022-08-01T01:00:00+03:00,-160.0,0.0,1,1,0,0,0.0
8,minimum_500_always,2022-09-01T01:00:00+03:00,-195.0,0.0,1,1,0,0,0.0
8,minimum_500_always,2022-10-03T01:00:00+03:00,-160.0,0.0,1,1,0,0,0.0
8,minimum_500_always,2022-11-01T01:00:00+02:00,-270.0,1500.0,8,8,1,3,0.0
8,minimum_500_always,2022-12-01T01:00:00+02:00,-235.0,1500.0,8,8,1,3,0.0
8,minimum_500_always,2023-01-03T01:00:00+02:00,-265.0,0.0,1,1,0,0,0.0
8,minimum_500_always,2023-02-01T01:00:00+02:00,-230.0,0.0,1,1,0,0,0.0
8,minimum_500_always,2023-03-01T01:00:00+02:00,-130.0,1500.0,8,8,1,3,0.0
8,minimum_500_always,2023-04-03T01:00:00+03:00,-160.0,0.0,1,1,0,0,0.0
8,minimum_500_always,2023-05-01T01:00:00+03:00,-195.0,0.0,1,1,0,0,0.0
8,minimum_500_always,2023-06-01T01:00:00+03:00,-160.0,0.0,1,1,0,0,0.0
8,minimum_500_always,2023-07-03T01:00:00+03:00,-160.0,0.0,1,1,0,0,0.0
8,minimum_500_always,2023-08-01T01:00:00+03:00,58680.0,64500.0,32,24,7,129,9082.4
8,minimum_500_always,2023-09-01T01:00:00+03:00,50450.0,58000.0,38,30,6,116,2303.5
8,minimum_500_always,2023-10-02T01:00:00+03:00,57470.0,64500.0,40,32,8,129,-26.9
8,minimum_500_always,2023-11-01T01:00:00+02:00,61505.0,68500.0,40,32,8,137,14327.9
8,minimum_500_always,2023-12-01T01:00:00+02:00,69540.0,76500.0,40,32,8,153,10873.9
8,minimum_500_always,2024-01-02T01:00:00+02:00,-130.0,1500.0,8,8,1,3,0.0
8,minimum_500_always,2024-02-01T01:00:00+02:00,44610.0,52000.0,37,35,9,104,763.8
8,minimum_500_always,2024-03-01T01:00:00+02:00,-195.0,0.0,1,1,0,0,0.0
8,minimum_500_always,2024-04-01T01:00:00+03:00,-160.0,0.0,1,1,0,0,0.0
8,minimum_500_always,2024-05-01T01:00:00+03:00,-130.0,1500.0,8,8,1,3,0.0
8,minimum_500_always,2024-06-03T01:00:00+03:00,-155.0,1000.0,7,7,2,2,0.0
8,minimum_500_always,2024-07-01T01:00:00+03:00,-160.0,0.0,1,1,0,0,0.0
8,preserve_safety_net,2020-01-02T01:00:00+02:00,-195.0,0.0,1,1,0,0,0.0
8,preserve_safety_net,2020-02-03T01:00:00+02:00,-252.4,1162.6,6,6,1,2,0.0
8,preserve_safety_net,2020-03-02T01:00:00+02:00,-160.0,0.0,1,1,0,0,0.0
8,preserve_safety_net,2020-04-01T01:00:00+03:00,-170.45,1209.55,6,6,1,2,0.0
8,preserve_safety_net,2020-05-01T01:00:00+03:00,-135.45,1209.55,6,6,1,2,0.0
8,preserve_safety_net,2020-06-01T01:00:00+03:00,-230.0,0.0,1,1,0,0,0.0
8,preserve_safety_net,2020-07-01T01:00:00+03:00,-195.0,0.0,1,1,0,0,0.0
8,preserve_safety_net,2020-08-03T01:00:00+03:00,-160.0,0.0,1,1,0,0,0.0
8,preserve_safety_net,2020-09-01T01:00:00+03:00,-230.0,0.0,1,1,0,0,0.0
8,preserve_safety_net,2020-10-01T01:00:00+03:00,-195.0,0.0,1,1,0,0,0.0
8,preserve_safety_net,2020-11-02T01:00:00+02:00,-160.0,0.0,1,1,0,0,0.0
8,preserve_safety_net,2020-12-01T01:00:00+02:00,-195.0,0.0,1,1,0,0,0.0
8,preserve_safety_net,2021-01-04T01:00:00+02:00,-160.0,0.0,1,1,0,0,0.0
8,preserve_safety_net,2021-02-01T01:00:00+02:00,-160.0,0.0,1,1,0,0,0.0
8,preserve_safety_net,2021-03-01T01:00:00+02:00,-195.0,0.0,1,1,0,0,0.0
8,preserve_safety_net,2021-04-01T01:00:00+03:00,-160.0,0.0,1,1,0,0,0.0
8,preserve_safety_net,2021-05-03T01:00:00+03:00,-230.0,0.0,1,1,0,0,0.0
8,preserve_safety_net,2021-06-01T01:00:00+03:00,-195.0,0.0,1,1,0,0,0.0
8,preserve_safety_net,2021-07-01T01:00:00+03:00,-160.0,0.0,1,1,0,0,0.0
8,preserve_safety_net,2021-08-02T01:00:00+03:00,-195.0,0.0,1,1,0,0,0.0
8,preserve_safety_net,2021-09-01T01:00:00+03:00,-160.0,0.0,1,1,0,0,0.0
8,preserve_safety_net,2021-10-01T01:00:00+03:00,-160.0,0.0,1,1,0,0,0.0
8,preserve_safety_net,2021-11-01T01:00:00+02:00,-160.0,0.0,1,1,0,0,0.0
8,preserve_safety_net,2021-12-01T01:00:00+02:00,-214.45,705.55,4,4,1,1,0.0
8,preserve_safety_net,2022-01-03T01:00:00+02:00,-165.85,559.15,3,3,1,1,0.0
8,preserve_safety_net,2022-02-01T01:00:00+02:00,-130.85,559.15,3,3,1,1,0.0
8,preserve_safety_net,2022-03-01T01:00:00+02:00,-195.0,0.0,1,1,0,0,0.0
8,preserve_safety_net,2022-04-01T01:00:00+03:00,-160.0,0.0,1,1,0,0,0.0
8,preserve_safety_net,2022-05-02T01:00:00+03:00,-209.45,1755.55,9,9,1,3,0.0
8,preserve_safety_net,2022-06-01T01:00:00+03:00,-174.45,1755.55,9,9,1,3,0.0
8,preserve_safety_net,2022-07-01T01:00:00+03:00,-139.45,1755.55,9,9,1,3,0.0
8,preserve_safety_net,2022-08-01T01:00:00+03:00,-160.0,0.0,1,1,0,0,0.0
8,preserve_safety_net,2022-09-01T01:00:00+03:00,-195.0,0.0,1,1,0,0,0.0
8,preserve_safety_net,2022-10-03T01:00:00+03:00,-160.0,0.0,1,1,0,0,0.0
8,preserve_safety_net,2022-11-01T01:00:00+02:00,-273.5,1056.5,7,7,1,2,0.0
8,preserve_safety_net,2022-12-01T01:00:00+02:00,-238.5,1056.5,7,7,1,2,0.0
8,preserve_safety_net,2023-01-03T01:00:00+02:00,-265.0,0.0,1,1,0,0,0.0
8,preserve_safety_net,2023-02-01T01:00:00+02:00,-230.0,0.0,1,1,0,0,0.0
8,preserve_safety_net,2023-03-01T01:00:00+02:00,-133.5,1056.5,7,7,1,2,0.0
8,preserve_safety_net,2023-04-03T01:00:00+03:00,-160.0,0.0,1,1,0,0,0.0
8,preserve_safety_net,2023-05-01T01:00:00+03:00,-195.0,0.0,1,1,0,0,0.0
8,preserve_safety_net,2023-06-01T01:00:00+03:00,-160.0,0.0,1,1,0,0,0.0
8,preserve_safety_net,2023-07-03T01:00:00+03:00,-160.0,0.0,1,1,0,0,0.0
8,preserve_safety_net,2023-08-01T01:00:00+03:00,56451.2,61846.2,23,23,4,79,0.0
8,preserve_safety_net,2023-09-01T01:00:00+03:00,58820.25,65480.25,32,24,4,82,2033.75
8,preserve_safety_net,2023-10-02T01:00:00+03:00,55148.6,61788.6,31,23,4,79,-296.65
8,preserve_safety_net,2023-11-01T01:00:00+02:00,59625.25,66230.25,31,23,4,87,13616.5
8,preserve_safety_net,2023-12-01T01:00:00+02:00,64313.0,70883.0,31,23,4,95,13509.75
8,preserve_safety_net,2024-01-02T01:00:00+02:00,-122.85,1507.15,8,8,1,2,0.0
8,preserve_safety_net,2024-02-01T01:00:00+02:00,51670.75,57505.75,24,17,3,79,12010.7
8,preserve_safety_net,2024-03-01T01:00:00+02:00,-195.0,0.0,1,1,0,0,0.0
8,preserve_safety_net,2024-04-01T01:00:00+03:00,-160.0,0.0,1,1,0,0,0.0
8,preserve_safety_net,2024-05-01T01:00:00+03:00,29197.45,37347.45,33,32,5,53,187.5
8,preserve_safety_net,2024-06-03T01:00:00+03:00,29442.25,36997.25,26,25,4,53,2253.35
8,preserve_safety_net,2024-07-01T01:00:00+03:00,-160.0,0.0,1,1,0,0,0.0
8,rush_to_uncapped,2020-01-02T01:00:00+02:00,-195.0,0.0,1,1,0,0,0.0
8,rush_to_uncapped,2020-02-03T01:00:00+02:00,-250.0,1500.0,7,7,2,3,0.0
8,rush_to_uncapped,2020-03-02T01:00:00+02:00,-160.0,0.0,1,1,0,0,0.0
8,rush_to_uncapped,2020-04-01T01:00:00+03:00,-180.0,1500.0,7,7,1,3,0.0
8,rush_to_uncapped,2020-05-01T01:00:00+03:00,-145.0,1500.0,7,7,1,3,0.0
8,rush_to_uncapped,2020-06-01T01:00:00+03:00,-230.0,0.0,1,1,0,0,0.0
8,rush_to_uncapped,2020-07-01T01:00:00+03:00,-195.0,0.0,1,1,0,0,0.0
8,rush_to_uncapped,2020-08-03T01:00:00+03:00,-160.0,0.0,1,1,0,0,0.0
8,rush_to_uncapped,2020-09-01T01:00:00+03:00,-230.0,0.0,1,1,0,0,0.0
8,rush_to_uncapped,2020-10-01T01:00:00+03:00,-195.0,0.0,1,1,0,0,0.0
8,rush_to_uncapped,2020-11-02T01:00:00+02:00,-160.0,0.0,1,1,0,0,0.0
8,rush_to_uncapped,2020-12-01T01:00:00+02:00,-195.0,0.0,1,1,0,0,0.0
8,rush_to_uncapped,2021-01-04T01:00:00+02:00,-160.0,0.0,1,1,0,0,0.0
8,rush_to_uncapped,2021-02-01T01:00:00+02:00,-160.0,0.0,1,1,0,0,0.0
8,rush_to_uncapped,2021-03-01T01:00:00+02:00,-195.0,0.0,1,1,0,0,0.0
8,rush_to_uncapped,2021-04-01T01:00:00+03:00,-160.0,0.0,1,1,0,0,0.0
8,rush_to_uncapped,2021-05-03T01:00:00+03:00,-220.0,500.0,1,1,0,1,0.0
8,rush_to_uncapped,2021-06-01T01:00:00+03:00,-185.0,500.0,1,1,0,1,0.0
8,rush_to_uncapped,2021-07-01T01:00:00+03:00,-150.0,500.0,1,1,0,1,0.0
8,rush_to_uncapped,2021-08-02T01:00:00+03:00,-195.0,0.0,1,1,0,0,0.0
8,rush_to_uncapped,2021-09-01T01:00:00+03:00,-160.0,0.0,1,1,0,0,0.0
8,rush_to_uncapped,2021-10-01T01:00:00+03:00,-135.0,500.0,2,2,0,1,0.0
8,rush_to_uncapped,2021-11-01T01:00:00+02:00,-160.0,0.0,1,1,0,0,0.0
8,rush_to_uncapped,2021-12-01T01:00:00+02:00,-220.0,500.0,1,1,0,1,0.0
8,rush_to_uncapped,2022-01-03T01:00:00+02:00,-170.0,500.0,2,2,0,1,0.0
8,rush_to_uncapped,2022-02-01T01:00:00+02:00,-135.0,500.0,2,2,0,1,0.0
8,rush_to_uncapped,2022-03-01T01:00:00+02:00,-195.0,0.0,1,1,0,0,0.0
8,rush_to_uncapped,2022-04-01T01:00:00+03:00,-160.0,0.0,1,1,0,0,0.0
8,rush_to_uncapped,2022-05-02T01:00:00+03:00,-210.0,2000.0,9,9,1,4,0.0
8,rush_to_uncapped,2022-06-01T01:00:00+03:00,-175.0,2000.0,9,9,1,4,0.0
8,rush_to_uncapped,2022-07-01T01:00:00+03:00,-140.0,2000.0,9,9,1,4,0.0
8,rush_to_uncapped,2022-08-01T01:00:00+03:00,-160.0,0.0,1,1,0,0,0.0
8,rush_to_uncapped,2022-09-01T01:00:00+03:00,-195.0,0.0,1,1,0,0,0.0
8,rush_to_uncapped,2022-10-03T01:00:00+03:00,-160.0,0.0,1,1,0,0,0.0
8,rush_to_uncapped,2022-11-01T01:00:00+02:00,-270.0,1500.0,8,8,1,3,0.0
8,rush_to_uncapped,2022-12-01T01:00:00+02:00,-235.0,1500.0,8,8,1,3,0.0
8,rush_to_uncapped,2023-01-03T01:00:00+02:00,-265.0,0.0,1,1,0,0,0.0
8,rush_to_uncapped,2023-02-01T01:00:00+02:00,-230.0,0.0,1,1,0,0,0.0
8,rush_to_uncapped,2023-03-01T01:00:00+02:00,-130.0,1500.0,8,8,1,3,0.0
8,rush_to_uncapped,2023-04-03T01:00:00+03:00,-160.0,0.0,1,1,0,0,0.0
8,rush_to_uncapped,2023-05-01T01:00:00+03:00,-195.0,0.0,1,1,0,0,0.0
8,rush_to_uncapped,2023-06-01T01:00:00+03:00,-160.0,0.0,1,1,0,0,0.0
8,rush_to_uncapped,2023-07-03T01:00:00+03:00,-160.0,0.0,1,1,0,0,0.0
8,rush_to_uncapped,2023-08-01T01:00:00+03:00,52381.12,59621.12,33,32,9,98,948.7
8,rush_to_uncapped,2023-09-01T01:00:00+03:00,42304.18,51154.18,40,32,8,84,2329.95
8,rush_to_uncapped,2023-10-02T01:00:00+03:00,51171.12,59621.12,41,33,9,98,97.45
8,rush_to_uncapped,2023-11-01T01:00:00+02:00,55206.12,63621.12,41,33,9,106,14452.25
8,rush_to_uncapped,2023-12-01T01:00:00+02:00,63241.12,71621.12,41,33,9,122,10998.25
8,rush_to_uncapped,2024-01-02T01:00:00+02:00,-130.0,1500.0,8,8,1,3,0.0
8,rush_to_uncapped,2024-02-01T01:00:00+02:00,42940.36,51105.36,39,36,10,91,1145.7
8,rush_to_uncapped,2024-03-01T01:00:00+02:00,-195.0,0.0,1,1,0,0,0.0
8,rush_to_uncapped,2024-04-01T01:00:00+03:00,-160.0,0.0,1,1,0,0,0.0
8,rush_to_uncapped,2024-05-01T01:00:00+03:00,-130.0,1500.0,8,8,1,3,0.0
8,rush_to_uncapped,2024-06-03T01:00:00+03:00,-155.0,1000.0,7,7,2,2,0.0
8,rush_to_uncapped,2024-07-01T01:00:00+03:00,-160.0,0.0,1,1,0,0,0.0
9,cap_maximizer,2020-01-02T01:00:00+02:00,-195.0,0.0,1,1,0,0,0.0
9,cap_maximizer,2020-02-03T01:00:00+02:00,-245.0,1500.0,5,5,1,1,0.0
9,cap_maximizer,2020-03-02T01:00:00+02:00,-160.0,0.0,1,1,0,0,0.0
9,cap_maximizer,2020-04-01T01:00:00+03:00,-175.0,1500.0,5,5,1,1,0.0
9,cap_maximizer,2020-05-01T01:00:00+03:00,-140.0,1500.0,5,5,1,1,0.0
9,cap_maximizer,2020-06-01T01:00:00+03:00,-230.0,0.0,1,1,0,0,0.0
9,cap_maximizer,2020-07-01T01:00:00+03:00,-195.0,0.0,1,1,0,0,0.0
9,cap_maximizer,2020-08-03T01:00:00+03:00,-160.0,0.0,1,1,0,0,0.0
9,cap_maximizer,2020-09-01T01:00:00+03:00,-230.0,0.0,1,1,0,0,0.0
9,cap_maximizer,2020-10-01T01:00:00+03:00,-195.0,0.0,1,1,0,0,0.0
9,cap_maximizer,2020-11-02T01:00:00+02:00,-160.0,0.0,1,1,0,0,0.0
9,cap_maximizer,2020-12-01T01:00:00+02:00,-195.0,0.0,1,1,0,0,0.0
9,cap_maximizer,2021-01-04T01:00:00+02:00,-160.0,0.0,1,1,0,0,0.0
9,cap_maximizer,2021-02-01T01:00:00+02:00,-160.0,0.0,1,1,0,0,0.0
9,cap_maximizer,2021-03-01T01:00:00+02:00,-195.0,0.0,1,1,0,0,0.0
9,cap_maximizer,2021-04-01T01:00:00+03:00,-160.0,0.0,1,1,0,0,0.0
9,cap_maximizer,2021-05-03T01:00:00+03:00,-230.0,0.0,1,1,0,0,0.0
9,cap_maximizer,2021-06-01T01:00:00+03:00,-195.0,0.0,1,1,0,0,0.0
9,cap_maximizer,2021-07-01T01:00:00+03:00,-160.0,0.0,1,1,0,0,0.0
9,cap_maximizer,2021-08-02T01:00:00+03:00,-195.0,0.0,1,1,0,0,0.0
9,cap_maximizer,2021-09-01T01:00:00+03:00,-160.0,0.0,1,1,0,0,0.0
9,cap_maximizer,2021-10-01T01:00:00+03:00,-160.0,0.0,1,1,0,0,0.0
9,cap_maximizer,2021-11-01T01:00:00+02:00,-160.0,0.0,1,1,0,0,0.0
9,cap_maximizer,2021-12-01T01:00:00+02:00,8070.0,13500.0,23,19,4,9,4202.4
9,cap_maximizer,2022-01-03T01:00:00+02:00,1355.0,4500.0,12,3,0,3,10045.6
9,cap_maximizer,2022-02-01T01:00:00+02:00,11890.0,15000.0,12,3,0,10,10753.3
9,cap_maximizer,2022-03-01T01:00:00+02:00,-195.0,0.0,1,1,0,0,0.0
9,cap_maximizer,2022-04-01T01:00:00+03:00,-160.0,0.0,1,1,0,0,0.0
9,cap_maximizer,2022-05-02T01:00:00+03:00,-230.0,1500.0,6,6,1,1,0.0
9,cap_maximizer,2022-06-01T01:00:00+03:00,-195.0,1500.0,6,6,1,1,0.0
9,cap_maximizer,2022-07-01T01:00:00+03:00,-160.0,1500.0,6,6,1,1,0.0
9,cap_maximizer,2022-08-01T01:00:00+03:00,-160.0,0.0,1,1,0,0,0.0
9,cap_maximizer,2022-09-01T01:00:00+03:00,-195.0,0.0,1,1,0,0,0.0
9,cap_maximizer,2022-10-03T01:00:00+03:00,-160.0,0.0,1,1,0,0,0.0
9,cap_maximizer,2022-11-01T01:00:00+02:00,27260.0,33000.0,28,19,5,22,10584.65
9,cap_maximizer,2022-12-01T01:00:00+02:00,32975.0,39000.0,30,21,6,26,12727.45
9,cap_maximizer,2023-01-03T01:00:00+02:00,-265.0,0.0,1,1,0,0,0.0
9,cap_maximizer,2023-02-01T01:00:00+02:00,-230.0,0.0,1,1,0,0,0.0
9,cap_maximizer,2023-03-01T01:00:00+02:00,65940.0,72000.0,30,25,8,48,9880.85
9,cap_maximizer,2023-04-03T01:00:00+03:00,-160.0,0.0,1,1,0,0,0.0
9,cap_maximizer,2023-05-01T01:00:00+03:00,-195.0,0.0,1,1,0,0,0.0
9,cap_maximizer,2023-06-01T01:00:00+03:00,-160.0,0.0,1,1,0,0,0.0
9,cap_maximizer,2023-07-03T01:00:00+03:00,-160.0,0.0,1,1,0,0,0.0
9,cap_maximizer,2023-08-01T01:00:00+03:00,61480.0,69000.0,33,33,10,46,0.0
9,cap_maximizer,2023-09-01T01:00:00+03:00,63020.0,72000.0,43,34,8,48,2722.4
9,cap_maximizer,2023-10-02T01:00:00+03:00,54535.0,63000.0,40,31,8,42,100.7
9,cap_maximizer,2023-11-01T01:00:00+02:00,54570.0,63000.0,40,31,8,42,20749.85
9,cap_maximizer,2023-12-01T01:00:00+02:00,68105.0,76500.0,40,31,8,51,12364.1
9,cap_maximizer,2024-01-02T01:00:00+02:00,55100.0,63000.0,31,31,5,42,0.0
9,cap_maximizer,2024-02-01T01:00:00+02:00,72575.0,81000.0,38,37,7,54,513.1
9,cap_maximizer,2024-03-01T01:00:00+02:00,-195.0,0.0,1,1,0,0,0.0
9,cap_maximizer,2024-04-01T01:00:00+03:00,-160.0,0.0,1,1,0,0,0.0
9,cap_maximizer,2024-05-01T01:00:00+03:00,-150.0,1500.0,9,9,1,1,0.0
9,cap_maximizer,2024-06-03T01:00:00+03:00,48250.0,57000.0,35,27,3,38,14446.5
9,cap_maximizer,2024-07-01T01:00:00+03:00,-160.0,0.0,1,1,0,0,0.0
9,half_of_maximum,2020-01-02T01:00:00+02:00,-195.0,0.0,1,1,0,0,0.0
9,half_of_maximum,2020-02-03T01:00:00+02:00,-265.0,1500.0,6,6,1,3,0.0
9,half_of_maximum,2020-03-02T01:00:00+02:00,-160.0,0.0,1,1,0,0,0.0
9,half_of_maximum,2020-04-01T01:00:00+03:00,-195.0,1500.0,6,6,1,3,0.0
9,half_of_maximum,2020-05-01T01:00:00+03:00,-160.0,1500.0,6,6,1,3,0.0
9,half_of_maximum,2020-06-01T01:00:00+03:00,-230.0,0.0,1,1,0,0,0.0
9,half_of_maximum,2020-07-01T01:00:00+03:00,-195.0,0.0,1,1,0,0,0.0
9,half_of_maximum,2020-08-03T01:00:00+03:00,-160.0,0.0,1,1,0,0,0.0
9,half_of_maximum,2020-09-01T01:00:00+03:00,-230.0,0.0,1,1,0,0,0.0
9,half_of_maximum,2020-10-01T01:00:00+03:00,-195.0,0.0,1,1,0,0,0.0
9,half_of_maximum,2020-11-02T01:00:00+02:00,-160.0,0.0,1,1,0,0,0.0
9,half_of_maximum,2020-12-01T01:00:00+02:00,-195.0,0.0,1,1,0,0,0.0
9,half_of_maximum,2021-01-04T01:00:00+02:00,-160.0,0.0,1,1,0,0,0.0
9,half_of_maximum,2021-02-01T01:00:00+02:00,-160.0,0.0,1,1,0,0,0.0
9,half_of_maximum,2021-03-01T01:00:00+02:00,-195.0,0.0,1,1,0,0,0.0
9,half_of_maximum,2021-04-01T01:00:00+03:00,-160.0,0.0,1,1,0,0,0.0
9,half_of_maximum,2021-05-03T01:00:00+03:00,-220.0,500.0,1,1,0,1,0.0
9,half_of_maximum,2021-06-01T01:00:00+03:00,-185.0,500.0,1,1,0,1,0.0
9,half_of_maximum,2021-07-01T01:00:00+03:00,-150.0,500.0,1,1,0,1,0.0
9,half_of_maximum,2021-08-02T01:00:00+03:00,-195.0,0.0,1,1,0,0,0.0
9,half_of_maximum,2021-09-01T01:00:00+03:00,-160.0,0.0,1,1,0,0,0.0
9,half_of_maximum,2021-10-01T01:00:00+03:00,-135.0,500.0,2,2,0,1,0.0
9,half_of_maximum,2021-11-01T01:00:00+02:00,-160.0,0.0,1,1,0,0,0.0
9,half_of_maximum,2021-12-01T01:00:00+02:00,-220.0,500.0,1,1,0,1,0.0
9,half_of_maximum,2022-01-03T01:00:00+02:00,-170.0,500.0,2,2,0,1,0.0
9,half_of_maximum,2022-02-01T01:00:00+02:00,-135.0,500.0,2,2,0,1,0.0
9,half_of_maximum,2022-03-01T01:00:00+02:00,-195.0,0.0,1,1,0,0,0.0
9,half_of_maximum,2022-04-01T01:00:00+03:00,-160.0,0.0,1,1,0,0,0.0
9,half_of_maximum,2022-05-02T01:00:00+03:00,-225.5,2264.5,9,9,1,4,0.0
9,half_of_maximum,2022-06-01T01:00:00+03:00,-190.5,2264.5,9,9,1,4,0.0
9,half_of_maximum,2022-07-01T01:00:00+03:00,-155.5,2264.5,9,9,1,4,0.0
9,half_of_maximum,2022-08-01T01:00:00+03:00,-160.0,0.0,1,1,0,0,0.0
9,half_of_maximum,2022-09-01T01:00:00+03:00,-195.0,0.0,1,1,0,0,0.0
9,half_of_maximum,2022-10-03T01:00:00+03:00,-160.0,0.0,1,1,0,0,0.0
9,half_of_maximum,2022-11-01T01:00:00+02:00,-285.0,1500.0,7,7,1,3,0.0
9,half_of_maximum,2022-12-01T01:00:00+02:00,-250.0,1500.0,7,7,1,3,0.0
9,half_of_maximum,2023-01-03T01:00:00+02:00,-265.0,0.0,1,1,0,0,0.0
9,half_of_maximum,2023-02-01T01:00:00+02:00,-230.0,0.0,1,1,0,0,0.0
9,half_of_maximum,2023-03-01T01:00:00+02:00,-145.0,1500.0,7,7,1,3,0.0
9,half_of_maximum,2023-04-03T01:00:00+03:00,-160.0,0.0,1,1,0,0,0.0
9,half_of_maximum,2023-05-01T01:00:00+03:00,-195.0,0.0,1,1,0,0,0.0
9,half_of_maximum,2023-06-01T01:00:00+03:00,-160.0,0.0,1,1,0,0,0.0
9,half_of_maximum,2023-07-03T01:00:00+03:00,-160.0,0.0,1,1,0,0,0.0
9,half_of_maximum,2023-08-01T01:00:00+03:00,54669.98,62229.98,35,34,7,101,1135.3
9,half_of_maximum,2023-09-01T01:00:00+03:00,50059.71,59549.71,44,35,7,96,2357.25
9,half_of_maximum,2023-10-02T01:00:00+03:00,53294.38,62224.38,44,35,7,101,-264.45
9,half_of_maximum,2023-11-01T01:00:00+02:00,57829.38,66724.38,44,35,7,110,15884.7
9,half_of_maximum,2023-12-01T01:00:00+02:00,68434.76,77294.76,44,35,7,128,10428.57
9,half_of_maximum,2024-01-02T01:00:00+02:00,-126.43,1503.57,8,8,1,3,0.0
9,half_of_maximum,2024-02-01T01:00:00+02:00,49509.22,58019.22,37,37,9,94,0.0
9,half_of_maximum,2024-03-01T01:00:00+02:00,-195.0,0.0,1,1,0,0,0.0
9,half_of_maximum,2024-04-01T01:00:00+03:00,-160.0,0.0,1,1,0,0,0.0
9,half_of_maximum,2024-05-01T01:00:00+03:00,33084.59,43879.59,48,46,10,76,375.0
9,half_of_maximum,2024-06-03T01:00:00+03:00,-135.0,1000.0,6,6,2,2,0.0
9,half_of_maximum,2024-07-01T01:00:00+03:00,-160.0,0.0,1,1,0,0,0.0
9,maximum_always,2020-01-02T01:00:00+02:00,-195.0,0.0,1,1,0,0,0.0
9,maximum_always,2020-02-03T01:00:00+02:00,-260.15,1449.85,5,5,1,2,0.0
9,maximum_always,2020-03-02T01:00:00+02:00,-160.0,0.0,1,1,0,0,0.0
9,maximum_always,2020-04-01T01:00:00+03:00,-163.2,1496.8,6,6,1,2,0.0
9,maximum_always,2020-05-01T01:00:00+03:00,-128.2,1496.8,6,6,1,2,0.0
9,maximum_always,2020-06-01T01:00:00+03:00,-230.0,0.0,1,1,0,0,0.0
9,maximum_always,2020-07-01T01:00:00+03:00,-195.0,0.0,1,1,0,0,0.0
9,maximum_always,2020-08-03T01:00:00+03:00,-160.0,0.0,1,1,0,0,0.0
9,maximum_always,2020-09-01T01:00:00+03:00,-230.0,0.0,1,1,0,0,0.0
9,maximum_always,2020-10-01T01:00:00+03:00,-195.0,0.0,1,1,0,0,0.0
9,maximum_always,2020-11-02T01:00:00+02:00,-160.0,0.0,1,1,0,0,0.0
9,maximum_always,2020-12-01T01:00:00+02:00,-195.0,0.0,1,1,0,0,0.0
9,maximum_always,2021-01-04T01:00:00+02:00,-160.0,0.0,1,1,0,0,0.0
9,maximum_always,2021-02-01T01:00:00+02:00,-160.0,0.0,1,1,0,0,0.0
9,maximum_always,2021-03-01T01:00:00+02:00,-195.0,0.0,1,1,0,0,0.0
9,maximum_always,2021-04-01T01:00:00+03:00,-160.0,0.0,1,1,0,0,0.0
9,maximum_always,2021-05-03T01:00:00+03:00,-214.45,770.55,2,2,0,1,0.0
9,maximum_always,2021-06-01T01:00:00+03:00,-179.45,770.55,2,2,0,1,0.0
9,maximum_always,2021-07-01T01:00:00+03:00,-144.45,770.55,2,2,0,1,0.0
9,maximum_always,2021-08-02T01:00:00+03:00,-195.0,0.0,1,1,0,0,0.0
9,maximum_always,2021-09-01T01:00:00+03:00,-160.0,0.0,1,1,0,0,0.0
9,maximum_always,2021-10-01T01:00:00+03:00,-134.1,500.9,2,2,0,1,0.0
9,maximum_always,2021-11-01T01:00:00+02:00,-160.0,0.0,1,1,0,0,0.0
9,maximum_always,2021-12-01T01:00:00+02:00,-223.1,641.9,3,3,0,1,0.0
9,maximum_always,2022-01-03T01:00:00+02:00,-187.35,517.65,2,2,0,1,0.0
9,maximum_always,2022-02-01T01:00:00+02:00,-152.35,517.65,2,2,0,1,0.0
9,maximum_always,2022-03-01T01:00:00+02:00,-195.0,0.0,1,1,0,0,0.0
9,maximum_always,2022-04-01T01:00:00+03:00,-160.0,0.0,1,1,0,0,0.0
9,maximum_always,2022-05-02T01:00:00+03:00,-217.65,2062.35,9,9,1,3,0.0
9,maximum_always,2022-06-01T01:00:00+03:00,-182.65,2062.35,9,9,1,3,0.0
9,maximum_always,2022-07-01T01:00:00+03:00,-147.65,2062.35,9,9,1,3,0.0
9,maximum_always,2022-08-01T01:00:00+03:00,-160.0,0.0,1,1,0,0,0.0
9,maximum_always,2022-09-01T01:00:00+03:00,-195.0,0.0,1,1,0,0,0.0
9,maximum_always,2022-10-03T01:00:00+03:00,-160.0,0.0,1,1,0,0,0.0
9,maximum_always,2022-11-01T01:00:00+02:00,-267.5,1217.5,6,6,1,2,0.0
9,maximum_always,2022-12-01T01:00:00+02:00,-232.5,1217.5,6,6,1,2,0.0
9,maximum_always,2023-01-03T01:00:00+02:00,-265.0,0.0,1,1,0,0,0.0
9,maximum_always,2023-02-01T01:00:00+02:00,-230.0,0.0,1,1,0,0,0.0
9,maximum_always,2023-03-01T01:00:00+02:00,-127.5,1217.5,6,6,1,2,0.0
9,maximum_always,2023-04-03T01:00:00+03:00,-160.0,0.0,1,1,0,0,0.0
9,maximum_always,2023-05-01T01:00:00+03:00,-195.0,0.0,1,1,0,0,0.0
9,maximum_always,2023-06-01T01:00:00+03:00,-160.0,0.0,1,1,0,0,0.0
9,maximum_always,2023-07-03T01:00:00+03:00,-160.0,0.0,1,1,0,0,0.0
9,maximum_always,2023-08-01T01:00:00+03:00,41838.85,49873.85,36,36,7,64,0.0
9,maximum_always,2023-09-01T01:00:00+03:00,32414.85,42589.85,45,36,7,56,2455.15
9,maximum_always,2023-10-02T01:00:00+03:00,40390.7,49795.7,45,36,7,64,-166.55
9,maximum_always,2023-11-01T01:00:00+02:00,45610.3,54980.3,45,36,7,73,15298.0
9,maximum_always,2023-12-01T01:00:00+02:00,60996.85,70646.85,45,45,8,91,0.0
9,maximum_always,2024-01-02T01:00:00+02:00,49067.2,59222.2,44,44,9,76,0.0
9,maximum_always,2024-02-01T01:00:00+02:00,39749.05,49049.05,38,38,6,66,0.0
9,maximum_always,2024-03-01T01:00:00+02:00,-195.0,0.0,1,1,0,0,0.0
9,maximum_always,2024-04-01T01:00:00+03:00,-160.0,0.0,1,1,0,0,0.0
9,maximum_always,2024-05-01T01:00:00+03:00,40132.05,49792.05,35,35,6,64,0.0
9,maximum_always,2024-06-03T01:00:00+03:00,-126.5,688.5,4,4,1,1,0.0
9,maximum_always,2024-07-01T01:00:00+03:00,-160.0,0.0,1,1,0,0,0.0
9,minimum_500_always,2020-01-02T01:00:00+02:00,-195.0,0.0,1,1,0,0,0.0
9,minimum_500_always,2020-02-03T01:00:00+02:00,-265.0,1500.0,6,6,1,3,0.0
9,minimum_500_always,2020-03-02T01:00:00+02:00,-160.0,0.0,1,1,0,0,0.0
9,minimum_500_always,2020-04-01T01:00:00+03:00,-195.0,1500.0,6,6,1,3,0.0
9,minimum_500_always,2020-05-01T01:00:00+03:00,-160.0,1500.0,6,6,1,3,0.0
9,minimum_500_always,2020-06-01T01:00:00+03:00,-230.0,0.0,1,1,0,0,0.0
9,minimum_500_always,2020-07-01T01:00:00+03:00,-195.0,0.0,1,1,0,0,0.0
9,minimum_500_always,2020-08-03T01:00:00+03:00,-160.0,0.0,1,1,0,0,0.0
9,minimum_500_always,2020-09-01T01:00:00+03:00,-230.0,0.0,1,1,0,0,0.0
9,minimum_500_always,2020-10-01T01:00:00+03:00,-195.0,0.0,1,1,0,0,0.0
9,minimum_500_always,2020-11-02T01:00:00+02:00,-160.0,0.0,1,1,0,0,0.0
9,minimum_500_always,2020-12-01T01:00:00+02:00,-195.0,0.0,1,1,0,0,0.0
9,minimum_500_always,2021-01-04T01:00:00+02:00,-160.0,0.0,1,1,0,0,0.0
9,minimum_500_always,2021-02-01T01:00:00+02:00,-160.0,0.0,1,1,0,0,0.0
9,minimum_500_always,2021-03-01T01:00:00+02:00,-195.0,0.0,1,1,0,0,0.0
9,minimum_500_always,2021-04-01T01:00:00+03:00,-160.0,0.0,1,1,0,0,0.0
9,minimum_500_always,2021-05-03T01:00:00+03:00,-220.0,500.0,1,1,0,1,0.0
9,minimum_500_always,2021-06-01T01:00:00+03:00,-185.0,500.0,1,1,0,1,0.0
9,minimum_500_always,2021-07-01T01:00:00+03:00,-150.0,500.0,1,1,0,1,0.0
9,minimum_500_always,2021-08-02T01:00:00+03:00,-195.0,0.0,1,1,0,0,0.0
9,minimum_500_always,2021-09-01T01:00:00+03:00,-160.0,0.0,1,1,0,0,0.0
9,minimum_500_always,2021-10-01T01:00:00+03:00,-135.0,500.0,2,2,0,1,0.0
9,minimum_500_always,2021-11-01T01:00:00+02:00,-160.0,0.0,1,1,0,0,0.0
9,minimum_500_always,2021-12-01T01:00:00+02:00,-220.0,500.0,1,1,0,1,0.0
9,minimum_500_always,2022-01-03T01:00:00+02:00,-170.0,500.0,2,2,0,1,0.0
9,minimum_500_always,2022-02-01T01:00:00+02:00,-135.0,500.0,2,2,0,1,0.0
9,minimum_500_always,2022-03-01T01:00:00+02:00,-195.0,0.0,1,1,0,0,0.0
9,minimum_500_always,2022-04-01T01:00:00+03:00,-160.0,0.0,1,1,0,0,0.0
9,minimum_500_always,2022-05-02T01:00:00+03:00,-230.0,2000.0,10,10,1,4,0.0
9,minimum_500_always,2022-06-01T01:00:00+03:00,-195.0,2000.0,10,10,1,4,0.0
9,minimum_500_always,2022-07-01T01:00:00+03:00,-160.0,2000.0,10,10,1,4,0.0
9,minimum_500_always,2022-08-01T01:00:00+03:00,-160.0,0.0,1,1,0,0,0.0
9,minimum_500_always,2022-09-01T01:00:00+03:00,-195.0,0.0,1,1,0,0,0.0
9,minimum_500_always,2022-10-03T01:00:00+03:00,-160.0,0.0,1,1,0,0,0.0
9,minimum_500_always,2022-11-01T01:00:00+02:00,-285.0,1500.0,7,7,1,3,0.0
9,minimum_500_always,2022-12-01T01:00:00+02:00,-250.0,1500.0,7,7,1,3,0.0
9,minimum_500_always,2023-01-03T01:00:00+02:00,-265.0,0.0,1,1,0,0,0.0
9,minimum_500_always,2023-02-01T01:00:00+02:00,-230.0,0.0,1,1,0,0,0.0
9,minimum_500_always,2023-03-01T01:00:00+02:00,-145.0,1500.0,7,7,1,3,0.0
9,minimum_500_always,2023-04-03T01:00:00+03:00,-160.0,0.0,1,1,0,0,0.0
9,minimum_500_always,2023-05-01T01:00:00+03:00,-195.0,0.0,1,1,0,0,0.0
9,minimum_500_always,2023-06-01T01:00:00+03:00,-160.0,0.0,1,1,0,0,0.0
9,minimum_500_always,2023-07-03T01:00:00+03:00,-160.0,0.0,1,1,0,0,0.0
9,minimum_500_always,2023-08-01T01:00:00+03:00,54675.0,61500.0,35,27,6,123,9082.4
9,minimum_500_always,2023-09-01T01:00:00+03:00,51905.0,60500.0,43,34,7,121,2598.05
9,minimum_500_always,2023-10-02T01:00:00+03:00,53305.0,61500.0,44,35,7,123,-23.65
9,minimum_500_always,2023-11-01T01:00:00+02:00,57840.0,66000.0,44,35,7,132,16125.5
9,minimum_500_always,2023-12-01T01:00:00+02:00,66875.0,75000.0,44,35,7,150,12239.75
9,minimum_500_always,2024-01-02T01:00:00+02:00,-130.0,1500.0,8,8,1,3,0.0
9,minimum_500_always,2024-02-01T01:00:00+02:00,45800.0,54000.0,39,37,8,108,763.8
9,minimum_500_always,2024-03-01T01:00:00+02:00,-195.0,0.0,1,1,0,0,0.0
9,minimum_500_always,2024-04-01T01:00:00+03:00,-160.0,0.0,1,1,0,0,0.0
9,minimum_500_always,2024-05-01T01:00:00+03:00,-150.0,1500.0,9,9,2,3,0.0
9,minimum_500_always,2024-06-03T01:00:00+03:00,-135.0,1000.0,6,6,2,2,0.0
9,minimum_500_always,2024-07-01T01:00:00+03:00,-160.0,0.0,1,1,0,0,0.0
9,preserve_safety_net,2020-01-02T01:00:00+02:00,-195.0,0.0,1,1,0,0,0.0
9,preserve_safety_net,2020-02-03T01:00:00+02:00,-252.4,1162.6,6,6,1,2,0.0
9,preserve_safety_net,2020-03-02T01:00:00+02:00,-160.0,0.0,1,1,0,0,0.0
9,preserve_safety_net,2020-04-01T01:00:00+03:00,-170.45,1209.55,6,6,1,2,0.0
9,preserve_safety_net,2020-05-01T01:00:00+03:00,-135.45,1209.55,6,6,1,2,0.0
9,preserve_safety_net,2020-06-01T01:00:00+03:00,-230.0,0.0,1,1,0,0,0.0
9,preserve_safety_net,2020-07-01T01:00:00+03:00,-195.0,0.0,1,1,0,0,0.0
9,preserve_safety_net,2020-08-03T01:00:00+03:00,-160.0,0.0,1,1,0,0,0.0
9,preserve_safety_net,2020-09-01T01:00:00+03:00,-230.0,0.0,1,1,0,0,0.0
9,preserve_safety_net,2020-10-01T01:00:00+03:00,-195.0,0.0,1,1,0,0,0.0
9,preserve_safety_net,2020-11-02T01:00:00+02:00,-160.0,0.0,1,1,0,0,0.0
9,preserve_safety_net,2020-12-01T01:00:00+02:00,-195.0,0.0,1,1,0,0,0.0
9,preserve_safety_net,2021-01-04T01:00:00+02:00,-160.0,0.0,1,1,0,0,0.0
9,preserve_safety_net,2021-02-01T01:00:00+02:00,-160.0,0.0,1,1,0,0,0.0
9,preserve_safety_net,2021-03-01T01:00:00+02:00,-195.0,0.0,1,1,0,0,0.0
9,preserve_safety_net,2021-04-01T01:00:00+03:00,-160.0,0.0,1,1,0,0,0.0
9,preserve_safety_net,2021-05-03T01:00:00+03:00,-230.0,0.0,1,1,0,0,0.0
9,preserve_safety_net,2021-06-01T01:00:00+03:00,-195.0,0.0,1,1,0,0,0.0
9,preserve_safety_net,2021-07-01T01:00:00+03:00,-160.0,0.0,1,1,0,0,0.0
9,preserve_safety_net,2021-08-02T01:00:00+03:00,-195.0,0.0,1,1,0,0,0.0
9,preserve_safety_net,2021-09-01T01:00:00+03:00,-160.0,0.0,1,1,0,0,0.0
9,preserve_safety_net,2021-10-01T01:00:00+03:00,-160.0,0.0,1,1,0,0,0.0
9,preserve_safety_net,2021-11-01T01:00:00+02:00,-160.0,0.0,1,1,0,0,0.0
9,preserve_safety_net,2021-12-01T01:00:00+02:00,-214.45,705.55,4,4,1,1,0.0
9,preserve_safety_net,2022-01-03T01:00:00+02:00,-165.85,559.15,3,3,1,1,0.0
9,preserve_safety_net,2022-02-01T01:00:00+02:00,-130.85,559.15,3,3,1,1,0.0
9,preserve_safety_net,2022-03-01T01:00:00+02:00,-195.0,0.0,1,1,0,0,0.0
9,preserve_safety_net,2022-04-01T01:00:00+03:00,-160.0,0.0,1,1,0,0,0.0
9,preserve_safety_net,2022-05-02T01:00:00+03:00,-229.45,1755.55,10,10,1,3,0.0
9,preserve_safety_net,2022-06-01T01:00:00+03:00,-194.45,1755.55,10,10,1,3,0.0
9,preserve_safety_net,2022-07-01T01:00:00+03:00,-159.45,1755.55,10,10,1,3,0.0
9,preserve_safety_net,2022-08-01T01:00:00+03:00,-160.0,0.0,1,1,0,0,0.0
9,preserve_safety_net,2022-09-01T01:00:00+03:00,-195.0,0.0,1,1,0,0,0.0
9,preserve_safety_net,2022-10-03T01:00:00+03:00,-160.0,0.0,1,1,0,0,0.0
9,preserve_safety_net,2022-11-01T01:00:00+02:00,-273.5,1056.5,7,7,1,2,0.0
9,preserve_safety_net,2022-12-01T01:00:00+02:00,-238.5,1056.5,7,7,1,2,0.0
9,preserve_safety_net,2023-01-03T01:00:00+02:00,-265.0,0.0,1,1,0,0,0.0
9,preserve_safety_net,2023-02-01T01:00:00+02:00,-230.0,0.0,1,1,0,0,0.0
9,preserve_safety_net,2023-03-01T01:00:00+02:00,-133.5,1056.5,7,7,1,2,0.0
9,preserve_safety_net,2023-04-03T01:00:00+03:00,-160.0,0.0,1,1,0,0,0.0
9,preserve_safety_net,2023-05-01T01:00:00+03:00,-195.0,0.0,1,1,0,0,0.0
9,preserve_safety_net,2023-06-01T01:00:00+03:00,-160.0,0.0,1,1,0,0,0.0
9,preserve_safety_net,2023-07-03T01:00:00+03:00,-160.0,0.0,1,1,0,0,0.0
9,preserve_safety_net,2023-08-01T01:00:00+03:00,61337.2,67422.2,26,26,4,86,0.0
9,preserve_safety_net,2023-09-01T01:00:00+03:00,56200.55,63850.55,36,27,3,80,3379.35
9,preserve_safety_net,2023-10-02T01:00:00+03:00,58780.0,66305.0,35,26,4,85,-391.3
9,preserve_safety_net,2023-11-01T01:00:00+02:00,63856.35,71346.35,35,26,4,94,15216.5
9,preserve_safety_net,2023-12-01T01:00:00+02:00,69070.85,76525.85,35,26,4,103,15151.25
9,preserve_safety_net,2024-01-02T01:00:00+02:00,-142.85,1507.15,9,9,1,2,0.0
9,preserve_safety_net,2024-02-01T01:00:00+02:00,55590.65,62185.65,27,19,3,86,13672.55
9,preserve_safety_net,2024-03-01T01:00:00+02:00,-195.0,0.0,1,1,0,0,0.0
9,preserve_safety_net,2024-04-01T01:00:00+03:00,-160.0,0.0,1,1,0,0,0.0
9,preserve_safety_net,2024-05-01T01:00:00+03:00,-125.6,1594.4,9,9,1,2,0.0
9,preserve_safety_net,2024-06-03T01:00:00+03:00,33623.3,42168.3,30,28,5,60,4506.7
9,preserve_safety_net,2024-07-01T01:00:00+03:00,-160.0,0.0,1,1,0,0,0.0
9,rush_to_uncapped,2020-01-02T01:00:00+02:00,-195.0,0.0,1,1,0,0,0.0
9,rush_to_uncapped,2020-02-03T01:00:00+02:00,-265.0,1500.0,6,6,1,3,0.0
9,rush_to_uncapped,2020-03-02T01:00:00+02:00,-160.0,0.0,1,1,0,0,0.0
9,rush_to_uncapped,2020-04-01T01:00:00+03:00,-195.0,1500.0,6,6,1,3,0.0
9,rush_to_uncapped,2020-05-01T01:00:00+03:00,-160.0,1500.0,6,6,1,3,0.0
9,rush_to_uncapped,2020-06-01T01:00:00+03:00,-230.0,0.0,1,1,0,0,0.0
9,rush_to_uncapped,2020-07-01T01:00:00+03:00,-195.0,0.0,1,1,0,0,0.0
9,rush_to_uncapped,2020-08-03T01:00:00+03:00,-160.0,0.0,1,1,0,0,0.0
9,rush_to_uncapped,2020-09-01T01:00:00+03:00,-230.0,0.0,1,1,0,0,0.0
9,rush_to_uncapped,2020-10-01T01:00:00+03:00,-195.0,0.0,1,1,0,0,0.0
9,rush_to_uncapped,2020-11-02T01:00:00+02:00,-160.0,0.0,1,1,0,0,0.0
9,rush_to_uncapped,2020-12-01T01:00:00+02:00,-195.0,0.0,1,1,0,0,0.0
9,rush_to_uncapped,2021-01-04T01:00:00+02:00,-160.0,0.0,1,1,0,0,0.0
9,rush_to_uncapped,2021-02-01T01:00:00+02:00,-160.0,0.0,1,1,0,0,0.0
9,rush_to_uncapped,2021-03-01T01:00:00+02:00,-195.0,0.0,1,1,0,0,0.0
9,rush_to_uncapped,2021-04-01T01:00:00+03:00,-160.0,0.0,1,1,0,0,0.0
9,rush_to_uncapped,2021-05-03T01:00:00+03:00,-220.0,500.0,1,1,0,1,0.0
9,rush_to_uncapped,2021-06-01T01:00:00+03:00,-185.0,500.0,1,1,0,1,0.0
9,rush_to_uncapped,2021-07-01T01:00:00+03:00,-150.0,500.0,1,1,0,1,0.0
9,rush_to_uncapped,2021-08-02T01:00:00+03:00,-195.0,0.0,1,1,0,0,0.0
9,rush_to_uncapped,2021-09-01T01:00:00+03:00,-160.0,0.0,1,1,0,0,0.0
9,rush_to_uncapped,2021-10-01T01:00:00+03:00,-135.0,500.0,2,2,0,1,0.0
9,rush_to_uncapped,2021-11-01T01:00:00+02:00,-160.0,0.0,1,1,0,0,0.0
9,rush_to_uncapped,2021-12-01T01:00:00+02:00,-220.0,500.0,1,1,0,1,0.0
9,rush_to_uncapped,2022-01-03T01:00:00+02:00,-170.0,500.0,2,2,0,1,0.0
9,rush_to_uncapped,2022-02-01T01:00:00+02:00,-135.0,500.0,2,2,0,1,0.0
9,rush_to_uncapped,2022-03-01T01:00:00+02:00,-195.0,0.0,1,1,0,0,0.0
9,rush_to_uncapped,2022-04-01T01:00:00+03:00,-160.0,0.0,1,1,0,0,0.0
9,rush_to_uncapped,2022-05-02T01:00:00+03:00,-230.0,2000.0,10,10,1,4,0.0
9,rush_to_uncapped,2022-06-01T01:00:00+03:00,-195.0,2000.0,10,10,1,4,0.0
9,rush_to_uncapped,2022-07-01T01:00:00+03:00,-160.0,2000.0,10,10,1,4,0.0
9,rush_to_uncapped,2022-08-01T01:00:00+03:00,-160.0,0.0,1,1,0,0,0.0
9,rush_to_uncapped,2022-09-01T01:00:00+03:00,-195.0,0.0,1,1,0,0,0.0
9,rush_to_uncapped,2022-10-03T01:00:00+03:00,-160.0,0.0,1,1,0,0,0.0
9,rush_to_uncapped,2022-11-01T01:00:00+02:00,-285.0,1500.0,7,7,1,3,0.0
9,rush_to_uncapped,2022-12-01T01:00:00+02:00,-250.0,1500.0,7,7,1,3,0.0
9,rush_to_uncapped,2023-01-03T01:00:00+02:00,-265.0,0.0,1,1,0,0,0.0
9,rush_to_uncapped,2023-02-01T01:00:00+02:00,-230.0,0.0,1,1,0,0,0.0
9,rush_to_uncapped,2023-03-01T01:00:00+02:00,-145.0,1500.0,7,7,1,3,0.0
9,rush_to_uncapped,2023-04-03T01:00:00+03:00,-160.0,0.0,1,1,0,0,0.0
9,rush_to_uncapped,2023-05-01T01:00:00+03:00,-195.0,0.0,1,1,0,0,0.0
9,rush_to_uncapped,2023-06-01T01:00:00+03:00,-160.0,0.0,1,1,0,0,0.0
9,rush_to_uncapped,2023-07-03T01:00:00+03:00,-160.0,0.0,1,1,0,0,0.0
9,rush_to_uncapped,2023-08-01T01:00:00+03:00,49281.73,57351.73,36,34,8,96,2084.0
9,rush_to_uncapped,2023-09-01T01:00:00+03:00,46392.67,56392.67,45,36,8,92,2624.5
9,rush_to_uncapped,2023-10-02T01:00:00+03:00,47911.73,57351.73,45,36,8,96,2.8
9,rush_to_uncapped,2023-11-01T01:00:00+02:00,52446.73,61851.73,45,36,8,105,16151.95
9,rush_to_uncapped,2023-12-01T01:00:00+02:00,61481.73,70851.73,45,36,8,123,12266.2
9,rush_to_uncapped,2024-01-02T01:00:00+02:00,-130.0,1500.0,8,8,1,3,0.0
9,rush_to_uncapped,2024-02-01T01:00:00+02:00,44130.36,53105.36,41,38,9,95,1145.7
9,rush_to_uncapped,2024-03-01T01:00:00+02:00,-195.0,0.0,1,1,0,0,0.0
9,rush_to_uncapped,2024-04-01T01:00:00+03:00,-160.0,0.0,1,1,0,0,0.0
9,rush_to_uncapped,2024-05-01T01:00:00+03:00,-150.0,1500.0,9,9,2,3,0.0
9,rush_to_uncapped,2024-06-03T01:00:00+03:00,-135.0,1000.0,6,6,2,2,0.0
9,rush_to_uncapped,2024-07-01T01:00:00+03:00,-160.0,0.0,1,1,0,0,0.0
10,cap_maximizer,2020-01-02T01:00:00+02:00,-195.0,0.0,1,1,0,0,0.0
10,cap_maximizer,2020-02-03T01:00:00+02:00,-260.0,1500.0,4,4,1,1,0.0
10,cap_maximizer,2020-03-02T01:00:00+02:00,-160.0,0.0,1,1,0,0,0.0
10,cap_maximizer,2020-04-01T01:00:00+03:00,-190.0,1500.0,4,4,1,1,0.0
10,cap_maximizer,2020-05-01T01:00:00+03:00,-155.0,1500.0,4,4,1,1,0.0
10,cap_maximizer,2020-06-01T01:00:00+03:00,-230.0,0.0,1,1,0,0,0.0
10,cap_maximizer,2020-07-01T01:00:00+03:00,-195.0,0.0,1,1,0,0,0.0
10,cap_maximizer,2020-08-03T01:00:00+03:00,-160.0,0.0,1,1,0,0,0.0
10,cap_maximizer,2020-09-01T01:00:00+03:00,-230.0,0.0,1,1,0,0,0.0
10,cap_maximizer,2020-10-01T01:00:00+03:00,-195.0,0.0,1,1,0,0,0.0
10,cap_maximizer,2020-11-02T01:00:00+02:00,-160.0,0.0,1,1,0,0,0.0
10,cap_maximizer,2020-12-01T01:00:00+02:00,-195.0,0.0,1,1,0,0,0.0
10,cap_maximizer,2021-01-04T01:00:00+02:00,-160.0,0.0,1,1,0,0,0.0
10,cap_maximizer,2021-02-01T01:00:00+02:00,-160.0,0.0,1,1,0,0,0.0
10,cap_maximizer,2021-03-01T01:00:00+02:00,-195.0,0.0,1,1,0,0,0.0
10,cap_maximizer,2021-04-01T01:00:00+03:00,-160.0,0.0,1,1,0,0,0.0
10,cap_maximizer,2021-05-03T01:00:00+03:00,-230.0,0.0,1,1,0,0,0.0
10,cap_maximizer,2021-06-01T01:00:00+03:00,-195.0,0.0,1,1,0,0,0.0
10,cap_maximizer,2021-07-01T01:00:00+03:00,-160.0,0.0,1,1,0,0,0.0
10,cap_maximizer,2021-08-02T01:00:00+03:00,-195.0,0.0,1,1,0,0,0.0
10,cap_maximizer,2021-09-01T01:00:00+03:00,-160.0,0.0,1,1,0,0,0.0
10,cap_maximizer,2021-10-01T01:00:00+03:00,-160.0,0.0,1,1,0,0,0.0
10,cap_maximizer,2021-11-01T01:00:00+02:00,-160.0,0.0,1,1,0,0,0.0
10,cap_maximizer,2021-12-01T01:00:00+02:00,4420.0,10500.0,24,21,4,7,3151.8
10,cap_maximizer,2022-01-03T01:00:00+02:00,-165.0,1500.0,1,1,0,1,0.0
10,cap_maximizer,2022-02-01T01:00:00+02:00,-130.0,1500.0,1,1,0,1,0.0
10,cap_maximizer,2022-03-01T01:00:00+02:00,-195.0,0.0,1,1,0,0,0.0
10,cap_maximizer,2022-04-01T01:00:00+03:00,-160.0,0.0,1,1,0,0,0.0
10,cap_maximizer,2022-05-02T01:00:00+03:00,-210.0,1500.0,5,5,1,1,0.0
10,cap_maximizer,2022-06-01T01:00:00+03:00,-175.0,1500.0,5,5,1,1,0.0
10,cap_maximizer,2022-07-01T01:00:00+03:00,-140.0,1500.0,5,5,1,1,0.0
10,cap_maximizer,2022-08-01T01:00:00+03:00,-160.0,0.0,1,1,0,0,0.0
10,cap_maximizer,2022-09-01T01:00:00+03:00,-195.0,0.0,1,1,0,0,0.0
10,cap_maximizer,2022-10-03T01:00:00+03:00,-160.0,0.0,1,1,0,0,0.0
10,cap_maximizer,2022-11-01T01:00:00+02:00,28245.0,34500.0,31,21,3,23,12948.5
10,cap_maximizer,2022-12-01T01:00:00+02:00,36960.0,43500.0,33,23,4,29,13144.8
10,cap_maximizer,2023-01-03T01:00:00+02:00,-265.0,0.0,1,1,0,0,0.0
10,cap_maximizer,2023-02-01T01:00:00+02:00,-230.0,0.0,1,1,0,0,0.0
10,cap_maximizer,2023-03-01T01:00:00+02:00,75855.0,82500.0,33,29,5,55,7487.8
10,cap_maximizer,2023-04-03T01:00:00+03:00,-160.0,0.0,1,1,0,0,0.0
10,cap_maximizer,2023-05-01T01:00:00+03:00,-195.0,0.0,1,1,0,0,0.0
10,cap_maximizer,2023-06-01T01:00:00+03:00,-160.0,0.0,1,1,0,0,0.0
10,cap_maximizer,2023-07-03T01:00:00+03:00,-160.0,0.0,1,1,0,0,0.0
10,cap_maximizer,2023-08-01T01:00:00+03:00,63560.0,72000.0,37,37,9,48,0.0
10,cap_maximizer,2023-09-01T01:00:00+03:00,62065.0,72000.0,47,37,9,48,2847.6
10,cap_maximizer,2023-10-02T01:00:00+03:00,49705.0,58500.0,39,29,6,39,-91.85
10,cap_maximizer,2023-11-01T01:00:00+02:00,49740.0,58500.0,39,29,6,39,22851.65
10,cap_maximizer,2023-12-01T01:00:00+02:00,64775.0,73500.0,39,29,6,49,13534.15
10,cap_maximizer,2024-01-02T01:00:00+02:00,61590.0,70500.0,36,35,5,47,-495.0
10,cap_maximizer,2024-02-01T01:00:00+02:00,77920.0,87000.0,41,40,7,58,513.1
10,cap_maximizer,2024-03-01T01:00:00+02:00,-195.0,0.0,1,1,0,0,0.0
10,cap_maximizer,2024-04-01T01:00:00+03:00,-160.0,0.0,1,1,0,0,0.0
10,cap_maximizer,2024-05-01T01:00:00+03:00,-135.0,1500.0,10,10,1,1,0.0
10,cap_maximizer,2024-06-03T01:00:00+03:00,56045.0,66000.0,41,32,3,44,15960.25
10,cap_maximizer,2024-07-01T01:00:00+03:00,-160.0,0.0,1,1,0,0,0.0
10,half_of_maximum,2020-01-02T01:00:00+02:00,-195.0,0.0,1,1,0,0,0.0
10,half_of_maximum,2020-02-03T01:00:00+02:00,-265.0,1500.0,6,6,1,3,0.0
10,half_of_maximum,2020-03-02T01:00:00+02:00,-160.0,0.0,1,1,0,0,0.0
10,half_of_maximum,2020-04-01T01:00:00+03:00,-195.0,1500.0,6,6,1,3,0.0
10,half_of_maximum,2020-05-01T01:00:00+03:00,-160.0,1500.0,6,6,1,3,0.0
10,half_of_maximum,2020-06-01T01:00:00+03:00,-230.0,0.0,1,1,0,0,0.0
10,half_of_maximum,2020-07-01T01:00:00+03:00,-195.0,0.0,1,1,0,0,0.0
10,half_of_maximum,2020-08-03T01:00:00+03:00,-160.0,0.0,1,1,0,0,0.0
10,half_of_maximum,2020-09-01T01:00:00+03:00,-230.0,0.0,1,1,0,0,0.0
10,half_of_maximum,2020-10-01T01:00:00+03:00,-195.0,0.0,1,1,0,0,0.0
10,half_of_maximum,2020-11-02T01:00:00+02:00,-160.0,0.0,1,1,0,0,0.0
10,half_of_maximum,2020-12-01T01:00:00+02:00,-195.0,0.0,1,1,0,0,0.0
10,half_of_maximum,2021-01-04T01:00:00+02:00,-160.0,0.0,1,1,0,0,0.0
10,half_of_maximum,2021-02-01T01:00:00+02:00,-160.0,0.0,1,1,0,0,0.0
10,half_of_maximum,2021-03-01T01:00:00+02:00,-195.0,0.0,1,1,0,0,0.0
10,half_of_maximum,2021-04-01T01:00:00+03:00,-160.0,0.0,1,1,0,0,0.0
10,half_of_maximum,2021-05-03T01:00:00+03:00,-220.0,500.0,1,1,0,1,0.0
10,half_of_maximum,2021-06-01T01:00:00+03:00,-185.0,500.0,1,1,0,1,0.0
10,half_of_maximum,2021-07-01T01:00:00+03:00,-150.0,500.0,1,1,0,1,0.0
10,half_of_maximum,2021-08-02T01:00:00+03:00,-195.0,0.0,1,1,0,0,0.0
10,half_of_maximum,2021-09-01T01:00:00+03:00,-160.0,0.0,1,1,0,0,0.0
10,half_of_maximum,2021-10-01T01:00:00+03:00,-135.0,500.0,2,2,0,1,0.0
10,half_of_maximum,2021-11-01T01:00:00+02:00,-160.0,0.0,1,1,0,0,0.0
10,half_of_maximum,2021-12-01T01:00:00+02:00,-220.0,500.0,1,1,0,1,0.0
10,half_of_maximum,2022-01-03T01:00:00+02:00,-170.0,500.0,2,2,0,1,0.0
10,half_of_maximum,2022-02-01T01:00:00+02:00,-135.0,500.0,2,2,0,1,0.0
10,half_of_maximum,2022-03-01T01:00:00+02:00,-195.0,0.0,1,1,0,0,0.0
10,half_of_maximum,2022-04-01T01:00:00+03:00,-160.0,0.0,1,1,0,0,0.0
10,half_of_maximum,2022-05-02T01:00:00+03:00,-210.5,2264.5,10,10,1,4,0.0
10,half_of_maximum,2022-06-01T01:00:00+03:00,-175.5,2264.5,10,10,1,4,0.0
10,half_of_maximum,2022-07-01T01:00:00+03:00,-140.5,2264.5,10,10,1,4,0.0
10,half_of_maximum,2022-08-01T01:00:00+03:00,-160.0,0.0,1,1,0,0,0.0
10,half_of_maximum,2022-09-01T01:00:00+03:00,-195.0,0.0,1,1,0,0,0.0
10,half_of_maximum,2022-10-03T01:00:00+03:00,-160.0,0.0,1,1,0,0,0.0
10,half_of_maximum,2022-11-01T01:00:00+02:00,-300.0,1500.0,6,6,1,3,0.0
10,half_of_maximum,2022-12-01T01:00:00+02:00,-265.0,1500.0,6,6,1,3,0.0
10,half_of_maximum,2023-01-03T01:00:00+02:00,-265.0,0.0,1,1,0,0,0.0
10,half_of_maximum,2023-02-01T01:00:00+02:00,-230.0,0.0,1,1,0,0,0.0
10,half_of_maximum,2023-03-01T01:00:00+02:00,-160.0,1500.0,6,6,1,3,0.0
10,half_of_maximum,2023-04-03T01:00:00+03:00,-160.0,0.0,1,1,0,0,0.0
10,half_of_maximum,2023-05-01T01:00:00+03:00,-195.0,0.0,1,1,0,0,0.0
10,half_of_maximum,2023-06-01T01:00:00+03:00,-160.0,0.0,1,1,0,0,0.0
10,half_of_maximum,2023-07-03T01:00:00+03:00,-160.0,0.0,1,1,0,0,0.0
10,half_of_maximum,2023-08-01T01:00:00+03:00,59727.91,68137.91,39,38,7,111,1135.3
10,half_of_maximum,2023-09-01T01:00:00+03:00,52122.37,62657.37,49,39,7,101,2651.8
10,half_of_maximum,2023-10-02T01:00:00+03:00,58192.31,68132.31,49,39,7,111,-261.2
10,half_of_maximum,2023-11-01T01:00:00+02:00,63227.31,73132.31,49,39,7,121,17682.3
10,half_of_maximum,2023-12-01T01:00:00+02:00,75030.51,84900.51,49,39,7,141,11596.6
10,half_of_maximum,2024-01-02T01:00:00+02:00,-141.43,1503.57,7,7,1,3,0.0
10,half_of_maximum,2024-02-01T01:00:00+02:00,53322.04,62717.04,41,41,9,102,0.0
10,half_of_maximum,2024-03-01T01:00:00+02:00,-195.0,0.0,1,1,0,0,0.0
10,half_of_maximum,2024-04-01T01:00:00+03:00,-160.0,0.0,1,1,0,0,0.0
10,half_of_maximum,2024-05-01T01:00:00+03:00,-155.9,1724.1,10,10,2,3,0.0
10,half_of_maximum,2024-06-03T01:00:00+03:00,-135.0,1000.0,6,6,2,2,0.0
10,half_of_maximum,2024-07-01T01:00:00+03:00,-160.0,0.0,1,1,0,0,0.0
10,maximum_always,2020-01-02T01:00:00+02:00,-195.0,0.0,1,1,0,0,0.0
10,maximum_always,2020-02-03T01:00:00+02:00,-260.15,1449.85,5,5,1,2,0.0
10,maximum_always,2020-03-02T01:00:00+02:00,-160.0,0.0,1,1,0,0,0.0
10,maximum_always,2020-04-01T01:00:00+03:00,-178.2,1496.8,5,5,1,2,0.0
10,maximum_always,2020-05-01T01:00:00+03:00,-143.2,1496.8,5,5,1,2,0.0
10,maximum_always,2020-06-01T01:00:00+03:00,-230.0,0.0,1,1,0,0,0.0
10,maximum_always,2020-07-01T01:00:00+03:00,-195.0,0.0,1,1,0,0,0.0
10,maximum_always,2020-08-03T01:00:00+03:00,-160.0,0.0,1,1,0,0,0.0
10,maximum_always,2020-09-01T01:00:00+03:00,-230.0,0.0,1,1,0,0,0.0
10,maximum_always,2020-10-01T01:00:00+03:00,-195.0,0.0,1,1,0,0,0.0
10,maximum_always,2020-11-02T01:00:00+02:00,-160.0,0.0,1,1,0,0,0.0
10,maximum_always,2020-12-01T01:00:00+02:00,-195.0,0.0,1,1,0,0,0.0
10,maximum_always,2021-01-04T01:00:00+02:00,-160.0,0.0,1,1,0,0,0.0
10,maximum_always,2021-02-01T01:00:00+02:00,-160.0,0.0,1,1,0,0,0.0
10,maximum_always,2021-03-01T01:00:00+02:00,-195.0,0.0,1,1,0,0,0.0
10,maximum_always,2021-04-01T01:00:00+03:00,-160.0,0.0,1,1,0,0,0.0
10,maximum_always,2021-05-03T01:00:00+03:00,-214.45,770.55,2,2,0,1,0.0
10,maximum_always,2021-06-01T01:00:00+03:00,-179.45,770.55,2,2,0,1,0.0
10,maximum_always,2021-07-01T01:00:00+03:00,-144.45,770.55,2,2,0,1,0.0
10,maximum_always,2021-08-02T01:00:00+03:00,-195.0,0.0,1,1,0,0,0.0
10,maximum_always,2021-09-01T01:00:00+03:00,-160.0,0.0,1,1,0,0,0.0
10,maximum_always,2021-10-01T01:00:00+03:00,-134.1,500.9,2,2,0,1,0.0
10,maximum_always,2021-11-01T01:00:00+02:00,-160.0,0.0,1,1,0,0,0.0
10,maximum_always,2021-12-01T01:00:00+02:00,-223.1,641.9,3,3,0,1,0.0
10,maximum_always,2022-01-03T01:00:00+02:00,-187.35,517.65,2,2,0,1,0.0
10,maximum_always,2022-02-01T01:00:00+02:00,-152.35,517.65,2,2,0,1,0.0
10,maximum_always,2022-03-01T01:00:00+02:00,-195.0,0.0,1,1,0,0,0.0
10,maximum_always,2022-04-01T01:00:00+03:00,-160.0,0.0,1,1,0,0,0.0
10,maximum_always,2022-05-02T01:00:00+03:00,-202.65,2062.35,10,10,1,3,0.0
10,maximum_always,2022-06-01T01:00:00+03:00,-167.65,2062.35,10,10,1,3,0.0
10,maximum_always,2022-07-01T01:00:00+03:00,-132.65,2062.35,10,10,1,3,0.0
10,maximum_always,2022-08-01T01:00:00+03:00,-160.0,0.0,1,1,0,0,0.0
10,maximum_always,2022-09-01T01:00:00+03:00,-195.0,0.0,1,1,0,0,0.0
10,maximum_always,2022-10-03T01:00:00+03:00,-160.0,0.0,1,1,0,0,0.0
10,maximum_always,2022-11-01T01:00:00+02:00,-282.5,1217.5,5,5,1,2,0.0
10,maximum_always,2022-12-01T01:00:00+02:00,-247.5,1217.5,5,5,1,2,0.0
10,maximum_always,2023-01-03T01:00:00+02:00,-265.0,0.0,1,1,0,0,0.0
10,maximum_always,2023-02-01T01:00:00+02:00,-230.0,0.0,1,1,0,0,0.0
10,maximum_always,2023-03-01T01:00:00+02:00,-142.5,1217.5,5,5,1,2,0.0
10,maximum_always,2023-04-03T01:00:00+03:00,-160.0,0.0,1,1,0,0,0.0
10,maximum_always,2023-05-01T01:00:00+03:00,-195.0,0.0,1,1,0,0,0.0
10,maximum_always,2023-06-01T01:00:00+03:00,-160.0,0.0,1,1,0,0,0.0
10,maximum_always,2023-07-03T01:00:00+03:00,-160.0,0.0,1,1,0,0,0.0
10,maximum_always,2023-08-01T01:00:00+03:00,42396.9,51331.9,39,39,7,66,0.0
10,maximum_always,2023-09-01T01:00:00+03:00,35759.3,47014.3,50,40,7,61,2622.85
10,maximum_always,2023-10-02T01:00:00+03:00,38590.2,49090.2,49,39,7,63,-290.15
10,maximum_always,2023-11-01T01:00:00+02:00,44429.6,54894.6,49,39,7,73,16848.95
10,maximum_always,2023-12-01T01:00:00+02:00,61373.05,72153.05,49,49,8,93,0.0
10,maximum_always,2024-01-02T01:00:00+02:00,-152.85,2007.15,10,10,1,3,0.0
10,maximum_always,2024-02-01T01:00:00+02:00,47064.85,57284.85,42,42,7,76,0.0
10,maximum_always,2024-03-01T01:00:00+02:00,-195.0,0.0,1,1,0,0,0.0
10,maximum_always,2024-04-01T01:00:00+03:00,-160.0,0.0,1,1,0,0,0.0
10,maximum_always,2024-05-01T01:00:00+03:00,47342.85,58027.85,39,39,6,74,0.0
10,maximum_always,2024-06-03T01:00:00+03:00,-141.5,688.5,3,3,1,1,0.0
10,maximum_always,2024-07-01T01:00:00+03:00,-160.0,0.0,1,1,0,0,0.0
10,minimum_500_always,2020-01-02T01:00:00+02:00,-195.0,0.0,1,1,0,0,0.0
10,minimum_500_always,2020-02-03T01:00:00+02:00,-265.0,1500.0,6,6,1,3,0.0
10,minimum_500_always,2020-03-02T01:00:00+02:00,-160.0,0.0,1,1,0,0,0.0
10,minimum_500_always,2020-04-01T01:00:00+03:00,-195.0,1500.0,6,6,1,3,0.0
10,minimum_500_always,2020-05-01T01:00:00+03:00,-160.0,1500.0,6,6,1,3,0.0
10,minimum_500_always,2020-06-01T01:00:00+03:00,-230.0,0.0,1,1,0,0,0.0
10,minimum_500_always,2020-07-01T01:00:00+03:00,-195.0,0.0,1,1,0,0,0.0
10,minimum_500_always,2020-08-03T01:00:00+03:00,-160.0,0.0,1,1,0,0,0.0
10,minimum_500_always,2020-09-01T01:00:00+03:00,-230.0,0.0,1,1,0,0,0.0
10,minimum_500_always,2020-10-01T01:00:00+03:00,-195.0,0.0,1,1,0,0,0.0
10,minimum_500_always,2020-11-02T01:00:00+02:00,-160.0,0.0,1,1,0,0,0.0
10,minimum_500_always,2020-12-01T01:00:00+02:00,-195.0,0.0,1,1,0,0,0.0
10,minimum_500_always,2021-01-04T01:00:00+02:00,-160.0,0.0,1,1,0,0,0.0
10,minimum_500_always,2021-02-01T01:00:00+02:00,-160.0,0.0,1,1,0,0,0.0
10,minimum_500_always,2021-03-01T01:00:00+02:00,-195.0,0.0,1,1,0,0,0.0
10,minimum_500_always,2021-04-01T01:00:00+03:00,-160.0,0.0,1,1,0,0,0.0
10,minimum_500_always,2021-05-03T01:00:00+03:00,-220.0,500.0,1,1,0,1,0.0
10,minimum_500_always,2021-06-01T01:00:00+03:00,-185.0,500.0,1,1,0,1,0.0
10,minimum_500_always,2021-07-01T01:00:00+03:00,-150.0,500.0,1,1,0,1,0.0
10,minimum_500_always,2021-08-02T01:00:00+03:00,-195.0,0.0,1,1,0,0,0.0
10,minimum_500_always,2021-09-01T01:00:00+03:00,-160.0,0.0,1,1,0,0,0.0
10,minimum_500_always,2021-10-01T01:00:00+03:00,-135.0,500.0,2,2,0,1,0.0
10,minimum_500_always,2021-11-01T01:00:00+02:00,-160.0,0.0,1,1,0,0,0.0
10,minimum_500_always,2021-12-01T01:00:00+02:00,-220.0,500.0,1,1,0,1,0.0
10,minimum_500_always,2022-01-03T01:00:00+02:00,-170.0,500.0,2,2,0,1,0.0
10,minimum_500_always,2022-02-01T01:00:00+02:00,-135.0,500.0,2,2,0,1,0.0
10,minimum_500_always,2022-03-01T01:00:00+02:00,-195.0,0.0,1,1,0,0,0.0
10,minimum_500_always,2022-04-01T01:00:00+03:00,-160.0,0.0,1,1,0,0,0.0
10,minimum_500_always,2022-05-02T01:00:00+03:00,-215.0,2000.0,11,11,1,4,0.0
10,minimum_500_always,2022-06-01T01:00:00+03:00,-180.0,2000.0,11,11,1,4,0.0
10,minimum_500_always,2022-07-01T01:00:00+03:00,-145.0,2000.0,11,11,1,4,0.0
10,minimum_500_always,2022-08-01T01:00:00+03:00,-160.0,0.0,1,1,0,0,0.0
10,minimum_500_always,2022-09-01T01:00:00+03:00,-195.0,0.0,1,1,0,0,0.0
10,minimum_500_always,2022-10-03T01:00:00+03:00,-160.0,0.0,1,1,0,0,0.0
10,minimum_500_always,2022-11-01T01:00:00+02:00,-300.0,1500.0,6,6,1,3,0.0
10,minimum_500_always,2022-12-01T01:00:00+02:00,-265.0,1500.0,6,6,1,3,0.0
10,minimum_500_always,2023-01-03T01:00:00+02:00,-265.0,0.0,1,1,0,0,0.0
10,minimum_500_always,2023-02-01T01:00:00+02:00,-230.0,0.0,1,1,0,0,0.0
10,minimum_500_always,2023-03-01T01:00:00+02:00,-160.0,1500.0,6,6,1,3,0.0
10,minimum_500_always,2023-04-03T01:00:00+03:00,-160.0,0.0,1,1,0,0,0.0
10,minimum_500_always,2023-05-01T01:00:00+03:00,-195.0,0.0,1,1,0,0,0.0
10,minimum_500_always,2023-06-01T01:00:00+03:00,-160.0,0.0,1,1,0,0,0.0
10,minimum_500_always,2023-07-03T01:00:00+03:00,-160.0,0.0,1,1,0,0,0.0
10,minimum_500_always,2023-08-01T01:00:00+03:00,60965.0,68500.0,39,30,6,137,10217.7
10,minimum_500_always,2023-09-01T01:00:00+03:00,54965.0,64500.0,48,38,6,129,2892.6
10,minimum_500_always,2023-10-02T01:00:00+03:00,59435.0,68500.0,49,39,7,137,-20.4
10,minimum_500_always,2023-11-01T01:00:00+02:00,64470.0,73500.0,49,39,7,147,17923.1
10,minimum_500_always,2023-12-01T01:00:00+02:00,74505.0,83500.0,49,39,7,167,13605.6
10,minimum_500_always,2024-01-02T01:00:00+02:00,-145.0,1500.0,7,7,1,3,0.0
10,minimum_500_always,2024-02-01T01:00:00+02:00,48915.0,58000.0,43,41,8,116,763.8
10,minimum_500_always,2024-03-01T01:00:00+02:00,-195.0,0.0,1,1,0,0,0.0
10,minimum_500_always,2024-04-01T01:00:00+03:00,-160.0,0.0,1,1,0,0,0.0
10,minimum_500_always,2024-05-01T01:00:00+03:00,-135.0,1500.0,10,10,2,3,0.0
10,minimum_500_always,2024-06-03T01:00:00+03:00,-135.0,1000.0,6,6,2,2,0.0
10,minimum_500_always,2024-07-01T01:00:00+03:00,-160.0,0.0,1,1,0,0,0.0
10,preserve_safety_net,2020-01-02T01:00:00+02:00,-195.0,0.0,1,1,0,0,0.0
10,preserve_safety_net,2020-02-03T01:00:00+02:00,-252.4,1162.6,6,6,1,2,0.0
10,preserve_safety_net,2020-03-02T01:00:00+02:00,-160.0,0.0,1,1,0,0,0.0
10,preserve_safety_net,2020-04-01T01:00:00+03:00,-170.45,1209.55,6,6,1,2,0.0
10,preserve_safety_net,2020-05-01T01:00:00+03:00,-135.45,1209.55,6,6,1,2,0.0
10,preserve_safety_net,2020-06-01T01:00:00+03:00,-230.0,0.0,1,1,0,0,0.0
10,preserve_safety_net,2020-07-01T01:00:00+03:00,-195.0,0.0,1,1,0,0,0.0
10,preserve_safety_net,2020-08-03T01:00:00+03:00,-160.0,0.0,1,1,0,0,0.0
10,preserve_safety_net,2020-09-01T01:00:00+03:00,-230.0,0.0,1,1,0,0,0.0
10,preserve_safety_net,2020-10-01T01:00:00+03:00,-195.0,0.0,1,1,0,0,0.0
10,preserve_safety_net,2020-11-02T01:00:00+02:00,-160.0,0.0,1,1,0,0,0.0
10,preserve_safety_net,2020-12-01T01:00:00+02:00,-195.0,0.0,1,1,0,0,0.0
10,preserve_safety_net,2021-01-04T01:00:00+02:00,-160.0,0.0,1,1,0,0,0.0
10,preserve_safety_net,2021-02-01T01:00:00+02:00,-160.0,0.0,1,1,0,0,0.0
10,preserve_safety_net,2021-03-01T01:00:00+02:00,-195.0,0.0,1,1,0,0,0.0
10,preserve_safety_net,2021-04-01T01:00:00+03:00,-160.0,0.0,1,1,0,0,0.0
10,preserve_safety_net,2021-05-03T01:00:00+03:00,-230.0,0.0,1,1,0,0,0.0
10,preserve_safety_net,2021-06-01T01:00:00+03:00,-195.0,0.0,1,1,0,0,0.0
10,preserve_safety_net,2021-07-01T01:00:00+03:00,-160.0,0.0,1,1,0,0,0.0
10,preserve_safety_net,2021-08-02T01:00:00+03:00,-195.0,0.0,1,1,0,0,0.0
10,preserve_safety_net,2021-09-01T01:00:00+03:00,-160.0,0.0,1,1,0,0,0.0
10,preserve_safety_net,2021-10-01T01:00:00+03:00,-160.0,0.0,1,1,0,0,0.0
10,preserve_safety_net,2021-11-01T01:00:00+02:00,-160.0,0.0,1,1,0,0,0.0
10,preserve_safety_net,2021-12-01T01:00:00+02:00,-214.45,705.55,4,4,1,1,0.0
10,preserve_safety_net,2022-01-03T01:00:00+02:00,-180.85,559.15,2,2,0,1,0.0
10,preserve_safety_net,2022-02-01T01:00:00+02:00,-145.85,559.15,2,2,0,1,0.0
10,preserve_safety_net,2022-03-01T01:00:00+02:00,-195.0,0.0,1,1,0,0,0.0
10,preserve_safety_net,2022-04-01T01:00:00+03:00,-160.0,0.0,1,1,0,0,0.0
10,preserve_safety_net,2022-05-02T01:00:00+03:00,-229.45,1755.55,10,10,1,3,0.0
10,preserve_safety_net,2022-06-01T01:00:00+03:00,-194.45,1755.55,10,10,1,3,0.0
10,preserve_safety_net,2022-07-01T01:00:00+03:00,-159.45,1755.55,10,10,1,3,0.0
10,preserve_safety_net,2022-08-01T01:00:00+03:00,-160.0,0.0,1,1,0,0,0.0
10,preserve_safety_net,2022-09-01T01:00:00+03:00,-195.0,0.0,1,1,0,0,0.0
10,preserve_safety_net,2022-10-03T01:00:00+03:00,-160.0,0.0,1,1,0,0,0.0
10,preserve_safety_net,2022-11-01T01:00:00+02:00,-288.5,1056.5,6,6,1,2,0.0
10,preserve_safety_net,2022-12-01T01:00:00+02:00,-253.5,1056.5,6,6,1,2,0.0
10,preserve_safety_net,2023-01-03T01:00:00+02:00,-265.0,0.0,1,1,0,0,0.0
10,preserve_safety_net,2023-02-01T01:00:00+02:00,-230.0,0.0,1,1,0,0,0.0
10,preserve_safety_net,2023-03-01T01:00:00+02:00,-148.5,1056.5,6,6,1,2,0.0
10,preserve_safety_net,2023-04-03T01:00:00+03:00,-160.0,0.0,1,1,0,0,0.0
10,preserve_safety_net,2023-05-01T01:00:00+03:00,-195.0,0.0,1,1,0,0,0.0
10,preserve_safety_net,2023-06-01T01:00:00+03:00,-160.0,0.0,1,1,0,0,0.0
10,preserve_safety_net,2023-07-03T01:00:00+03:00,-160.0,0.0,1,1,0,0,0.0
10,preserve_safety_net,2023-08-01T01:00:00+03:00,66890.75,73630.75,29,29,5,96,0.0
10,preserve_safety_net,2023-09-01T01:00:00+03:00,51528.05,60203.05,40,30,6,76,3576.0
10,preserve_safety_net,2023-10-02T01:00:00+03:00,60670.55,69080.55,39,29,5,91,-485.95
10,preserve_safety_net,2023-11-01T01:00:00+02:00,66346.6,74721.6,39,29,5,101,16816.5
10,preserve_safety_net,2023-12-01T01:00:00+02:00,72087.85,80427.85,39,29,5,111,16792.75
10,preserve_safety_net,2024-01-02T01:00:00+02:00,-127.85,1507.15,10,10,1,2,0.0
10,preserve_safety_net,2024-02-01T01:00:00+02:00,58986.2,66341.2,30,21,3,92,15334.4
10,preserve_safety_net,2024-03-01T01:00:00+02:00,-195.0,0.0,1,1,0,0,0.0
10,preserve_safety_net,2024-04-01T01:00:00+03:00,-160.0,0.0,1,1,0,0,0.0
10,preserve_safety_net,2024-05-01T01:00:00+03:00,-145.6,1594.4,10,10,1,2,0.0
10,preserve_safety_net,2024-06-03T01:00:00+03:00,-150.1,519.9,2,2,0,1,0.0
10,preserve_safety_net,2024-07-01T01:00:00+03:00,-160.0,0.0,1,1,0,0,0.0
10,rush_to_uncapped,2020-01-02T01:00:00+02:00,-195.0,0.0,1,1,0,0,0.0
10,rush_to_uncapped,2020-02-03T01:00:00+02:00,-265.0,1500.0,6,6,1,3,0.0
10,rush_to_uncapped,2020-03-02T01:00:00+02:00,-160.0,0.0,1,1,0,0,0.0
10,rush_to_uncapped,2020-04-01T01:00:00+03:00,-195.0,1500.0,6,6,1,3,0.0
10,rush_to_uncapped,2020-05-01T01:00:00+03:00,-160.0,1500.0,6,6,1,3,0.0
10,rush_to_uncapped,2020-06-01T01:00:00+03:00,-230.0,0.0,1,1,0,0,0.0
10,rush_to_uncapped,2020-07-01T01:00:00+03:00,-195.0,0.0,1,1,0,0,0.0
10,rush_to_uncapped,2020-08-03T01:00:00+03:00,-160.0,0.0,1,1,0,0,0.0
10,rush_to_uncapped,2020-09-01T01:00:00+03:00,-230.0,0.0,1,1,0,0,0.0
10,rush_to_uncapped,2020-10-01T01:00:00+03:00,-195.0,0.0,1,1,0,0,0.0
10,rush_to_uncapped,2020-11-02T01:00:00+02:00,-160.0,0.0,1,1,0,0,0.0
10,rush_to_uncapped,2020-12-01T01:00:00+02:00,-195.0,0.0,1,1,0,0,0.0
10,rush_to_uncapped,2021-01-04T01:00:00+02:00,-160.0,0.0,1,1,0,0,0.0
10,rush_to_uncapped,2021-02-01T01:00:00+02:00,-160.0,0.0,1,1,0,0,0.0
10,rush_to_uncapped,2021-03-01T01:00:00+02:00,-195.0,0.0,1,1,0,0,0.0
10,rush_to_uncapped,2021-04-01T01:00:00+03:00,-160.0,0.0,1,1,0,0,0.0
10,rush_to_uncapped,2021-05-03T01:00:00+03:00,-220.0,500.0,1,1,0,1,0.0
10,rush_to_uncapped,2021-06-01T01:00:00+03:00,-185.0,500.0,1,1,0,1,0.0
10,rush_to_uncapped,2021-07-01T01:00:00+03:00,-150.0,500.0,1,1,0,1,0.0
10,rush_to_uncapped,2021-08-02T01:00:00+03:00,-195.0,0.0,1,1,0,0,0.0
10,rush_to_uncapped,2021-09-01T01:00:00+03:00,-160.0,0.0,1,1,0,0,0.0
10,rush_to_uncapped,2021-10-01T01:00:00+03:00,-135.0,500.0,2,2,0,1,0.0
10,rush_to_uncapped,2021-11-01T01:00:00+02:00,-160.0,0.0,1,1,0,0,0.0
10,rush_to_uncapped,2021-12-01T01:00:00+02:00,-220.0,500.0,1,1,0,1,0.0
10,rush_to_uncapped,2022-01-03T01:00:00+02:00,-170.0,500.0,2,2,0,1,0.0
10,rush_to_uncapped,2022-02-01T01:00:00+02:00,-135.0,500.0,2,2,0,1,0.0
10,rush_to_uncapped,2022-03-01T01:00:00+02:00,-195.0,0.0,1,1,0,0,0.0
10,rush_to_uncapped,2022-04-01T01:00:00+03:00,-160.0,0.0,1,1,0,0,0.0
10,rush_to_uncapped,2022-05-02T01:00:00+03:00,-215.0,2000.0,11,11,1,4,0.0
10,rush_to_uncapped,2022-06-01T01:00:00+03:00,-180.0,2000.0,11,11,1,4,0.0
10,rush_to_uncapped,2022-07-01T01:00:00+03:00,-145.0,2000.0,11,11,1,4,0.0
10,rush_to_uncapped,2022-08-01T01:00:00+03:00,-160.0,0.0,1,1,0,0,0.0
10,rush_to_uncapped,2022-09-01T01:00:00+03:00,-195.0,0.0,1,1,0,0,0.0
10,rush_to_uncapped,2022-10-03T01:00:00+03:00,-160.0,0.0,1,1,0,0,0.0
10,rush_to_uncapped,2022-11-01T01:00:00+02:00,-300.0,1500.0,6,6,1,3,0.0
10,rush_to_uncapped,2022-12-01T01:00:00+02:00,-265.0,1500.0,6,6,1,3,0.0
10,rush_to_uncapped,2023-01-03T01:00:00+02:00,-265.0,0.0,1,1,0,0,0.0
10,rush_to_uncapped,2023-02-01T01:00:00+02:00,-230.0,0.0,1,1,0,0,0.0
10,rush_to_uncapped,2023-03-01T01:00:00+02:00,-160.0,1500.0,6,6,1,3,0.0
10,rush_to_uncapped,2023-04-03T01:00:00+03:00,-160.0,0.0,1,1,0,0,0.0
10,rush_to_uncapped,2023-05-01T01:00:00+03:00,-195.0,0.0,1,1,0,0,0.0
10,rush_to_uncapped,2023-06-01T01:00:00+03:00,-160.0,0.0,1,1,0,0,0.0
10,rush_to_uncapped,2023-07-03T01:00:00+03:00,-160.0,0.0,1,1,0,0,0.0
10,rush_to_uncapped,2023-08-01T01:00:00+03:00,54635.22,63590.22,40,38,8,106,2084.0
10,rush_to_uncapped,2023-09-01T01:00:00+03:00,49016.16,60131.16,50,40,7,97,2919.05
10,rush_to_uncapped,2023-10-02T01:00:00+03:00,53105.22,63590.22,50,40,8,106,6.05
10,rush_to_uncapped,2023-11-01T01:00:00+02:00,58140.22,68590.22,50,40,8,116,17949.55
10,rush_to_uncapped,2023-12-01T01:00:00+02:00,68175.22,78590.22,50,40,8,136,13632.05
10,rush_to_uncapped,2024-01-02T01:00:00+02:00,-145.0,1500.0,7,7,1,3,0.0
10,rush_to_uncapped,2024-02-01T01:00:00+02:00,47690.36,57605.36,46,42,9,104,1575.85
10,rush_to_uncapped,2024-03-01T01:00:00+02:00,-195.0,0.0,1,1,0,0,0.0
10,rush_to_uncapped,2024-04-01T01:00:00+03:00,-160.0,0.0,1,1,0,0,0.0
10,rush_to_uncapped,2024-05-01T01:00:00+03:00,-135.0,1500.0,10,10,2,3,0.0
10,rush_to_uncapped,2024-06-03T01:00:00+03:00,-135.0,1000.0,6,6,2,2,0.0
10,rush_to_uncapped,2024-07-01T01:00:00+03:00,-160.0,0.0,1,1,0,0,0.0
11,cap_maximizer,2020-01-02T01:00:00+02:00,-195.0,0.0,1,1,0,0,0.0
11,cap_maximizer,2020-02-03T01:00:00+02:00,-260.0,1500.0,4,4,1,1,0.0
11,cap_maximizer,2020-03-02T01:00:00+02:00,-160.0,0.0,1,1,0,0,0.0
11,cap_maximizer,2020-04-01T01:00:00+03:00,-190.0,1500.0,4,4,1,1,0.0
11,cap_maximizer,2020-05-01T01:00:00+03:00,-155.0,1500.0,4,4,1,1,0.0
11,cap_maximizer,2020-06-01T01:00:00+03:00,-230.0,0.0,1,1,0,0,0.0
11,cap_maximizer,2020-07-01T01:00:00+03:00,-195.0,0.0,1,1,0,0,0.0
11,cap_maximizer,2020-08-03T01:00:00+03:00,-160.0,0.0,1,1,0,0,0.0
11,cap_maximizer,2020-09-01T01:00:00+03:00,-230.0,0.0,1,1,0,0,0.0
11,cap_maximizer,2020-10-01T01:00:00+03:00,-195.0,0.0,1,1,0,0,0.0
11,cap_maximizer,2020-11-02T01:00:00+02:00,-160.0,0.0,1,1,0,0,0.0
11,cap_maximizer,2020-12-01T01:00:00+02:00,-195.0,0.0,1,1,0,0,0.0
11,cap_maximizer,2021-01-04T01:00:00+02:00,-160.0,0.0,1,1,0,0,0.0
11,cap_maximizer,2021-02-01T01:00:00+02:00,-160.0,0.0,1,1,0,0,0.0
11,cap_maximizer,2021-03-01T01:00:00+02:00,-195.0,0.0,1,1,0,0,0.0
11,cap_maximizer,2021-04-01T01:00:00+03:00,-160.0,0.0,1,1,0,0,0.0
11,cap_maximizer,2021-05-03T01:00:00+03:00,-230.0,0.0,1,1,0,0,0.0
11,cap_maximizer,2021-06-01T01:00:00+03:00,-195.0,0.0,1,1,0,0,0.0
11,cap_maximizer,2021-07-01T01:00:00+03:00,-160.0,0.0,1,1,0,0,0.0
11,cap_maximizer,2021-08-02T01:00:00+03:00,-195.0,0.0,1,1,0,0,0.0
11,cap_maximizer,2021-09-01T01:00:00+03:00,-160.0,0.0,1,1,0,0,0.0
11,cap_maximizer,2021-10-01T01:00:00+03:00,-160.0,0.0,1,1,0,0,0.0
11,cap_maximizer,2021-11-01T01:00:00+02:00,-160.0,0.0,1,1,0,0,0.0
11,cap_maximizer,2021-12-01T01:00:00+02:00,3945.0,10500.0,25,22,4,7,3151.8
11,cap_maximizer,2022-01-03T01:00:00+02:00,-165.0,1500.0,1,1,0,1,0.0
11,cap_maximizer,2022-02-01T01:00:00+02:00,-130.0,1500.0,1,1,0,1,0.0
11,cap_maximizer,2022-03-01T01:00:00+02:00,-195.0,0.0,1,1,0,0,0.0
11,cap_maximizer,2022-04-01T01:00:00+03:00,-160.0,0.0,1,1,0,0,0.0
11,cap_maximizer,2022-05-02T01:00:00+03:00,-225.0,1500.0,4,4,1,1,0.0
11,cap_maximizer,2022-06-01T01:00:00+03:00,-190.0,1500.0,4,4,1,1,0.0
11,cap_maximizer,2022-07-01T01:00:00+03:00,-155.0,1500.0,4,4,1,1,0.0
11,cap_maximizer,2022-08-01T01:00:00+03:00,-160.0,0.0,1,1,0,0,0.0
11,cap_maximizer,2022-09-01T01:00:00+03:00,-195.0,0.0,1,1,0,0,0.0
11,cap_maximizer,2022-10-03T01:00:00+03:00,-160.0,0.0,1,1,0,0,0.0
11,cap_maximizer,2022-11-01T01:00:00+02:00,-270.0,1500.0,1,1,0,1,0.0
11,cap_maximizer,2022-12-01T01:00:00+02:00,-235.0,1500.0,1,1,0,1,0.0
11,cap_maximizer,2023-01-03T01:00:00+02:00,-265.0,0.0,1,1,0,0,0.0
11,cap_maximizer,2023-02-01T01:00:00+02:00,-230.0,0.0,1,1,0,0,0.0
11,cap_maximizer,2023-03-01T01:00:00+02:00,-130.0,1500.0,1,1,0,1,0.0
11,cap_maximizer,2023-04-03T01:00:00+03:00,-160.0,0.0,1,1,0,0,0.0
11,cap_maximizer,2023-05-01T01:00:00+03:00,-195.0,0.0,1,1,0,0,0.0
11,cap_maximizer,2023-06-01T01:00:00+03:00,-160.0,0.0,1,1,0,0,0.0
11,cap_maximizer,2023-07-03T01:00:00+03:00,-160.0,0.0,1,1,0,0,0.0
11,cap_maximizer,2023-08-01T01:00:00+03:00,50785.0,60000.0,39,38,8,40,1635.3
11,cap_maximizer,2023-09-01T01:00:00+03:00,49290.0,60000.0,49,38,8,40,4095.3
11,cap_maximizer,2023-10-02T01:00:00+03:00,59265.0,69000.0,44,33,8,46,-88.6
11,cap_maximizer,2023-11-01T01:00:00+02:00,59300.0,69000.0,44,33,8,46,25149.25
11,cap_maximizer,2023-12-01T01:00:00+02:00,75835.0,85500.0,44,33,8,57,14900.0
11,cap_maximizer,2024-01-02T01:00:00+02:00,69580.0,79500.0,41,39,5,53,-990.0
11,cap_maximizer,2024-02-01T01:00:00+02:00,78820.0,88500.0,43,42,9,59,513.1
11,cap_maximizer,2024-03-01T01:00:00+02:00,-195.0,0.0,1,1,0,0,0.0
11,cap_maximizer,2024-04-01T01:00:00+03:00,-160.0,0.0,1,1,0,0,0.0
11,cap_maximizer,2024-05-01T01:00:00+03:00,-135.0,1500.0,10,10,1,1,0.0
11,cap_maximizer,2024-06-03T01:00:00+03:00,62340.0,73500.0,47,37,7,49,17474.0
11,cap_maximizer,2024-07-01T01:00:00+03:00,-160.0,0.0,1,1,0,0,0.0
11,half_of_maximum,2020-01-02T01:00:00+02:00,-195.0,0.0,1,1,0,0,0.0
11,half_of_maximum,2020-02-03T01:00:00+02:00,-265.0,1500.0,6,6,1,3,0.0
11,half_of_maximum,2020-03-02T01:00:00+02:00,-160.0,0.0,1,1,0,0,0.0
11,half_of_maximum,2020-04-01T01:00:00+03:00,-195.0,1500.0,6,6,1,3,0.0
11,half_of_maximum,2020-05-01T01:00:00+03:00,-160.0,1500.0,6,6,1,3,0.0
11,half_of_maximum,2020-06-01T01:00:00+03:00,-230.0,0.0,1,1,0,0,0.0
11,half_of_maximum,2020-07-01T01:00:00+03:00,-195.0,0.0,1,1,0,0,0.0
11,half_of_maximum,2020-08-03T01:00:00+03:00,-160.0,0.0,1,1,0,0,0.0
11,half_of_maximum,2020-09-01T01:00:00+03:00,-230.0,0.0,1,1,0,0,0.0
11,half_of_maximum,2020-10-01T01:00:00+03:00,-195.0,0.0,1,1,0,0,0.0
11,half_of_maximum,2020-11-02T01:00:00+02:00,-160.0,0.0,1,1,0,0,0.0
11,half_of_maximum,2020-12-01T01:00:00+02:00,-195.0,0.0,1,1,0,0,0.0
11,half_of_maximum,2021-01-04T01:00:00+02:00,-160.0,0.0,1,1,0,0,0.0
11,half_of_maximum,2021-02-01T01:00:00+02:00,-160.0,0.0,1,1,0,0,0.0
11,half_of_maximum,2021-03-01T01:00:00+02:00,-195.0,0.0,1,1,0,0,0.0
11,half_of_maximum,2021-04-01T01:00:00+03:00,-160.0,0.0,1,1,0,0,0.0
11,half_of_maximum,2021-05-03T01:00:00+03:00,-220.0,500.0,1,1,0,1,0.0
11,half_of_maximum,2021-06-01T01:00:00+03:00,-185.0,500.0,1,1,0,1,0.0
11,half_of_maximum,2021-07-01T01:00:00+03:00,-150.0,500.0,1,1,0,1,0.0
11,half_of_maximum,2021-08-02T01:00:00+03:00,-195.0,0.0,1,1,0,0,0.0
11,half_of_maximum,2021-09-01T01:00:00+03:00,-160.0,0.0,1,1,0,0,0.0
11,half_of_maximum,2021-10-01T01:00:00+03:00,-150.0,500.0,1,1,0,1,0.0
11,half_of_maximum,2021-11-01T01:00:00+02:00,-160.0,0.0,1,1,0,0,0.0
11,half_of_maximum,2021-12-01T01:00:00+02:00,-220.0,500.0,1,1,0,1,0.0
11,half_of_maximum,2022-01-03T01:00:00+02:00,-185.0,500.0,1,1,0,1,0.0
11,half_of_maximum,2022-02-01T01:00:00+02:00,-150.0,500.0,1,1,0,1,0.0
11,half_of_maximum,2022-03-01T01:00:00+02:00,-195.0,0.0,1,1,0,0,0.0
11,half_of_maximum,2022-04-01T01:00:00+03:00,-160.0,0.0,1,1,0,0,0.0
11,half_of_maximum,2022-05-02T01:00:00+03:00,-195.5,2264.5,11,11,1,4,0.0
11,half_of_maximum,2022-06-01T01:00:00+03:00,-160.5,2264.5,11,11,1,4,0.0
11,half_of_maximum,2022-07-01T01:00:00+03:00,-125.5,2264.5,11,11,1,4,0.0
11,half_of_maximum,2022-08-01T01:00:00+03:00,-160.0,0.0,1,1,0,0,0.0
11,half_of_maximum,2022-09-01T01:00:00+03:00,-195.0,0.0,1,1,0,0,0.0
11,half_of_maximum,2022-10-03T01:00:00+03:00,-160.0,0.0,1,1,0,0,0.0
11,half_of_maximum,2022-11-01T01:00:00+02:00,-280.0,1500.0,5,5,1,3,0.0
11,half_of_maximum,2022-12-01T01:00:00+02:00,-245.0,1500.0,5,5,1,3,0.0
11,half_of_maximum,2023-01-03T01:00:00+02:00,-265.0,0.0,1,1,0,0,0.0
11,half_of_maximum,2023-02-01T01:00:00+02:00,-230.0,0.0,1,1,0,0,0.0
11,half_of_maximum,2023-03-01T01:00:00+02:00,-140.0,1500.0,5,5,1,3,0.0
11,half_of_maximum,2023-04-03T01:00:00+03:00,-160.0,0.0,1,1,0,0,0.0
11,half_of_maximum,2023-05-01T01:00:00+03:00,-195.0,0.0,1,1,0,0,0.0
11,half_of_maximum,2023-06-01T01:00:00+03:00,-160.0,0.0,1,1,0,0,0.0
11,half_of_maximum,2023-07-03T01:00:00+03:00,-160.0,0.0,1,1,0,0,0.0
11,half_of_maximum,2023-08-01T01:00:00+03:00,65474.49,74699.49,43,42,7,122,1135.3
11,half_of_maximum,2023-09-01T01:00:00+03:00,46799.53,58344.53,54,43,6,98,2623.7
11,half_of_maximum,2023-10-02T01:00:00+03:00,63778.89,74693.89,54,43,7,122,-384.8
11,half_of_maximum,2023-11-01T01:00:00+02:00,69313.89,80193.89,54,43,7,133,19353.05
11,half_of_maximum,2023-12-01T01:00:00+02:00,82223.2,93068.2,54,43,7,155,12729.49
11,half_of_maximum,2024-01-02T01:00:00+02:00,-141.43,1503.57,7,7,1,3,0.0
11,half_of_maximum,2024-02-01T01:00:00+02:00,58792.79,69322.79,47,46,9,113,513.1
11,half_of_maximum,2024-03-01T01:00:00+02:00,-195.0,0.0,1,1,0,0,0.0
11,half_of_maximum,2024-04-01T01:00:00+03:00,-160.0,0.0,1,1,0,0,0.0
11,half_of_maximum,2024-05-01T01:00:00+03:00,-140.9,1724.1,11,11,2,3,0.0
11,half_of_maximum,2024-06-03T01:00:00+03:00,-135.0,1000.0,6,6,2,2,0.0
11,half_of_maximum,2024-07-01T01:00:00+03:00,-160.0,0.0,1,1,0,0,0.0
11,maximum_always,2020-01-02T01:00:00+02:00,-195.0,0.0,1,1,0,0,0.0
11,maximum_always,2020-02-03T01:00:00+02:00,-260.15,1449.85,5,5,1,2,0.0
11,maximum_always,2020-03-02T01:00:00+02:00,-160.0,0.0,1,1,0,0,0.0
11,maximum_always,2020-04-01T01:00:00+03:00,-178.2,1496.8,5,5,1,2,0.0
11,maximum_always,2020-05-01T01:00:00+03:00,-143.2,1496.8,5,5,1,2,0.0
11,maximum_always,2020-06-01T01:00:00+03:00,-230.0,0.0,1,1,0,0,0.0
11,maximum_always,2020-07-01T01:00:00+03:00,-195.0,0.0,1,1,0,0,0.0
11,maximum_always,2020-08-03T01:00:00+03:00,-160.0,0.0,1,1,0,0,0.0
11,maximum_always,2020-09-01T01:00:00+03:00,-230.0,0.0,1,1,0,0,0.0
11,maximum_always,2020-10-01T01:00:00+03:00,-195.0,0.0,1,1,0,0,0.0
11,maximum_always,2020-11-02T01:00:00+02:00,-160.0,0.0,1,1,0,0,0.0
11,maximum_always,2020-12-01T01:00:00+02:00,-195.0,0.0,1,1,0,0,0.0
11,maximum_always,2021-01-04T01:00:00+02:00,-160.0,0.0,1,1,0,0,0.0
11,maximum_always,2021-02-01T01:00:00+02:00,-160.0,0.0,1,1,0,0,0.0
11,maximum_always,2021-03-01T01:00:00+02:00,-195.0,0.0,1,1,0,0,0.0
11,maximum_always,2021-04-01T01:00:00+03:00,-160.0,0.0,1,1,0,0,0.0
11,maximum_always,2021-05-03T01:00:00+03:00,-214.45,770.55,2,2,0,1,0.0
11,maximum_always,2021-06-01T01:00:00+03:00,-179.45,770.55,2,2,0,1,0.0
11,maximum_always,2021-07-01T01:00:00+03:00,-144.45,770.55,2,2,0,1,0.0
11,maximum_always,2021-08-02T01:00:00+03:00,-195.0,0.0,1,1,0,0,0.0
11,maximum_always,2021-09-01T01:00:00+03:00,-160.0,0.0,1,1,0,0,0.0
11,maximum_always,2021-10-01T01:00:00+03:00,-149.1,500.9,1,1,0,1,0.0
11,maximum_always,2021-11-01T01:00:00+02:00,-160.0,0.0,1,1,0,0,0.0
11,maximum_always,2021-12-01T01:00:00+02:00,-203.1,641.9,2,2,0,1,0.0
11,maximum_always,2022-01-03T01:00:00+02:00,-187.35,517.65,2,2,0,1,0.0
11,maximum_always,2022-02-01T01:00:00+02:00,-152.35,517.65,2,2,0,1,0.0
11,maximum_always,2022-03-01T01:00:00+02:00,-195.0,0.0,1,1,0,0,0.0
11,maximum_always,2022-04-01T01:00:00+03:00,-160.0,0.0,1,1,0,0,0.0
11,maximum_always,2022-05-02T01:00:00+03:00,-222.65,2062.35,11,11,1,3,0.0
11,maximum_always,2022-06-01T01:00:00+03:00,-187.65,2062.35,11,11,1,3,0.0
11,maximum_always,2022-07-01T01:00:00+03:00,-152.65,2062.35,11,11,1,3,0.0
11,maximum_always,2022-08-01T01:00:00+03:00,-160.0,0.0,1,1,0,0,0.0
11,maximum_always,2022-09-01T01:00:00+03:00,-195.0,0.0,1,1,0,0,0.0
11,maximum_always,2022-10-03T01:00:00+03:00,-160.0,0.0,1,1,0,0,0.0
11,maximum_always,2022-11-01T01:00:00+02:00,-282.5,1217.5,5,5,1,2,0.0
11,maximum_always,2022-12-01T01:00:00+02:00,-247.5,1217.5,5,5,1,2,0.0
11,maximum_always,2023-01-03T01:00:00+02:00,-265.0,0.0,1,1,0,0,0.0
11,maximum_always,2023-02-01T01:00:00+02:00,-230.0,0.0,1,1,0,0,0.0
11,maximum_always,2023-03-01T01:00:00+02:00,-142.5,1217.5,5,5,1,2,0.0
11,maximum_always,2023-04-03T01:00:00+03:00,-160.0,0.0,1,1,0,0,0.0
11,maximum_always,2023-05-01T01:00:00+03:00,-195.0,0.0,1,1,0,0,0.0
11,maximum_always,2023-06-01T01:00:00+03:00,-160.0,0.0,1,1,0,0,0.0
11,maximum_always,2023-07-03T01:00:00+03:00,-160.0,0.0,1,1,0,0,0.0
11,maximum_always,2023-08-01T01:00:00+03:00,44006.2,53861.2,43,43,8,70,0.0
11,maximum_always,2023-09-01T01:00:00+03:00,45786.3,57946.3,55,44,8,73,2819.5
11,maximum_always,2023-10-02T01:00:00+03:00,41617.85,53162.85,54,43,7,69,-384.8
11,maximum_always,2023-11-01T01:00:00+02:00,48106.0,59616.0,54,43,7,80,18399.9
11,maximum_always,2023-12-01T01:00:00+02:00,66606.35,78466.35,54,54,8,102,0.0
11,maximum_always,2024-01-02T01:00:00+02:00,-137.85,2007.15,11,11,1,3,0.0
11,maximum_always,2024-02-01T01:00:00+02:00,56356.75,67336.75,45,45,6,88,0.0
11,maximum_always,2024-03-01T01:00:00+02:00,-195.0,0.0,1,1,0,0,0.0
11,maximum_always,2024-04-01T01:00:00+03:00,-160.0,0.0,1,1,0,0,0.0
11,maximum_always,2024-05-01T01:00:00+03:00,52886.65,64596.65,43,43,6,83,0.0
11,maximum_always,2024-06-03T01:00:00+03:00,-141.5,688.5,3,3,1,1,0.0
11,maximum_always,2024-07-01T01:00:00+03:00,-160.0,0.0,1,1,0,0,0.0
11,minimum_500_always,2020-01-02T01:00:00+02:00,-195.0,0.0,1,1,0,0,0.0
11,minimum_500_always,2020-02-03T01:00:00+02:00,-265.0,1500.0,6,6,1,3,0.0
11,minimum_500_always,2020-03-02T01:00:00+02:00,-160.0,0.0,1,1,0,0,0.0
11,minimum_500_always,2020-04-01T01:00:00+03:00,-195.0,1500.0,6,6,1,3,0.0
11,minimum_500_always,2020-05-01T01:00:00+03:00,-160.0,1500.0,6,6,1,3,0.0
11,minimum_500_always,2020-06-01T01:00:00+03:00,-230.0,0.0,1,1,0,0,0.0
11,minimum_500_always,2020-07-01T01:00:00+03:00,-195.0,0.0,1,1,0,0,0.0
11,minimum_500_always,2020-08-03T01:00:00+03:00,-160.0,0.0,1,1,0,0,0.0
11,minimum_500_always,2020-09-01T01:00:00+03:00,-230.0,0.0,1,1,0,0,0.0
11,minimum_500_always,2020-10-01T01:00:00+03:00,-195.0,0.0,1,1,0,0,0.0
11,minimum_500_always,2020-11-02T01:00:00+02:00,-160.0,0.0,1,1,0,0,0.0
11,minimum_500_always,2020-12-01T01:00:00+02:00,-195.0,0.0,1,1,0,0,0.0
11,minimum_500_always,2021-01-04T01:00:00+02:00,-160.0,0.0,1,1,0,0,0.0
11,minimum_500_always,2021-02-01T01:00:00+02:00,-160.0,0.0,1,1,0,0,0.0
11,minimum_500_always,2021-03-01T01:00:00+02:00,-195.0,0.0,1,1,0,0,0.0
11,minimum_500_always,2021-04-01T01:00:00+03:00,-160.0,0.0,1,1,0,0,0.0
11,minimum_500_always,2021-05-03T01:00:00+03:00,-220.0,500.0,1,1,0,1,0.0
11,minimum_500_always,2021-06-01T01:00:00+03:00,-185.0,500.0,1,1,0,1,0.0
11,minimum_500_always,2021-07-01T01:00:00+03:00,-150.0,500.0,1,1,0,1,0.0
11,minimum_500_always,2021-08-02T01:00:00+03:00,-195.0,0.0,1,1,0,0,0.0
11,minimum_500_always,2021-09-01T01:00:00+03:00,-160.0,0.0,1,1,0,0,0.0
11,minimum_500_always,2021-10-01T01:00:00+03:00,-150.0,500.0,1,1,0,1,0.0
11,minimum_500_always,2021-11-01T01:00:00+02:00,-160.0,0.0,1,1,0,0,0.0
11,minimum_500_always,2021-12-01T01:00:00+02:00,-220.0,500.0,1,1,0,1,0.0
11,minimum_500_always,2022-01-03T01:00:00+02:00,-185.0,500.0,1,1,0,1,0.0
11,minimum_500_always,2022-02-01T01:00:00+02:00,-150.0,500.0,1,1,0,1,0.0
11,minimum_500_always,2022-03-01T01:00:00+02:00,-195.0,0.0,1,1,0,0,0.0
11,minimum_500_always,2022-04-01T01:00:00+03:00,-160.0,0.0,1,1,0,0,0.0
11,minimum_500_always,2022-05-02T01:00:00+03:00,-215.0,2000.0,11,11,1,4,0.0
11,minimum_500_always,2022-06-01T01:00:00+03:00,-180.0,2000.0,11,11,1,4,0.0
11,minimum_500_always,2022-07-01T01:00:00+03:00,-145.0,2000.0,11,11,1,4,0.0
11,minimum_500_always,2022-08-01T01:00:00+03:00,-160.0,0.0,1,1,0,0,0.0
11,minimum_500_always,2022-09-01T01:00:00+03:00,-195.0,0.0,1,1,0,0,0.0
11,minimum_500_always,2022-10-03T01:00:00+03:00,-160.0,0.0,1,1,0,0,0.0
11,minimum_500_always,2022-11-01T01:00:00+02:00,-280.0,1500.0,5,5,1,3,0.0
11,minimum_500_always,2022-12-01T01:00:00+02:00,-245.0,1500.0,5,5,1,3,0.0
11,minimum_500_always,2023-01-03T01:00:00+02:00,-265.0,0.0,1,1,0,0,0.0
11,minimum_500_always,2023-02-01T01:00:00+02:00,-230.0,0.0,1,1,0,0,0.0
11,minimum_500_always,2023-03-01T01:00:00+02:00,-140.0,1500.0,5,5,1,3,0.0
11,minimum_500_always,2023-04-03T01:00:00+03:00,-160.0,0.0,1,1,0,0,0.0
11,minimum_500_always,2023-05-01T01:00:00+03:00,-195.0,0.0,1,1,0,0,0.0
11,minimum_500_always,2023-06-01T01:00:00+03:00,-160.0,0.0,1,1,0,0,0.0
11,minimum_500_always,2023-07-03T01:00:00+03:00,-160.0,0.0,1,1,0,0,0.0
11,minimum_500_always,2023-08-01T01:00:00+03:00,62685.0,71000.0,43,33,7,142,11353.0
11,minimum_500_always,2023-09-01T01:00:00+03:00,59095.0,69500.0,53,42,6,139,3187.15
11,minimum_500_always,2023-10-02T01:00:00+03:00,60995.0,71000.0,54,43,8,142,-17.15
11,minimum_500_always,2023-11-01T01:00:00+02:00,66530.0,76500.0,54,43,8,153,19720.7
11,minimum_500_always,2023-12-01T01:00:00+02:00,77565.0,87500.0,54,43,8,175,14971.45
11,minimum_500_always,2024-01-02T01:00:00+02:00,-145.0,1500.0,7,7,1,3,0.0
11,minimum_500_always,2024-02-01T01:00:00+02:00,55385.0,65500.0,49,46,8,131,1276.9
11,minimum_500_always,2024-03-01T01:00:00+02:00,-195.0,0.0,1,1,0,0,0.0
11,minimum_500_always,2024-04-01T01:00:00+03:00,-160.0,0.0,1,1,0,0,0.0
11,minimum_500_always,2024-05-01T01:00:00+03:00,-135.0,1500.0,10,10,2,3,0.0
11,minimum_500_always,2024-06-03T01:00:00+03:00,-135.0,1000.0,6,6,2,2,0.0
11,minimum_500_always,2024-07-01T01:00:00+03:00,-160.0,0.0,1,1,0,0,0.0
11,preserve_safety_net,2020-01-02T01:00:00+02:00,-195.0,0.0,1,1,0,0,0.0
11,preserve_safety_net,2020-02-03T01:00:00+02:00,-252.4,1162.6,6,6,1,2,0.0
11,preserve_safety_net,2020-03-02T01:00:00+02:00,-160.0,0.0,1,1,0,0,0.0
11,preserve_safety_net,2020-04-01T01:00:00+03:00,-170.45,1209.55,6,6,1,2,0.0
11,preserve_safety_net,2020-05-01T01:00:00+03:00,-135.45,1209.55,6,6,1,2,0.0
11,preserve_safety_net,2020-06-01T01:00:00+03:00,-230.0,0.0,1,1,0,0,0.0
11,preserve_safety_net,2020-07-01T01:00:00+03:00,-195.0,0.0,1,1,0,0,0.0
11,preserve_safety_net,2020-08-03T01:00:00+03:00,-160.0,0.0,1,1,0,0,0.0
11,preserve_safety_net,2020-09-01T01:00:00+03:00,-230.0,0.0,1,1,0,0,0.0
11,preserve_safety_net,2020-10-01T01:00:00+03:00,-195.0,0.0,1,1,0,0,0.0
11,preserve_safety_net,2020-11-02T01:00:00+02:00,-160.0,0.0,1,1,0,0,0.0
11,preserve_safety_net,2020-12-01T01:00:00+02:00,-195.0,0.0,1,1,0,0,0.0
11,preserve_safety_net,2021-01-04T01:00:00+02:00,-160.0,0.0,1,1,0,0,0.0
11,preserve_safety_net,2021-02-01T01:00:00+02:00,-160.0,0.0,1,1,0,0,0.0
11,preserve_safety_net,2021-03-01T01:00:00+02:00,-195.0,0.0,1,1,0,0,0.0
11,preserve_safety_net,2021-04-01T01:00:00+03:00,-160.0,0.0,1,1,0,0,0.0
11,preserve_safety_net,2021-05-03T01:00:00+03:00,-230.0,0.0,1,1,0,0,0.0
11,preserve_safety_net,2021-06-01T01:00:00+03:00,-195.0,0.0,1,1,0,0,0.0
11,preserve_safety_net,2021-07-01T01:00:00+03:00,-160.0,0.0,1,1,0,0,0.0
11,preserve_safety_net,2021-08-02T01:00:00+03:00,-195.0,0.0,1,1,0,0,0.0
11,preserve_safety_net,2021-09-01T01:00:00+03:00,-160.0,0.0,1,1,0,0,0.0
11,preserve_safety_net,2021-10-01T01:00:00+03:00,-160.0,0.0,1,1,0,0,0.0
11,preserve_safety_net,2021-11-01T01:00:00+02:00,-160.0,0.0,1,1,0,0,0.0
11,preserve_safety_net,2021-12-01T01:00:00+02:00,-229.45,705.55,3,3,1,1,0.0
11,preserve_safety_net,2022-01-03T01:00:00+02:00,-180.85,559.15,2,2,0,1,0.0
11,preserve_safety_net,2022-02-01T01:00:00+02:00,-145.85,559.15,2,2,0,1,0.0
11,preserve_safety_net,2022-03-01T01:00:00+02:00,-195.0,0.0,1,1,0,0,0.0
11,preserve_safety_net,2022-04-01T01:00:00+03:00,-160.0,0.0,1,1,0,0,0.0
11,preserve_safety_net,2022-05-02T01:00:00+03:00,-214.45,1755.55,11,11,1,3,0.0
11,preserve_safety_net,2022-06-01T01:00:00+03:00,-179.45,1755.55,11,11,1,3,0.0
11,preserve_safety_net,2022-07-01T01:00:00+03:00,-144.45,1755.55,11,11,1,3,0.0
11,preserve_safety_net,2022-08-01T01:00:00+03:00,-160.0,0.0,1,1,0,0,0.0
11,preserve_safety_net,2022-09-01T01:00:00+03:00,-195.0,0.0,1,1,0,0,0.0
11,preserve_safety_net,2022-10-03T01:00:00+03:00,-160.0,0.0,1,1,0,0,0.0
11,preserve_safety_net,2022-11-01T01:00:00+02:00,-288.5,1056.5,6,6,1,2,0.0
11,preserve_safety_net,2022-12-01T01:00:00+02:00,-253.5,1056.5,6,6,1,2,0.0
11,preserve_safety_net,2023-01-03T01:00:00+02:00,-265.0,0.0,1,1,0,0,0.0
11,preserve_safety_net,2023-02-01T01:00:00+02:00,-230.0,0.0,1,1,0,0,0.0
11,preserve_safety_net,2023-03-01T01:00:00+02:00,-148.5,1056.5,6,6,1,2,0.0
11,preserve_safety_net,2023-04-03T01:00:00+03:00,-160.0,0.0,1,1,0,0,0.0
11,preserve_safety_net,2023-05-01T01:00:00+03:00,-195.0,0.0,1,1,0,0,0.0
11,preserve_safety_net,2023-06-01T01:00:00+03:00,-160.0,0.0,1,1,0,0,0.0
11,preserve_safety_net,2023-07-03T01:00:00+03:00,-160.0,0.0,1,1,0,0,0.0
11,preserve_safety_net,2023-08-01T01:00:00+03:00,70738.1,78133.1,32,32,6,102,0.0
11,preserve_safety_net,2023-09-01T01:00:00+03:00,56772.7,66192.7,44,33,6,84,3772.65
11,preserve_safety_net,2023-10-02T01:00:00+03:00,68674.5,77759.5,43,32,4,102,-294.95
11,preserve_safety_net,2023-11-01T01:00:00+02:00,75072.6,84122.6,43,32,4,113,18579.8
11,preserve_safety_net,2023-12-01T01:00:00+02:00,81428.35,90443.35,43,32,4,124,18509.8
11,preserve_safety_net,2024-01-02T01:00:00+02:00,-127.85,1507.15,10,10,1,2,0.0
11,preserve_safety_net,2024-02-01T01:00:00+02:00,61855.35,69970.35,33,23,4,97,16996.25
11,preserve_safety_net,2024-03-01T01:00:00+02:00,-195.0,0.0,1,1,0,0,0.0
11,preserve_safety_net,2024-04-01T01:00:00+03:00,-160.0,0.0,1,1,0,0,0.0
11,preserve_safety_net,2024-05-01T01:00:00+03:00,-145.6,1594.4,10,10,1,2,0.0
11,preserve_safety_net,2024-06-03T01:00:00+03:00,-150.1,519.9,2,2,0,1,0.0
11,preserve_safety_net,2024-07-01T01:00:00+03:00,-160.0,0.0,1,1,0,0,0.0
11,rush_to_uncapped,2020-01-02T01:00:00+02:00,-195.0,0.0,1,1,0,0,0.0
11,rush_to_uncapped,2020-02-03T01:00:00+02:00,-265.0,1500.0,6,6,1,3,0.0
11,rush_to_uncapped,2020-03-02T01:00:00+02:00,-160.0,0.0,1,1,0,0,0.0
11,rush_to_uncapped,2020-04-01T01:00:00+03:00,-195.0,1500.0,6,6,1,3,0.0
11,rush_to_uncapped,2020-05-01T01:00:00+03:00,-160.0,1500.0,6,6,1,3,0.0
11,rush_to_uncapped,2020-06-01T01:00:00+03:00,-230.0,0.0,1,1,0,0,0.0
11,rush_to_uncapped,2020-07-01T01:00:00+03:00,-195.0,0.0,1,1,0,0,0.0
11,rush_to_uncapped,2020-08-03T01:00:00+03:00,-160.0,0.0,1,1,0,0,0.0
11,rush_to_uncapped,2020-09-01T01:00:00+03:00,-230.0,0.0,1,1,0,0,0.0
11,rush_to_uncapped,2020-10-01T01:00:00+03:00,-195.0,0.0,1,1,0,0,0.0
11,rush_to_uncapped,2020-11-02T01:00:00+02:00,-160.0,0.0,1,1,0,0,0.0
11,rush_to_uncapped,2020-12-01T01:00:00+02:00,-195.0,0.0,1,1,0,0,0.0
11,rush_to_uncapped,2021-01-04T01:00:00+02:00,-160.0,0.0,1,1,0,0,0.0
11,rush_to_uncapped,2021-02-01T01:00:00+02:00,-160.0,0.0,1,1,0,0,0.0
11,rush_to_uncapped,2021-03-01T01:00:00+02:00,-195.0,0.0,1,1,0,0,0.0
11,rush_to_uncapped,2021-04-01T01:00:00+03:00,-160.0,0.0,1,1,0,0,0.0
11,rush_to_uncapped,2021-05-03T01:00:00+03:00,-220.0,500.0,1,1,0,1,0.0
11,rush_to_uncapped,2021-06-01T01:00:00+03:00,-185.0,500.0,1,1,0,1,0.0
11,rush_to_uncapped,2021-07-01T01:00:00+03:00,-150.0,500.0,1,1,0,1,0.0
11,rush_to_uncapped,2021-08-02T01:00:00+03:00,-195.0,0.0,1,1,0,0,0.0
11,rush_to_uncapped,2021-09-01T01:00:00+03:00,-160.0,0.0,1,1,0,0,0.0
11,rush_to_uncapped,2021-10-01T01:00:00+03:00,-150.0,500.0,1,1,0,1,0.0
11,rush_to_uncapped,2021-11-01T01:00:00+02:00,-160.0,0.0,1,1,0,0,0.0
11,rush_to_uncapped,2021-12-01T01:00:00+02:00,-220.0,500.0,1,1,0,1,0.0
11,rush_to_uncapped,2022-01-03T01:00:00+02:00,-185.0,500.0,1,1,0,1,0.0
11,rush_to_uncapped,2022-02-01T01:00:00+02:00,-150.0,500.0,1,1,0,1,0.0
11,rush_to_uncapped,2022-03-01T01:00:00+02:00,-195.0,0.0,1,1,0,0,0.0
11,rush_to_uncapped,2022-04-01T01:00:00+03:00,-160.0,0.0,1,1,0,0,0.0
11,rush_to_uncapped,2022-05-02T01:00:00+03:00,-215.0,2000.0,11,11,1,4,0.0
11,rush_to_uncapped,2022-06-01T01:00:00+03:00,-180.0,2000.0,11,11,1,4,0.0
11,rush_to_uncapped,2022-07-01T01:00:00+03:00,-145.0,2000.0,11,11,1,4,0.0
11,rush_to_uncapped,2022-08-01T01:00:00+03:00,-160.0,0.0,1,1,0,0,0.0
11,rush_to_uncapped,2022-09-01T01:00:00+03:00,-195.0,0.0,1,1,0,0,0.0
11,rush_to_uncapped,2022-10-03T01:00:00+03:00,-160.0,0.0,1,1,0,0,0.0
11,rush_to_uncapped,2022-11-01T01:00:00+02:00,-280.0,1500.0,5,5,1,3,0.0
11,rush_to_uncapped,2022-12-01T01:00:00+02:00,-245.0,1500.0,5,5,1,3,0.0
11,rush_to_uncapped,2023-01-03T01:00:00+02:00,-265.0,0.0,1,1,0,0,0.0
11,rush_to_uncapped,2023-02-01T01:00:00+02:00,-230.0,0.0,1,1,0,0,0.0
11,rush_to_uncapped,2023-03-01T01:00:00+02:00,-140.0,1500.0,5,5,1,3,0.0
11,rush_to_uncapped,2023-04-03T01:00:00+03:00,-160.0,0.0,1,1,0,0,0.0
11,rush_to_uncapped,2023-05-01T01:00:00+03:00,-195.0,0.0,1,1,0,0,0.0
11,rush_to_uncapped,2023-06-01T01:00:00+03:00,-160.0,0.0,1,1,0,0,0.0
11,rush_to_uncapped,2023-07-03T01:00:00+03:00,-160.0,0.0,1,1,0,0,0.0
11,rush_to_uncapped,2023-08-01T01:00:00+03:00,56355.22,66090.22,44,41,9,111,3219.3
11,rush_to_uncapped,2023-09-01T01:00:00+03:00,53709.65,65869.65,55,44,8,106,3213.6
11,rush_to_uncapped,2023-10-02T01:00:00+03:00,54665.22,66090.22,55,44,10,111,-88.6
11,rush_to_uncapped,2023-11-01T01:00:00+02:00,60200.22,71590.22,55,44,10,122,19649.25
11,rush_to_uncapped,2023-12-01T01:00:00+02:00,71235.22,82590.22,55,44,10,144,14900.0
11,rush_to_uncapped,2024-01-02T01:00:00+02:00,-145.0,1500.0,7,7,1,3,0.0
11,rush_to_uncapped,2024-02-01T01:00:00+02:00,52938.85,63843.85,50,46,10,114,1575.85
11,rush_to_uncapped,2024-03-01T01:00:00+02:00,-195.0,0.0,1,1,0,0,0.0
11,rush_to_uncapped,2024-04-01T01:00:00+03:00,-160.0,0.0,1,1,0,0,0.0
11,rush_to_uncapped,2024-05-01T01:00:00+03:00,-135.0,1500.0,10,10,2,3,0.0
11,rush_to_uncapped,2024-06-03T01:00:00+03:00,-135.0,1000.0,6,6,2,2,0.0
11,rush_to_uncapped,2024-07-01T01:00:00+03:00,-160.0,0.0,1,1,0,0,0.0
12,cap_maximizer,2020-01-02T01:00:00+02:00,-195.0,0.0,1,1,0,0,0.0
12,cap_maximizer,2020-02-03T01:00:00+02:00,-240.0,1500.0,3,3,0,1,0.0
12,cap_maximizer,2020-03-02T01:00:00+02:00,-160.0,0.0,1,1,0,0,0.0
12,cap_maximizer,2020-04-01T01:00:00+03:00,-170.0,1500.0,3,3,0,1,0.0
12,cap_maximizer,2020-05-01T01:00:00+03:00,-135.0,1500.0,3,3,0,1,0.0
12,cap_maximizer,2020-06-01T01:00:00+03:00,-230.0,0.0,1,1,0,0,0.0
12,cap_maximizer,2020-07-01T01:00:00+03:00,-195.0,0.0,1,1,0,0,0.0
12,cap_maximizer,2020-08-03T01:00:00+03:00,-160.0,0.0,1,1,0,0,0.0
12,cap_maximizer,2020-09-01T01:00:00+03:00,-230.0,0.0,1,1,0,0,0.0
12,cap_maximizer,2020-10-01T01:00:00+03:00,-195.0,0.0,1,1,0,0,0.0
12,cap_maximizer,2020-11-02T01:00:00+02:00,-160.0,0.0,1,1,0,0,0.0
12,cap_maximizer,2020-12-01T01:00:00+02:00,-195.0,0.0,1,1,0,0,0.0
12,cap_maximizer,2021-01-04T01:00:00+02:00,-160.0,0.0,1,1,0,0,0.0
12,cap_maximizer,2021-02-01T01:00:00+02:00,-160.0,0.0,1,1,0,0,0.0
12,cap_maximizer,2021-03-01T01:00:00+02:00,-195.0,0.0,1,1,0,0,0.0
12,cap_maximizer,2021-04-01T01:00:00+03:00,-160.0,0.0,1,1,0,0,0.0
12,cap_maximizer,2021-05-03T01:00:00+03:00,-230.0,0.0,1,1,0,0,0.0
12,cap_maximizer,2021-06-01T01:00:00+03:00,-195.0,0.0,1,1,0,0,0.0
12,cap_maximizer,2021-07-01T01:00:00+03:00,-160.0,0.0,1,1,0,0,0.0
12,cap_maximizer,2021-08-02T01:00:00+03:00,-195.0,0.0,1,1,0,0,0.0
12,cap_maximizer,2021-09-01T01:00:00+03:00,-160.0,0.0,1,1,0,0,0.0
12,cap_maximizer,2021-10-01T01:00:00+03:00,-160.0,0.0,1,1,0,0,0.0
12,cap_maximizer,2021-11-01T01:00:00+02:00,-160.0,0.0,1,1,0,0,0.0
12,cap_maximizer,2021-12-01T01:00:00+02:00,330.0,7500.0,26,24,4,5,2101.2
12,cap_maximizer,2022-01-03T01:00:00+02:00,-165.0,1500.0,1,1,0,1,0.0
12,cap_maximizer,2022-02-01T01:00:00+02:00,-130.0,1500.0,1,1,0,1,0.0
12,cap_maximizer,2022-03-01T01:00:00+02:00,-195.0,0.0,1,1,0,0,0.0
12,cap_maximizer,2022-04-01T01:00:00+03:00,-160.0,0.0,1,1,0,0,0.0
12,cap_maximizer,2022-05-02T01:00:00+03:00,-205.0,1500.0,3,3,1,1,0.0
12,cap_maximizer,2022-06-01T01:00:00+03:00,-170.0,1500.0,3,3,1,1,0.0
12,cap_maximizer,2022-07-01T01:00:00+03:00,-135.0,1500.0,3,3,1,1,0.0
12,cap_maximizer,2022-08-01T01:00:00+03:00,-160.0,0.0,1,1,0,0,0.0
12,cap_maximizer,2022-09-01T01:00:00+03:00,-195.0,0.0,1,1,0,0,0.0
12,cap_maximizer,2022-10-03T01:00:00+03:00,-160.0,0.0,1,1,0,0,0.0
12,cap_maximizer,2022-11-01T01:00:00+02:00,-270.0,1500.0,1,1,0,1,0.0
12,cap_maximizer,2022-12-01T01:00:00+02:00,-235.0,1500.0,1,1,0,1,0.0
12,cap_maximizer,2023-01-03T01:00:00+02:00,-265.0,0.0,1,1,0,0,0.0
12,cap_maximizer,2023-02-01T01:00:00+02:00,-230.0,0.0,1,1,0,0,0.0
12,cap_maximizer,2023-03-01T01:00:00+02:00,-130.0,1500.0,1,1,0,1,0.0
12,cap_maximizer,2023-04-03T01:00:00+03:00,-160.0,0.0,1,1,0,0,0.0
12,cap_maximizer,2023-05-01T01:00:00+03:00,-195.0,0.0,1,1,0,0,0.0
12,cap_maximizer,2023-06-01T01:00:00+03:00,-160.0,0.0,1,1,0,0,0.0
12,cap_maximizer,2023-07-03T01:00:00+03:00,-160.0,0.0,1,1,0,0,0.0
12,cap_maximizer,2023-08-01T01:00:00+03:00,55935.0,66000.0,43,42,7,44,1635.3
12,cap_maximizer,2023-09-01T01:00:00+03:00,55780.0,67500.0,54,42,7,45,4487.75
12,cap_maximizer,2023-10-02T01:00:00+03:00,54435.0,64500.0,43,31,6,43,-408.0
12,cap_maximizer,2023-11-01T01:00:00+02:00,54470.0,64500.0,43,31,6,43,27124.2
12,cap_maximizer,2023-12-01T01:00:00+02:00,72505.0,82500.0,43,31,6,55,15943.2
12,cap_maximizer,2024-01-02T01:00:00+02:00,76070.0,87000.0,46,43,5,58,-1485.0
12,cap_maximizer,2024-02-01T01:00:00+02:00,75345.0,85500.0,44,43,10,57,513.1
12,cap_maximizer,2024-03-01T01:00:00+02:00,-195.0,0.0,1,1,0,0,0.0
12,cap_maximizer,2024-04-01T01:00:00+03:00,-160.0,0.0,1,1,0,0,0.0
12,cap_maximizer,2024-05-01T01:00:00+03:00,-150.0,1500.0,9,9,1,1,0.0
12,cap_maximizer,2024-06-03T01:00:00+03:00,67135.0,79500.0,53,42,7,53,18987.75
12,cap_maximizer,2024-07-01T01:00:00+03:00,-160.0,0.0,1,1,0,0,0.0
12,half_of_maximum,2020-01-02T01:00:00+02:00,-195.0,0.0,1,1,0,0,0.0
12,half_of_maximum,2020-02-03T01:00:00+02:00,-265.0,1500.0,6,6,1,3,0.0
12,half_of_maximum,2020-03-02T01:00:00+02:00,-160.0,0.0,1,1,0,0,0.0
12,half_of_maximum,2020-04-01T01:00:00+03:00,-195.0,1500.0,6,6,1,3,0.0
12,half_of_maximum,2020-05-01T01:00:00+03:00,-160.0,1500.0,6,6,1,3,0.0
12,half_of_maximum,2020-06-01T01:00:00+03:00,-230.0,0.0,1,1,0,0,0.0
12,half_of_maximum,2020-07-01T01:00:00+03:00,-195.0,0.0,1,1,0,0,0.0
12,half_of_maximum,2020-08-03T01:00:00+03:00,-160.0,0.0,1,1,0,0,0.0
12,half_of_maximum,2020-09-01T01:00:00+03:00,-230.0,0.0,1,1,0,0,0.0
12,half_of_maximum,2020-10-01T01:00:00+03:00,-195.0,0.0,1,1,0,0,0.0
12,half_of_maximum,2020-11-02T01:00:00+02:00,-160.0,0.0,1,1,0,0,0.0
12,half_of_maximum,2020-12-01T01:00:00+02:00,-195.0,0.0,1,1,0,0,0.0
12,half_of_maximum,2021-01-04T01:00:00+02:00,-160.0,0.0,1,1,0,0,0.0
12,half_of_maximum,2021-02-01T01:00:00+02:00,-160.0,0.0,1,1,0,0,0.0
12,half_of_maximum,2021-03-01T01:00:00+02:00,-195.0,0.0,1,1,0,0,0.0
12,half_of_maximum,2021-04-01T01:00:00+03:00,-160.0,0.0,1,1,0,0,0.0
12,half_of_maximum,2021-05-03T01:00:00+03:00,-220.0,500.0,1,1,0,1,0.0
12,half_of_maximum,2021-06-01T01:00:00+03:00,-185.0,500.0,1,1,0,1,0.0
12,half_of_maximum,2021-07-01T01:00:00+03:00,-150.0,500.0,1,1,0,1,0.0
12,half_of_maximum,2021-08-02T01:00:00+03:00,-195.0,0.0,1,1,0,0,0.0
12,half_of_maximum,2021-09-01T01:00:00+03:00,-160.0,0.0,1,1,0,0,0.0
12,half_of_maximum,2021-10-01T01:00:00+03:00,-150.0,500.0,1,1,0,1,0.0
12,half_of_maximum,2021-11-01T01:00:00+02:00,-160.0,0.0,1,1,0,0,0.0
12,half_of_maximum,2021-12-01T01:00:00+02:00,-220.0,500.0,1,1,0,1,0.0
12,half_of_maximum,2022-01-03T01:00:00+02:00,-185.0,500.0,1,1,0,1,0.0
12,half_of_maximum,2022-02-01T01:00:00+02:00,-150.0,500.0,1,1,0,1,0.0
12,half_of_maximum,2022-03-01T01:00:00+02:00,-195.0,0.0,1,1,0,0,0.0
12,half_of_maximum,2022-04-01T01:00:00+03:00,-160.0,0.0,1,1,0,0,0.0
12,half_of_maximum,2022-05-02T01:00:00+03:00,-215.5,2264.5,12,12,1,4,0.0
12,half_of_maximum,2022-06-01T01:00:00+03:00,-180.5,2264.5,12,12,1,4,0.0
12,half_of_maximum,2022-07-01T01:00:00+03:00,-145.5,2264.5,12,12,1,4,0.0
12,half_of_maximum,2022-08-01T01:00:00+03:00,-160.0,0.0,1,1,0,0,0.0
12,half_of_maximum,2022-09-01T01:00:00+03:00,-195.0,0.0,1,1,0,0,0.0
12,half_of_maximum,2022-10-03T01:00:00+03:00,-160.0,0.0,1,1,0,0,0.0
12,half_of_maximum,2022-11-01T01:00:00+02:00,-285.0,1500.0,7,7,1,3,0.0
12,half_of_maximum,2022-12-01T01:00:00+02:00,-250.0,1500.0,7,7,1,3,0.0
12,half_of_maximum,2023-01-03T01:00:00+02:00,-265.0,0.0,1,1,0,0,0.0
12,half_of_maximum,2023-02-01T01:00:00+02:00,-230.0,0.0,1,1,0,0,0.0
12,half_of_maximum,2023-03-01T01:00:00+02:00,-145.0,1500.0,7,7,1,3,0.0
12,half_of_maximum,2023-04-03T01:00:00+03:00,-160.0,0.0,1,1,0,0,0.0
12,half_of_maximum,2023-05-01T01:00:00+03:00,-195.0,0.0,1,1,0,0,0.0
12,half_of_maximum,2023-06-01T01:00:00+03:00,-160.0,0.0,1,1,0,0,0.0
12,half_of_maximum,2023-07-03T01:00:00+03:00,-160.0,0.0,1,1,0,0,0.0
12,half_of_maximum,2023-08-01T01:00:00+03:00,63852.23,73857.23,47,45,8,120,2270.6
12,half_of_maximum,2023-09-01T01:00:00+03:00,-215.0,3000.0,12,12,1,5,0.0
12,half_of_maximum,2023-10-02T01:00:00+03:00,61996.63,73851.63,59,47,9,120,-479.45
12,half_of_maximum,2023-11-01T01:00:00+02:00,68031.63,79851.63,59,47,9,132,21052.75
12,half_of_maximum,2023-12-01T01:00:00+02:00,82068.76,93853.76,59,47,9,156,13869.62
12,half_of_maximum,2024-01-02T01:00:00+02:00,-156.43,1503.57,6,6,1,3,0.0
12,half_of_maximum,2024-02-01T01:00:00+02:00,64853.54,76358.54,52,50,10,125,1026.2
12,half_of_maximum,2024-03-01T01:00:00+02:00,-195.0,0.0,1,1,0,0,0.0
12,half_of_maximum,2024-04-01T01:00:00+03:00,-160.0,0.0,1,1,0,0,0.0
12,half_of_maximum,2024-05-01T01:00:00+03:00,-140.9,1724.1,11,11,2,3,0.0
12,half_of_maximum,2024-06-03T01:00:00+03:00,-150.0,1000.0,5,5,1,2,0.0
12,half_of_maximum,2024-07-01T01:00:00+03:00,-160.0,0.0,1,1,0,0,0.0
12,maximum_always,2020-01-02T01:00:00+02:00,-195.0,0.0,1,1,0,0,0.0
12,maximum_always,2020-02-03T01:00:00+02:00,-255.15,1449.85,3,3,1,2,0.0
12,maximum_always,2020-03-02T01:00:00+02:00,-160.0,0.0,1,1,0,0,0.0
12,maximum_always,2020-04-01T01:00:00+03:00,-193.2,1496.8,4,4,1,2,0.0
12,maximum_always,2020-05-01T01:00:00+03:00,-158.2,1496.8,4,4,1,2,0.0
12,maximum_always,2020-06-01T01:00:00+03:00,-230.0,0.0,1,1,0,0,0.0
12,maximum_always,2020-07-01T01:00:00+03:00,-195.0,0.0,1,1,0,0,0.0
12,maximum_always,2020-08-03T01:00:00+03:00,-160.0,0.0,1,1,0,0,0.0
12,maximum_always,2020-09-01T01:00:00+03:00,-230.0,0.0,1,1,0,0,0.0
12,maximum_always,2020-10-01T01:00:00+03:00,-195.0,0.0,1,1,0,0,0.0
12,maximum_always,2020-11-02T01:00:00+02:00,-160.0,0.0,1,1,0,0,0.0
12,maximum_always,2020-12-01T01:00:00+02:00,-195.0,0.0,1,1,0,0,0.0
12,maximum_always,2021-01-04T01:00:00+02:00,-160.0,0.0,1,1,0,0,0.0
12,maximum_always,2021-02-01T01:00:00+02:00,-160.0,0.0,1,1,0,0,0.0
12,maximum_always,2021-03-01T01:00:00+02:00,-195.0,0.0,1,1,0,0,0.0
12,maximum_always,2021-04-01T01:00:00+03:00,-160.0,0.0,1,1,0,0,0.0
12,maximum_always,2021-05-03T01:00:00+03:00,-214.45,770.55,2,2,0,1,0.0
12,maximum_always,2021-06-01T01:00:00+03:00,-179.45,770.55,2,2,0,1,0.0
12,maximum_always,2021-07-01T01:00:00+03:00,-144.45,770.55,2,2,0,1,0.0
12,maximum_always,2021-08-02T01:00:00+03:00,-195.0,0.0,1,1,0,0,0.0
12,maximum_always,2021-09-01T01:00:00+03:00,-160.0,0.0,1,1,0,0,0.0
12,maximum_always,2021-10-01T01:00:00+03:00,-149.1,500.9,1,1,0,1,0.0
12,maximum_always,2021-11-01T01:00:00+02:00,-160.0,0.0,1,1,0,0,0.0
12,maximum_always,2021-12-01T01:00:00+02:00,-203.1,641.9,2,2,0,1,0.0
12,maximum_always,2022-01-03T01:00:00+02:00,-167.35,517.65,1,1,0,1,0.0
12,maximum_always,2022-02-01T01:00:00+02:00,-132.35,517.65,1,1,0,1,0.0
12,maximum_always,2022-03-01T01:00:00+02:00,-195.0,0.0,1,1,0,0,0.0
12,maximum_always,2022-04-01T01:00:00+03:00,-160.0,0.0,1,1,0,0,0.0
12,maximum_always,2022-05-02T01:00:00+03:00,-207.65,2062.35,12,12,1,3,0.0
12,maximum_always,2022-06-01T01:00:00+03:00,-172.65,2062.35,12,12,1,3,0.0
12,maximum_always,2022-07-01T01:00:00+03:00,-137.65,2062.35,12,12,1,3,0.0
12,maximum_always,2022-08-01T01:00:00+03:00,-160.0,0.0,1,1,0,0,0.0
12,maximum_always,2022-09-01T01:00:00+03:00,-195.0,0.0,1,1,0,0,0.0
12,maximum_always,2022-10-03T01:00:00+03:00,-160.0,0.0,1,1,0,0,0.0
12,maximum_always,2022-11-01T01:00:00+02:00,-282.5,1217.5,5,5,1,2,0.0
12,maximum_always,2022-12-01T01:00:00+02:00,-247.5,1217.5,5,5,1,2,0.0
12,maximum_always,2023-01-03T01:00:00+02:00,-265.0,0.0,1,1,0,0,0.0
12,maximum_always,2023-02-01T01:00:00+02:00,-230.0,0.0,1,1,0,0,0.0
12,maximum_always,2023-03-01T01:00:00+02:00,-142.5,1217.5,5,5,1,2,0.0
12,maximum_always,2023-04-03T01:00:00+03:00,-160.0,0.0,1,1,0,0,0.0
12,maximum_always,2023-05-01T01:00:00+03:00,-195.0,0.0,1,1,0,0,0.0
12,maximum_always,2023-06-01T01:00:00+03:00,-160.0,0.0,1,1,0,0,0.0
12,maximum_always,2023-07-03T01:00:00+03:00,-160.0,0.0,1,1,0,0,0.0
12,maximum_always,2023-08-01T01:00:00+03:00,50929.2,61599.2,47,47,7,79,0.0
12,maximum_always,2023-09-01T01:00:00+03:00,51430.25,64565.25,60,48,7,81,3185.5
12,maximum_always,2023-10-02T01:00:00+03:00,49001.05,61521.05,59,47,7,79,-479.45
12,maximum_always,2023-11-01T01:00:00+02:00,56137.95,68622.95,59,47,7,91,19950.85
12,maximum_always,2023-12-01T01:00:00+02:00,76195.2,89065.2,59,59,8,115,0.0
12,maximum_always,2024-01-02T01:00:00+02:00,-152.85,2007.15,10,10,1,3,0.0
12,maximum_always,2024-02-01T01:00:00+02:00,61914.35,73814.35,49,49,6,96,0.0
12,maximum_always,2024-03-01T01:00:00+02:00,-195.0,0.0,1,1,0,0,0.0
12,maximum_always,2024-04-01T01:00:00+03:00,-160.0,0.0,1,1,0,0,0.0
12,maximum_always,2024-05-01T01:00:00+03:00,56780.95,69515.95,47,47,7,91,0.0
12,maximum_always,2024-06-03T01:00:00+03:00,-141.5,688.5,3,3,1,1,0.0
12,maximum_always,2024-07-01T01:00:00+03:00,-160.0,0.0,1,1,0,0,0.0
12,minimum_500_always,2020-01-02T01:00:00+02:00,-195.0,0.0,1,1,0,0,0.0
12,minimum_500_always,2020-02-03T01:00:00+02:00,-265.0,1500.0,6,6,1,3,0.0
12,minimum_500_always,2020-03-02T01:00:00+02:00,-160.0,0.0,1,1,0,0,0.0
12,minimum_500_always,2020-04-01T01:00:00+03:00,-195.0,1500.0,6,6,1,3,0.0
12,minimum_500_always,2020-05-01T01:00:00+03:00,-160.0,1500.0,6,6,1,3,0.0
12,minimum_500_always,2020-06-01T01:00:00+03:00,-230.0,0.0,1,1,0,0,0.0
12,minimum_500_always,2020-07-01T01:00:00+03:00,-195.0,0.0,1,1,0,0,0.0
12,minimum_500_always,2020-08-03T01:00:00+03:00,-160.0,0.0,1,1,0,0,0.0
12,minimum_500_always,2020-09-01T01:00:00+03:00,-230.0,0.0,1,1,0,0,0.0
12,minimum_500_always,2020-10-01T01:00:00+03:00,-195.0,0.0,1,1,0,0,0.0
12,minimum_500_always,2020-11-02T01:00:00+02:00,-160.0,0.0,1,1,0,0,0.0
12,minimum_500_always,2020-12-01T01:00:00+02:00,-195.0,0.0,1,1,0,0,0.0
12,minimum_500_always,2021-01-04T01:00:00+02:00,-160.0,0.0,1,1,0,0,0.0
12,minimum_500_always,2021-02-01T01:00:00+02:00,-160.0,0.0,1,1,0,0,0.0
12,minimum_500_always,2021-03-01T01:00:00+02:00,-195.0,0.0,1,1,0,0,0.0
12,minimum_500_always,2021-04-01T01:00:00+03:00,-160.0,0.0,1,1,0,0,0.0
12,minimum_500_always,2021-05-03T01:00:00+03:00,-220.0,500.0,1,1,0,1,0.0
12,minimum_500_always,2021-06-01T01:00:00+03:00,-185.0,500.0,1,1,0,1,0.0
12,minimum_500_always,2021-07-01T01:00:00+03:00,-150.0,500.0,1,1,0,1,0.0
12,minimum_500_always,2021-08-02T01:00:00+03:00,-195.0,0.0,1,1,0,0,0.0
12,minimum_500_always,2021-09-01T01:00:00+03:00,-160.0,0.0,1,1,0,0,0.0
12,minimum_500_always,2021-10-01T01:00:00+03:00,-150.0,500.0,1,1,0,1,0.0
12,minimum_500_always,2021-11-01T01:00:00+02:00,-160.0,0.0,1,1,0,0,0.0
12,minimum_500_always,2021-12-01T01:00:00+02:00,-220.0,500.0,1,1,0,1,0.0
12,minimum_500_always,2022-01-03T01:00:00+02:00,-185.0,500.0,1,1,0,1,0.0
12,minimum_500_always,2022-02-01T01:00:00+02:00,-150.0,500.0,1,1,0,1,0.0
12,minimum_500_always,2022-03-01T01:00:00+02:00,-195.0,0.0,1,1,0,0,0.0
12,minimum_500_always,2022-04-01T01:00:00+03:00,-160.0,0.0,1,1,0,0,0.0
12,minimum_500_always,2022-05-02T01:00:00+03:00,-200.0,2000.0,12,12,1,4,0.0
12,minimum_500_always,2022-06-01T01:00:00+03:00,-165.0,2000.0,12,12,1,4,0.0
12,minimum_500_always,2022-07-01T01:00:00+03:00,-130.0,2000.0,12,12,1,4,0.0
12,minimum_500_always,2022-08-01T01:00:00+03:00,-160.0,0.0,1,1,0,0,0.0
12,minimum_500_always,2022-09-01T01:00:00+03:00,-195.0,0.0,1,1,0,0,0.0
12,minimum_500_always,2022-10-03T01:00:00+03:00,-160.0,0.0,1,1,0,0,0.0
12,minimum_500_always,2022-11-01T01:00:00+02:00,-285.0,1500.0,7,7,1,3,0.0
12,minimum_500_always,2022-12-01T01:00:00+02:00,-250.0,1500.0,7,7,1,3,0.0
12,minimum_500_always,2023-01-03T01:00:00+02:00,-265.0,0.0,1,1,0,0,0.0
12,minimum_500_always,2023-02-01T01:00:00+02:00,-230.0,0.0,1,1,0,0,0.0
12,minimum_500_always,2023-03-01T01:00:00+02:00,-145.0,1500.0,7,7,1,3,0.0
12,minimum_500_always,2023-04-03T01:00:00+03:00,-160.0,0.0,1,1,0,0,0.0
12,minimum_500_always,2023-05-01T01:00:00+03:00,-195.0,0.0,1,1,0,0,0.0
12,minimum_500_always,2023-06-01T01:00:00+03:00,-160.0,0.0,1,1,0,0,0.0
12,minimum_500_always,2023-07-03T01:00:00+03:00,-160.0,0.0,1,1,0,0,0.0
12,minimum_500_always,2023-08-01T01:00:00+03:00,58405.0,67500.0,47,36,6,135,12488.3
12,minimum_500_always,2023-09-01T01:00:00+03:00,59745.0,71000.0,57,45,8,142,3553.15
12,minimum_500_always,2023-10-02T01:00:00+03:00,56555.0,67500.0,59,47,7,135,57.55
12,minimum_500_always,2023-11-01T01:00:00+02:00,62590.0,73500.0,59,47,7,147,21589.75
12,minimum_500_always,2023-12-01T01:00:00+02:00,74625.0,85500.0,59,47,7,171,16408.75
12,minimum_500_always,2024-01-02T01:00:00+02:00,-160.0,1500.0,6,6,1,3,0.0
12,minimum_500_always,2024-02-01T01:00:00+02:00,62675.0,73500.0,53,49,8,147,1658.8
12,minimum_500_always,2024-03-01T01:00:00+02:00,-195.0,0.0,1,1,0,0,0.0
12,minimum_500_always,2024-04-01T01:00:00+03:00,-160.0,0.0,1,1,0,0,0.0
12,minimum_500_always,2024-05-01T01:00:00+03:00,-150.0,1500.0,9,9,2,3,0.0
12,minimum_500_always,2024-06-03T01:00:00+03:00,-150.0,1000.0,5,5,1,2,0.0
12,minimum_500_always,2024-07-01T01:00:00+03:00,-160.0,0.0,1,1,0,0,0.0
12,preserve_safety_net,2020-01-02T01:00:00+02:00,-195.0,0.0,1,1,0,0,0.0
12,preserve_safety_net,2020-02-03T01:00:00+02:00,-232.4,1162.6,5,5,1,2,0.0
12,preserve_safety_net,2020-03-02T01:00:00+02:00,-160.0,0.0,1,1,0,0,0.0
12,preserve_safety_net,2020-04-01T01:00:00+03:00,-170.45,1209.55,6,6,1,2,0.0
12,preserve_safety_net,2020-05-01T01:00:00+03:00,-135.45,1209.55,6,6,1,2,0.0
12,preserve_safety_net,2020-06-01T01:00:00+03:00,-230.0,0.0,1,1,0,0,0.0
12,preserve_safety_net,2020-07-01T01:00:00+03:00,-195.0,0.0,1,1,0,0,0.0
12,preserve_safety_net,2020-08-03T01:00:00+03:00,-160.0,0.0,1,1,0,0,0.0
12,preserve_safety_net,2020-09-01T01:00:00+03:00,-230.0,0.0,1,1,0,0,0.0
12,preserve_safety_net,2020-10-01T01:00:00+03:00,-195.0,0.0,1,1,0,0,0.0
12,preserve_safety_net,2020-11-02T01:00:00+02:00,-160.0,0.0,1,1,0,0,0.0
12,preserve_safety_net,2020-12-01T01:00:00+02:00,-195.0,0.0,1,1,0,0,0.0
12,preserve_safety_net,2021-01-04T01:00:00+02:00,-160.0,0.0,1,1,0,0,0.0
12,preserve_safety_net,2021-02-01T01:00:00+02:00,-160.0,0.0,1,1,0,0,0.0
12,preserve_safety_net,2021-03-01T01:00:00+02:00,-195.0,0.0,1,1,0,0,0.0
12,preserve_safety_net,2021-04-01T01:00:00+03:00,-160.0,0.0,1,1,0,0,0.0
12,preserve_safety_net,2021-05-03T01:00:00+03:00,-230.0,0.0,1,1,0,0,0.0
12,preserve_safety_net,2021-06-01T01:00:00+03:00,-195.0,0.0,1,1,0,0,0.0
12,preserve_safety_net,2021-07-01T01:00:00+03:00,-160.0,0.0,1,1,0,0,0.0
12,preserve_safety_net,2021-08-02T01:00:00+03:00,-195.0,0.0,1,1,0,0,0.0
12,preserve_safety_net,2021-09-01T01:00:00+03:00,-160.0,0.0,1,1,0,0,0.0
12,preserve_safety_net,2021-10-01T01:00:00+03:00,-160.0,0.0,1,1,0,0,0.0
12,preserve_safety_net,2021-11-01T01:00:00+02:00,-160.0,0.0,1,1,0,0,0.0
12,preserve_safety_net,2021-12-01T01:00:00+02:00,-229.45,705.55,3,3,1,1,0.0
12,preserve_safety_net,2022-01-03T01:00:00+02:00,-180.85,559.15,2,2,0,1,0.0
12,preserve_safety_net,2022-02-01T01:00:00+02:00,-145.85,559.15,2,2,0,1,0.0
12,preserve_safety_net,2022-03-01T01:00:00+02:00,-195.0,0.0,1,1,0,0,0.0
12,preserve_safety_net,2022-04-01T01:00:00+03:00,-160.0,0.0,1,1,0,0,0.0
12,preserve_safety_net,2022-05-02T01:00:00+03:00,-214.45,1755.55,11,11,1,3,0.0
12,preserve_safety_net,2022-06-01T01:00:00+03:00,-179.45,1755.55,11,11,1,3,0.0
12,preserve_safety_net,2022-07-01T01:00:00+03:00,-144.45,1755.55,11,11,1,3,0.0
12,preserve_safety_net,2022-08-01T01:00:00+03:00,-160.0,0.0,1,1,0,0,0.0
12,preserve_safety_net,2022-09-01T01:00:00+03:00,-195.0,0.0,1,1,0,0,0.0
12,preserve_safety_net,2022-10-03T01:00:00+03:00,-160.0,0.0,1,1,0,0,0.0
12,preserve_safety_net,2022-11-01T01:00:00+02:00,-288.5,1056.5,6,6,1,2,0.0
12,preserve_safety_net,2022-12-01T01:00:00+02:00,-253.5,1056.5,6,6,1,2,0.0
12,preserve_safety_net,2023-01-03T01:00:00+02:00,-265.0,0.0,1,1,0,0,0.0
12,preserve_safety_net,2023-02-01T01:00:00+02:00,-230.0,0.0,1,1,0,0,0.0
12,preserve_safety_net,2023-03-01T01:00:00+02:00,-148.5,1056.5,6,6,1,2,0.0
12,preserve_safety_net,2023-04-03T01:00:00+03:00,-160.0,0.0,1,1,0,0,0.0
12,preserve_safety_net,2023-05-01T01:00:00+03:00,-195.0,0.0,1,1,0,0,0.0
12,preserve_safety_net,2023-06-01T01:00:00+03:00,-160.0,0.0,1,1,0,0,0.0
12,preserve_safety_net,2023-07-03T01:00:00+03:00,-160.0,0.0,1,1,0,0,0.0
12,preserve_safety_net,2023-08-01T01:00:00+03:00,72816.75,80866.75,35,35,4,106,0.0
12,preserve_safety_net,2023-09-01T01:00:00+03:00,57109.5,67414.5,48,36,6,86,4254.95
12,preserve_safety_net,2023-10-02T01:00:00+03:00,69789.15,79564.15,46,34,4,104,759.35
12,preserve_safety_net,2023-11-01T01:00:00+02:00,76717.45,86457.45,46,34,4,116,21398.25
12,preserve_safety_net,2023-12-01T01:00:00+02:00,85432.6,95137.6,46,34,4,129,19537.1
12,preserve_safety_net,2024-01-02T01:00:00+02:00,-142.85,1507.15,9,9,1,2,0.0
12,preserve_safety_net,2024-02-01T01:00:00+02:00,68285.15,77090.15,36,25,4,106,18733.65
12,preserve_safety_net,2024-03-01T01:00:00+02:00,-195.0,0.0,1,1,0,0,0.0
12,preserve_safety_net,2024-04-01T01:00:00+03:00,-160.0,0.0,1,1,0,0,0.0
12,preserve_safety_net,2024-05-01T01:00:00+03:00,-145.6,1594.4,10,10,1,2,0.0
12,preserve_safety_net,2024-06-03T01:00:00+03:00,-150.1,519.9,2,2,0,1,0.0
12,preserve_safety_net,2024-07-01T01:00:00+03:00,-160.0,0.0,1,1,0,0,0.0
12,rush_to_uncapped,2020-01-02T01:00:00+02:00,-195.0,0.0,1,1,0,0,0.0
12,rush_to_uncapped,2020-02-03T01:00:00+02:00,-265.0,1500.0,6,6,1,3,0.0
12,rush_to_uncapped,2020-03-02T01:00:00+02:00,-160.0,0.0,1,1,0,0,0.0
12,rush_to_uncapped,2020-04-01T01:00:00+03:00,-195.0,1500.0,6,6,1,3,0.0
12,rush_to_uncapped,2020-05-01T01:00:00+03:00,-160.0,1500.0,6,6,1,3,0.0
12,rush_to_uncapped,2020-06-01T01:00:00+03:00,-230.0,0.0,1,1,0,0,0.0
12,rush_to_uncapped,2020-07-01T01:00:00+03:00,-195.0,0.0,1,1,0,0,0.0
12,rush_to_uncapped,2020-08-03T01:00:00+03:00,-160.0,0.0,1,1,0,0,0.0
12,rush_to_uncapped,2020-09-01T01:00:00+03:00,-230.0,0.0,1,1,0,0,0.0
12,rush_to_uncapped,2020-10-01T01:00:00+03:00,-195.0,0.0,1,1,0,0,0.0
12,rush_to_uncapped,2020-11-02T01:00:00+02:00,-160.0,0.0,1,1,0,0,0.0
12,rush_to_uncapped,2020-12-01T01:00:00+02:00,-195.0,0.0,1,1,0,0,0.0
12,rush_to_uncapped,2021-01-04T01:00:00+02:00,-160.0,0.0,1,1,0,0,0.0
12,rush_to_uncapped,2021-02-01T01:00:00+02:00,-160.0,0.0,1,1,0,0,0.0
12,rush_to_uncapped,2021-03-01T01:00:00+02:00,-195.0,0.0,1,1,0,0,0.0
12,rush_to_uncapped,2021-04-01T01:00:00+03:00,-160.0,0.0,1,1,0,0,0.0
12,rush_to_uncapped,2021-05-03T01:00:00+03:00,-220.0,500.0,1,1,0,1,0.0
12,rush_to_uncapped,2021-06-01T01:00:00+03:00,-185.0,500.0,1,1,0,1,0.0
12,rush_to_uncapped,2021-07-01T01:00:00+03:00,-150.0,500.0,1,1,0,1,0.0
12,rush_to_uncapped,2021-08-02T01:00:00+03:00,-195.0,0.0,1,1,0,0,0.0
12,rush_to_uncapped,2021-09-01T01:00:00+03:00,-160.0,0.0,1,1,0,0,0.0
12,rush_to_uncapped,2021-10-01T01:00:00+03:00,-150.0,500.0,1,1,0,1,0.0
12,rush_to_uncapped,2021-11-01T01:00:00+02:00,-160.0,0.0,1,1,0,0,0.0
12,rush_to_uncapped,2021-12-01T01:00:00+02:00,-220.0,500.0,1,1,0,1,0.0
12,rush_to_uncapped,2022-01-03T01:00:00+02:00,-185.0,500.0,1,1,0,1,0.0
12,rush_to_uncapped,2022-02-01T01:00:00+02:00,-150.0,500.0,1,1,0,1,0.0
12,rush_to_uncapped,2022-03-01T01:00:00+02:00,-195.0,0.0,1,1,0,0,0.0
12,rush_to_uncapped,2022-04-01T01:00:00+03:00,-160.0,0.0,1,1,0,0,0.0
12,rush_to_uncapped,2022-05-02T01:00:00+03:00,-200.0,2000.0,12,12,1,4,0.0
12,rush_to_uncapped,2022-06-01T01:00:00+03:00,-165.0,2000.0,12,12,1,4,0.0
12,rush_to_uncapped,2022-07-01T01:00:00+03:00,-130.0,2000.0,12,12,1,4,0.0
12,rush_to_uncapped,2022-08-01T01:00:00+03:00,-160.0,0.0,1,1,0,0,0.0
12,rush_to_uncapped,2022-09-01T01:00:00+03:00,-195.0,0.0,1,1,0,0,0.0
12,rush_to_uncapped,2022-10-03T01:00:00+03:00,-160.0,0.0,1,1,0,0,0.0
12,rush_to_uncapped,2022-11-01T01:00:00+02:00,-285.0,1500.0,7,7,1,3,0.0
12,rush_to_uncapped,2022-12-01T01:00:00+02:00,-250.0,1500.0,7,7,1,3,0.0
12,rush_to_uncapped,2023-01-03T01:00:00+02:00,-265.0,0.0,1,1,0,0,0.0
12,rush_to_uncapped,2023-02-01T01:00:00+02:00,-230.0,0.0,1,1,0,0,0.0
12,rush_to_uncapped,2023-03-01T01:00:00+02:00,-145.0,1500.0,7,7,1,3,0.0
12,rush_to_uncapped,2023-04-03T01:00:00+03:00,-160.0,0.0,1,1,0,0,0.0
12,rush_to_uncapped,2023-05-01T01:00:00+03:00,-195.0,0.0,1,1,0,0,0.0
12,rush_to_uncapped,2023-06-01T01:00:00+03:00,-160.0,0.0,1,1,0,0,0.0
12,rush_to_uncapped,2023-07-03T01:00:00+03:00,-160.0,0.0,1,1,0,0,0.0
12,rush_to_uncapped,2023-08-01T01:00:00+03:00,49551.32,60046.32,47,44,8,100,3405.9
12,rush_to_uncapped,2023-09-01T01:00:00+03:00,52226.16,65131.16,59,47,10,107,3481.7
12,rush_to_uncapped,2023-10-02T01:00:00+03:00,47701.32,60046.32,59,47,9,100,-13.9
12,rush_to_uncapped,2023-11-01T01:00:00+02:00,53736.32,66046.32,59,47,9,112,21518.3
12,rush_to_uncapped,2023-12-01T01:00:00+02:00,65771.32,78046.32,59,47,9,136,16337.3
12,rush_to_uncapped,2024-01-02T01:00:00+02:00,-160.0,1500.0,6,6,1,3,0.0
12,rush_to_uncapped,2024-02-01T01:00:00+02:00,58847.34,70582.34,53,49,10,125,1575.85
12,rush_to_uncapped,2024-03-01T01:00:00+02:00,-195.0,0.0,1,1,0,0,0.0
12,rush_to_uncapped,2024-04-01T01:00:00+03:00,-160.0,0.0,1,1,0,0,0.0
12,rush_to_uncapped,2024-05-01T01:00:00+03:00,-150.0,1500.0,9,9,2,3,0.0
12,rush_to_uncapped,2024-06-03T01:00:00+03:00,-150.0,1000.0,5,5,1,2,0.0
12,rush_to_uncapped,2024-07-01T01:00:00+03:00,-160.0,0.0,1,1,0,0,0.0
13,cap_maximizer,2020-01-02T01:00:00+02:00,-195.0,0.0,1,1,0,0,0.0
13,cap_maximizer,2020-02-03T01:00:00+02:00,-255.0,1500.0,2,2,0,1,0.0
13,cap_maximizer,2020-03-02T01:00:00+02:00,-160.0,0.0,1,1,0,0,0.0
13,cap_maximizer,2020-04-01T01:00:00+03:00,-185.0,1500.0,2,2,0,1,0.0
13,cap_maximizer,2020-05-01T01:00:00+03:00,-150.0,1500.0,2,2,0,1,0.0
13,cap_maximizer,2020-06-01T01:00:00+03:00,-230.0,0.0,1,1,0,0,0.0
13,cap_maximizer,2020-07-01T01:00:00+03:00,-195.0,0.0,1,1,0,0,0.0
13,cap_maximizer,2020-08-03T01:00:00+03:00,-160.0,0.0,1,1,0,0,0.0
13,cap_maximizer,2020-09-01T01:00:00+03:00,-230.0,0.0,1,1,0,0,0.0
13,cap_maximizer,2020-10-01T01:00:00+03:00,-195.0,0.0,1,1,0,0,0.0
13,cap_maximizer,2020-11-02T01:00:00+02:00,-160.0,0.0,1,1,0,0,0.0
13,cap_maximizer,2020-12-01T01:00:00+02:00,-195.0,0.0,1,1,0,0,0.0
13,cap_maximizer,2021-01-04T01:00:00+02:00,-160.0,0.0,1,1,0,0,0.0
13,cap_maximizer,2021-02-01T01:00:00+02:00,-160.0,0.0,1,1,0,0,0.0
13,cap_maximizer,2021-03-01T01:00:00+02:00,-195.0,0.0,1,1,0,0,0.0
13,cap_maximizer,2021-04-01T01:00:00+03:00,-160.0,0.0,1,1,0,0,0.0
13,cap_maximizer,2021-05-03T01:00:00+03:00,-230.0,0.0,1,1,0,0,0.0
13,cap_maximizer,2021-06-01T01:00:00+03:00,-195.0,0.0,1,1,0,0,0.0
13,cap_maximizer,2021-07-01T01:00:00+03:00,-160.0,0.0,1,1,0,0,0.0
13,cap_maximizer,2021-08-02T01:00:00+03:00,-195.0,0.0,1,1,0,0,0.0
13,cap_maximizer,2021-09-01T01:00:00+03:00,-160.0,0.0,1,1,0,0,0.0
13,cap_maximizer,2021-10-01T01:00:00+03:00,-160.0,0.0,1,1,0,0,0.0
13,cap_maximizer,2021-11-01T01:00:00+02:00,-160.0,0.0,1,1,0,0,0.0
13,cap_maximizer,2021-12-01T01:00:00+02:00,-220.0,3000.0,14,14,1,2,0.0
13,cap_maximizer,2022-01-03T01:00:00+02:00,-165.0,1500.0,1,1,0,1,0.0
13,cap_maximizer,2022-02-01T01:00:00+02:00,-130.0,1500.0,1,1,0,1,0.0
13,cap_maximizer,2022-03-01T01:00:00+02:00,-195.0,0.0,1,1,0,0,0.0
13,cap_maximizer,2022-04-01T01:00:00+03:00,-160.0,0.0,1,1,0,0,0.0
13,cap_maximizer,2022-05-02T01:00:00+03:00,-220.0,1500.0,2,2,0,1,0.0
13,cap_maximizer,2022-06-01T01:00:00+03:00,-185.0,1500.0,2,2,0,1,0.0
13,cap_maximizer,2022-07-01T01:00:00+03:00,-150.0,1500.0,2,2,0,1,0.0
13,cap_maximizer,2022-08-01T01:00:00+03:00,-160.0,0.0,1,1,0,0,0.0
13,cap_maximizer,2022-09-01T01:00:00+03:00,-195.0,0.0,1,1,0,0,0.0
13,cap_maximizer,2022-10-03T01:00:00+03:00,-160.0,0.0,1,1,0,0,0.0
13,cap_maximizer,2022-11-01T01:00:00+02:00,-270.0,1500.0,1,1,0,1,0.0
13,cap_maximizer,2022-12-01T01:00:00+02:00,-235.0,1500.0,1,1,0,1,0.0
13,cap_maximizer,2023-01-03T01:00:00+02:00,-265.0,0.0,1,1,0,0,0.0
13,cap_maximizer,2023-02-01T01:00:00+02:00,-230.0,0.0,1,1,0,0,0.0
13,cap_maximizer,2023-03-01T01:00:00+02:00,-130.0,1500.0,1,1,0,1,0.0
13,cap_maximizer,2023-04-03T01:00:00+03:00,-160.0,0.0,1,1,0,0,0.0
13,cap_maximizer,2023-05-01T01:00:00+03:00,-195.0,0.0,1,1,0,0,0.0
13,cap_maximizer,2023-06-01T01:00:00+03:00,-160.0,0.0,1,1,0,0,0.0
13,cap_maximizer,2023-07-03T01:00:00+03:00,-160.0,0.0,1,1,0,0,0.0
13,cap_maximizer,2023-08-01T01:00:00+03:00,-270.0,4500.0,25,25,2,3,0.0
13,cap_maximizer,2023-09-01T01:00:00+03:00,-220.0,4500.0,26,26,2,3,0.0
13,cap_maximizer,2023-10-02T01:00:00+03:00,55175.0,66000.0,46,33,7,44,-217.0
13,cap_maximizer,2023-11-01T01:00:00+02:00,55210.0,66000.0,46,33,7,44,29609.55
13,cap_maximizer,2023-12-01T01:00:00+02:00,74745.0,85500.0,46,33,7,57,17496.8
13,cap_maximizer,2024-01-02T01:00:00+02:00,84060.0,96000.0,51,47,5,64,-1980.0
13,cap_maximizer,2024-02-01T01:00:00+02:00,76385.0,87000.0,46,45,10,58,513.1
13,cap_maximizer,2024-03-01T01:00:00+02:00,-195.0,0.0,1,1,0,0,0.0
13,cap_maximizer,2024-04-01T01:00:00+03:00,-160.0,0.0,1,1,0,0,0.0
13,cap_maximizer,2024-05-01T01:00:00+03:00,-150.0,1500.0,9,9,1,1,0.0
13,cap_maximizer,2024-06-03T01:00:00+03:00,73430.0,87000.0,59,47,7,58,20501.5
13,cap_maximizer,2024-07-01T01:00:00+03:00,-160.0,0.0,1,1,0,0,0.0
13,half_of_maximum,2020-01-02T01:00:00+02:00,-195.0,0.0,1,1,0,0,0.0
13,half_of_maximum,2020-02-03T01:00:00+02:00,-245.0,1500.0,5,5,1,3,0.0
13,half_of_maximum,2020-03-02T01:00:00+02:00,-160.0,0.0,1,1,0,0,0.0
13,half_of_maximum,2020-04-01T01:00:00+03:00,-175.0,1500.0,5,5,1,3,0.0
13,half_of_maximum,2020-05-01T01:00:00+03:00,-140.0,1500.0,5,5,1,3,0.0
13,half_of_maximum,2020-06-01T01:00:00+03:00,-230.0,0.0,1,1,0,0,0.0
13,half_of_maximum,2020-07-01T01:00:00+03:00,-195.0,0.0,1,1,0,0,0.0
13,half_of_maximum,2020-08-03T01:00:00+03:00,-160.0,0.0,1,1,0,0,0.0
13,half_of_maximum,2020-09-01T01:00:00+03:00,-230.0,0.0,1,1,0,0,0.0
13,half_of_maximum,2020-10-01T01:00:00+03:00,-195.0,0.0,1,1,0,0,0.0
13,half_of_maximum,2020-11-02T01:00:00+02:00,-160.0,0.0,1,1,0,0,0.0
13,half_of_maximum,2020-12-01T01:00:00+02:00,-195.0,0.0,1,1,0,0,0.0
13,half_of_maximum,2021-01-04T01:00:00+02:00,-160.0,0.0,1,1,0,0,0.0
13,half_of_maximum,2021-02-01T01:00:00+02:00,-160.0,0.0,1,1,0,0,0.0
13,half_of_maximum,2021-03-01T01:00:00+02:00,-195.0,0.0,1,1,0,0,0.0
13,half_of_maximum,2021-04-01T01:00:00+03:00,-160.0,0.0,1,1,0,0,0.0
13,half_of_maximum,2021-05-03T01:00:00+03:00,-220.0,500.0,1,1,0,1,0.0
13,half_of_maximum,2021-06-01T01:00:00+03:00,-185.0,500.0,1,1,0,1,0.0
13,half_of_maximum,2021-07-01T01:00:00+03:00,-150.0,500.0,1,1,0,1,0.0
13,half_of_maximum,2021-08-02T01:00:00+03:00,-195.0,0.0,1,1,0,0,0.0
13,half_of_maximum,2021-09-01T01:00:00+03:00,-160.0,0.0,1,1,0,0,0.0
13,half_of_maximum,2021-10-01T01:00:00+03:00,-150.0,500.0,1,1,0,1,0.0
13,half_of_maximum,2021-11-01T01:00:00+02:00,-160.0,0.0,1,1,0,0,0.0
13,half_of_maximum,2021-12-01T01:00:00+02:00,-220.0,500.0,1,1,0,1,0.0
13,half_of_maximum,2022-01-03T01:00:00+02:00,-185.0,500.0,1,1,0,1,0.0
13,half_of_maximum,2022-02-01T01:00:00+02:00,-150.0,500.0,1,1,0,1,0.0
13,half_of_maximum,2022-03-01T01:00:00+02:00,-195.0,0.0,1,1,0,0,0.0
13,half_of_maximum,2022-04-01T01:00:00+03:00,-160.0,0.0,1,1,0,0,0.0
13,half_of_maximum,2022-05-02T01:00:00+03:00,-200.5,2264.5,13,13,1,4,0.0
13,half_of_maximum,2022-06-01T01:00:00+03:00,-165.5,2264.5,13,13,1,4,0.0
13,half_of_maximum,2022-07-01T01:00:00+03:00,-130.5,2264.5,13,13,1,4,0.0
13,half_of_maximum,2022-08-01T01:00:00+03:00,-160.0,0.0,1,1,0,0,0.0
13,half_of_maximum,2022-09-01T01:00:00+03:00,-195.0,0.0,1,1,0,0,0.0
13,half_of_maximum,2022-10-03T01:00:00+03:00,-160.0,0.0,1,1,0,0,0.0
13,half_of_maximum,2022-11-01T01:00:00+02:00,-285.0,1500.0,7,7,1,3,0.0
13,half_of_maximum,2022-12-01T01:00:00+02:00,-250.0,1500.0,7,7,1,3,0.0
13,half_of_maximum,2023-01-03T01:00:00+02:00,-265.0,0.0,1,1,0,0,0.0
13,half_of_maximum,2023-02-01T01:00:00+02:00,-230.0,0.0,1,1,0,0,0.0
13,half_of_maximum,2023-03-01T01:00:00+02:00,-145.0,1500.0,7,7,1,3,0.0
13,half_of_maximum,2023-04-03T01:00:00+03:00,-160.0,0.0,1,1,0,0,0.0
13,half_of_maximum,2023-05-01T01:00:00+03:00,-195.0,0.0,1,1,0,0,0.0
13,half_of_maximum,2023-06-01T01:00:00+03:00,-160.0,0.0,1,1,0,0,0.0
13,half_of_maximum,2023-07-03T01:00:00+03:00,-160.0,0.0,1,1,0,0,0.0
13,half_of_maximum,2023-08-01T01:00:00+03:00,63545.65,74295.65,51,47,9,121,4541.2
13,half_of_maximum,2023-09-01T01:00:00+03:00,-200.0,3000.0,13,13,1,5,0.0
13,half_of_maximum,2023-10-02T01:00:00+03:00,61530.05,74290.05,64,51,10,121,-206.45
13,half_of_maximum,2023-11-01T01:00:00+02:00,68065.05,80790.05,64,51,10,134,23120.1
13,half_of_maximum,2023-12-01T01:00:00+02:00,83498.89,96188.89,64,51,10,160,15108.51
13,half_of_maximum,2024-01-02T01:00:00+02:00,-156.43,1503.57,6,6,1,3,0.0
13,half_of_maximum,2024-02-01T01:00:00+02:00,70754.29,83394.29,58,55,10,137,1456.35
13,half_of_maximum,2024-03-01T01:00:00+02:00,-195.0,0.0,1,1,0,0,0.0
13,half_of_maximum,2024-04-01T01:00:00+03:00,-160.0,0.0,1,1,0,0,0.0
13,half_of_maximum,2024-05-01T01:00:00+03:00,-140.9,1724.1,11,11,2,3,0.0
13,half_of_maximum,2024-06-03T01:00:00+03:00,-150.0,1000.0,5,5,1,2,0.0
13,half_of_maximum,2024-07-01T01:00:00+03:00,-160.0,0.0,1,1,0,0,0.0
13,maximum_always,2020-01-02T01:00:00+02:00,-195.0,0.0,1,1,0,0,0.0
13,maximum_always,2020-02-03T01:00:00+02:00,-250.15,1449.85,1,1,0,2,0.0
13,maximum_always,2020-03-02T01:00:00+02:00,-160.0,0.0,1,1,0,0,0.0
13,maximum_always,2020-04-01T01:00:00+03:00,-188.2,1496.8,2,2,0,2,0.0
13,maximum_always,2020-05-01T01:00:00+03:00,-153.2,1496.8,2,2,0,2,0.0
13,maximum_always,2020-06-01T01:00:00+03:00,-230.0,0.0,1,1,0,0,0.0
13,maximum_always,2020-07-01T01:00:00+03:00,-195.0,0.0,1,1,0,0,0.0
13,maximum_always,2020-08-03T01:00:00+03:00,-160.0,0.0,1,1,0,0,0.0
13,maximum_always,2020-09-01T01:00:00+03:00,-230.0,0.0,1,1,0,0,0.0
13,maximum_always,2020-10-01T01:00:00+03:00,-195.0,0.0,1,1,0,0,0.0
13,maximum_always,2020-11-02T01:00:00+02:00,-160.0,0.0,1,1,0,0,0.0
13,maximum_always,2020-12-01T01:00:00+02:00,-195.0,0.0,1,1,0,0,0.0
13,maximum_always,2021-01-04T01:00:00+02:00,-160.0,0.0,1,1,0,0,0.0
13,maximum_always,2021-02-01T01:00:00+02:00,-160.0,0.0,1,1,0,0,0.0
13,maximum_always,2021-03-01T01:00:00+02:00,-195.0,0.0,1,1,0,0,0.0
13,maximum_always,2021-04-01T01:00:00+03:00,-160.0,0.0,1,1,0,0,0.0
13,maximum_always,2021-05-03T01:00:00+03:00,-214.45,770.55,2,2,0,1,0.0
13,maximum_always,2021-06-01T01:00:00+03:00,-179.45,770.55,2,2,0,1,0.0
13,maximum_always,2021-07-01T01:00:00+03:00,-144.45,770.55,2,2,0,1,0.0
13,maximum_always,2021-08-02T01:00:00+03:00,-195.0,0.0,1,1,0,0,0.0
13,maximum_always,2021-09-01T01:00:00+03:00,-160.0,0.0,1,1,0,0,0.0
13,maximum_always,2021-10-01T01:00:00+03:00,-149.1,500.9,1,1,0,1,0.0
13,maximum_always,2021-11-01T01:00:00+02:00,-160.0,0.0,1,1,0,0,0.0
13,maximum_always,2021-12-01T01:00:00+02:00,-203.1,641.9,2,2,0,1,0.0
13,maximum_always,2022-01-03T01:00:00+02:00,-167.35,517.65,1,1,0,1,0.0
13,maximum_always,2022-02-01T01:00:00+02:00,-132.35,517.65,1,1,0,1,0.0
13,maximum_always,2022-03-01T01:00:00+02:00,-195.0,0.0,1,1,0,0,0.0
13,maximum_always,2022-04-01T01:00:00+03:00,-160.0,0.0,1,1,0,0,0.0
13,maximum_always,2022-05-02T01:00:00+03:00,-227.65,2062.35,13,13,1,3,0.0
13,maximum_always,2022-06-01T01:00:00+03:00,-192.65,2062.35,13,13,1,3,0.0
13,maximum_always,2022-07-01T01:00:00+03:00,-157.65,2062.35,13,13,1,3,0.0
13,maximum_always,2022-08-01T01:00:00+03:00,-160.0,0.0,1,1,0,0,0.0
13,maximum_always,2022-09-01T01:00:00+03:00,-195.0,0.0,1,1,0,0,0.0
13,maximum_always,2022-10-03T01:00:00+03:00,-160.0,0.0,1,1,0,0,0.0
13,maximum_always,2022-11-01T01:00:00+02:00,-282.5,1217.5,5,5,1,2,0.0
13,maximum_always,2022-12-01T01:00:00+02:00,-247.5,1217.5,5,5,1,2,0.0
13,maximum_always,2023-01-03T01:00:00+02:00,-265.0,0.0,1,1,0,0,0.0
13,maximum_always,2023-02-01T01:00:00+02:00,-230.0,0.0,1,1,0,0,0.0
13,maximum_always,2023-03-01T01:00:00+02:00,-142.5,1217.5,5,5,1,2,0.0
13,maximum_always,2023-04-03T01:00:00+03:00,-160.0,0.0,1,1,0,0,0.0
13,maximum_always,2023-05-01T01:00:00+03:00,-195.0,0.0,1,1,0,0,0.0
13,maximum_always,2023-06-01T01:00:00+03:00,-160.0,0.0,1,1,0,0,0.0
13,maximum_always,2023-07-03T01:00:00+03:00,-160.0,0.0,1,1,0,0,0.0
13,maximum_always,2023-08-01T01:00:00+03:00,58472.4,69957.4,51,51,8,89,0.0
13,maximum_always,2023-09-01T01:00:00+03:00,37142.7,51567.7,65,52,8,65,3498.45
13,maximum_always,2023-10-02T01:00:00+03:00,56122.1,69617.1,64,51,8,89,-288.45
13,maximum_always,2023-11-01T01:00:00+02:00,64002.05,77462.05,64,51,8,102,21693.15
13,maximum_always,2023-12-01T01:00:00+02:00,85807.55,99687.55,64,64,9,128,0.0
13,maximum_always,2024-01-02T01:00:00+02:00,-152.85,2007.15,10,10,1,3,0.0
13,maximum_always,2024-02-01T01:00:00+02:00,69438.15,82258.15,53,53,6,106,0.0
13,maximum_always,2024-03-01T01:00:00+02:00,-195.0,0.0,1,1,0,0,0.0
13,maximum_always,2024-04-01T01:00:00+03:00,-160.0,0.0,1,1,0,0,0.0
13,maximum_always,2024-05-01T01:00:00+03:00,-156.8,2448.2,13,13,2,3,0.0
13,maximum_always,2024-06-03T01:00:00+03:00,-141.5,688.5,3,3,1,1,0.0
13,maximum_always,2024-07-01T01:00:00+03:00,-160.0,0.0,1,1,0,0,0.0
13,minimum_500_always,2020-01-02T01:00:00+02:00,-195.0,0.0,1,1,0,0,0.0
13,minimum_500_always,2020-02-03T01:00:00+02:00,-245.0,1500.0,5,5,1,3,0.0
13,minimum_500_always,2020-03-02T01:00:00+02:00,-160.0,0.0,1,1,0,0,0.0
13,minimum_500_always,2020-04-01T01:00:00+03:00,-175.0,1500.0,5,5,1,3,0.0
13,minimum_500_always,2020-05-01T01:00:00+03:00,-140.0,1500.0,5,5,1,3,0.0
13,minimum_500_always,2020-06-01T01:00:00+03:00,-230.0,0.0,1,1,0,0,0.0
13,minimum_500_always,2020-07-01T01:00:00+03:00,-195.0,0.0,1,1,0,0,0.0
13,minimum_500_always,2020-08-03T01:00:00+03:00,-160.0,0.0,1,1,0,0,0.0
13,minimum_500_always,2020-09-01T01:00:00+03:00,-230.0,0.0,1,1,0,0,0.0
13,minimum_500_always,2020-10-01T01:00:00+03:00,-195.0,0.0,1,1,0,0,0.0
13,minimum_500_always,2020-11-02T01:00:00+02:00,-160.0,0.0,1,1,0,0,0.0
13,minimum_500_always,2020-12-01T01:00:00+02:00,-195.0,0.0,1,1,0,0,0.0
13,minimum_500_always,2021-01-04T01:00:00+02:00,-160.0,0.0,1,1,0,0,0.0
13,minimum_500_always,2021-02-01T01:00:00+02:00,-160.0,0.0,1,1,0,0,0.0
13,minimum_500_always,2021-03-01T01:00:00+02:00,-195.0,0.0,1,1,0,0,0.0
13,minimum_500_always,2021-04-01T01:00:00+03:00,-160.0,0.0,1,1,0,0,0.0
13,minimum_500_always,2021-05-03T01:00:00+03:00,-220.0,500.0,1,1,0,1,0.0
13,minimum_500_always,2021-06-01T01:00:00+03:00,-185.0,500.0,1,1,0,1,0.0
13,minimum_500_always,2021-07-01T01:00:00+03:00,-150.0,500.0,1,1,0,1,0.0
13,minimum_500_always,2021-08-02T01:00:00+03:00,-195.0,0.0,1,1,0,0,0.0
13,minimum_500_always,2021-09-01T01:00:00+03:00,-160.0,0.0,1,1,0,0,0.0
13,minimum_500_always,2021-10-01T01:00:00+03:00,-150.0,500.0,1,1,0,1,0.0
13,minimum_500_always,2021-11-01T01:00:00+02:00,-160.0,0.0,1,1,0,0,0.0
13,minimum_500_always,2021-12-01T01:00:00+02:00,-220.0,500.0,1,1,0,1,0.0
13,minimum_500_always,2022-01-03T01:00:00+02:00,-185.0,500.0,1,1,0,1,0.0
13,minimum_500_always,2022-02-01T01:00:00+02:00,-150.0,500.0,1,1,0,1,0.0
13,minimum_500_always,2022-03-01T01:00:00+02:00,-195.0,0.0,1,1,0,0,0.0
13,minimum_500_always,2022-04-01T01:00:00+03:00,-160.0,0.0,1,1,0,0,0.0
13,minimum_500_always,2022-05-02T01:00:00+03:00,-220.0,2000.0,13,13,1,4,0.0
13,minimum_500_always,2022-06-01T01:00:00+03:00,-185.0,2000.0,13,13,1,4,0.0
13,minimum_500_always,2022-07-01T01:00:00+03:00,-150.0,2000.0,13,13,1,4,0.0
13,minimum_500_always,2022-08-01T01:00:00+03:00,-160.0,0.0,1,1,0,0,0.0
13,minimum_500_always,2022-09-01T01:00:00+03:00,-195.0,0.0,1,1,0,0,0.0
13,minimum_500_always,2022-10-03T01:00:00+03:00,-160.0,0.0,1,1,0,0,0.0
13,minimum_500_always,2022-11-01T01:00:00+02:00,-285.0,1500.0,7,7,1,3,0.0
13,minimum_500_always,2022-12-01T01:00:00+02:00,-250.0,1500.0,7,7,1,3,0.0
13,minimum_500_always,2023-01-03T01:00:00+02:00,-265.0,0.0,1,1,0,0,0.0
13,minimum_500_always,2023-02-01T01:00:00+02:00,-230.0,0.0,1,1,0,0,0.0
13,minimum_500_always,2023-03-01T01:00:00+02:00,-145.0,1500.0,7,7,1,3,0.0
13,minimum_500_always,2023-04-03T01:00:00+03:00,-160.0,0.0,1,1,0,0,0.0
13,minimum_500_always,2023-05-01T01:00:00+03:00,-195.0,0.0,1,1,0,0,0.0
13,minimum_500_always,2023-06-01T01:00:00+03:00,-160.0,0.0,1,1,0,0,0.0
13,minimum_500_always,2023-07-03T01:00:00+03:00,-160.0,0.0,1,1,0,0,0.0
13,minimum_500_always,2023-08-01T01:00:00+03:00,39275.0,49500.0,51,39,6,99,13623.6
13,minimum_500_always,2023-09-01T01:00:00+03:00,66125.0,78000.0,60,47,8,156,3919.15
13,minimum_500_always,2023-10-02T01:00:00+03:00,37265.0,49500.0,64,51,7,99,132.25
13,minimum_500_always,2023-11-01T01:00:00+02:00,43800.0,56000.0,64,51,7,112,23458.8
13,minimum_500_always,2023-12-01T01:00:00+02:00,56835.0,69000.0,64,51,7,138,17846.05
13,minimum_500_always,2024-01-02T01:00:00+02:00,-160.0,1500.0,6,6,1,3,0.0
13,minimum_500_always,2024-02-01T01:00:00+02:00,69805.0,81500.0,58,53,8,163,2088.95
13,minimum_500_always,2024-03-01T01:00:00+02:00,-195.0,0.0,1,1,0,0,0.0
13,minimum_500_always,2024-04-01T01:00:00+03:00,-160.0,0.0,1,1,0,0,0.0
13,minimum_500_always,2024-05-01T01:00:00+03:00,-150.0,1500.0,9,9,2,3,0.0
13,minimum_500_always,2024-06-03T01:00:00+03:00,-150.0,1000.0,5,5,1,2,0.0
13,minimum_500_always,2024-07-01T01:00:00+03:00,-160.0,0.0,1,1,0,0,0.0
13,preserve_safety_net,2020-01-02T01:00:00+02:00,-195.0,0.0,1,1,0,0,0.0
13,preserve_safety_net,2020-02-03T01:00:00+02:00,-247.4,1162.6,4,4,1,2,0.0
13,preserve_safety_net,2020-03-02T01:00:00+02:00,-160.0,0.0,1,1,0,0,0.0
13,preserve_safety_net,2020-04-01T01:00:00+03:00,-185.45,1209.55,5,5,1,2,0.0
13,preserve_safety_net,2020-05-01T01:00:00+03:00,-150.45,1209.55,5,5,1,2,0.0
13,preserve_safety_net,2020-06-01T01:00:00+03:00,-230.0,0.0,1,1,0,0,0.0
13,preserve_safety_net,2020-07-01T01:00:00+03:00,-195.0,0.0,1,1,0,0,0.0
13,preserve_safety_net,2020-08-03T01:00:00+03:00,-160.0,0.0,1,1,0,0,0.0
13,preserve_safety_net,2020-09-01T01:00:00+03:00,-230.0,0.0,1,1,0,0,0.0
13,preserve_safety_net,2020-10-01T01:00:00+03:00,-195.0,0.0,1,1,0,0,0.0
13,preserve_safety_net,2020-11-02T01:00:00+02:00,-160.0,0.0,1,1,0,0,0.0
13,preserve_safety_net,2020-12-01T01:00:00+02:00,-195.0,0.0,1,1,0,0,0.0
13,preserve_safety_net,2021-01-04T01:00:00+02:00,-160.0,0.0,1,1,0,0,0.0
13,preserve_safety_net,2021-02-01T01:00:00+02:00,-160.0,0.0,1,1,0,0,0.0
13,preserve_safety_net,2021-03-01T01:00:00+02:00,-195.0,0.0,1,1,0,0,0.0
13,preserve_safety_net,2021-04-01T01:00:00+03:00,-160.0,0.0,1,1,0,0,0.0
13,preserve_safety_net,2021-05-03T01:00:00+03:00,-230.0,0.0,1,1,0,0,0.0
13,preserve_safety_net,2021-06-01T01:00:00+03:00,-195.0,0.0,1,1,0,0,0.0
13,preserve_safety_net,2021-07-01T01:00:00+03:00,-160.0,0.0,1,1,0,0,0.0
13,preserve_safety_net,2021-08-02T01:00:00+03:00,-195.0,0.0,1,1,0,0,0.0
13,preserve_safety_net,2021-09-01T01:00:00+03:00,-160.0,0.0,1,1,0,0,0.0
13,preserve_safety_net,2021-10-01T01:00:00+03:00,-160.0,0.0,1,1,0,0,0.0
13,preserve_safety_net,2021-11-01T01:00:00+02:00,-160.0,0.0,1,1,0,0,0.0
13,preserve_safety_net,2021-12-01T01:00:00+02:00,-229.45,705.55,3,3,1,1,0.0
13,preserve_safety_net,2022-01-03T01:00:00+02:00,-180.85,559.15,2,2,0,1,0.0
13,preserve_safety_net,2022-02-01T01:00:00+02:00,-145.85,559.15,2,2,0,1,0.0
13,preserve_safety_net,2022-03-01T01:00:00+02:00,-195.0,0.0,1,1,0,0,0.0
13,preserve_safety_net,2022-04-01T01:00:00+03:00,-160.0,0.0,1,1,0,0,0.0
13,preserve_safety_net,2022-05-02T01:00:00+03:00,-214.45,1755.55,11,11,1,3,0.0
13,preserve_safety_net,2022-06-01T01:00:00+03:00,-179.45,1755.55,11,11,1,3,0.0
13,preserve_safety_net,2022-07-01T01:00:00+03:00,-144.45,1755.55,11,11,1,3,0.0
13,preserve_safety_net,2022-08-01T01:00:00+03:00,-160.0,0.0,1,1,0,0,0.0
13,preserve_safety_net,2022-09-01T01:00:00+03:00,-195.0,0.0,1,1,0,0,0.0
13,preserve_safety_net,2022-10-03T01:00:00+03:00,-160.0,0.0,1,1,0,0,0.0
13,preserve_safety_net,2022-11-01T01:00:00+02:00,-288.5,1056.5,6,6,1,2,0.0
13,preserve_safety_net,2022-12-01T01:00:00+02:00,-253.5,1056.5,6,6,1,2,0.0
13,preserve_safety_net,2023-01-03T01:00:00+02:00,-265.0,0.0,1,1,0,0,0.0
13,preserve_safety_net,2023-02-01T01:00:00+02:00,-230.0,0.0,1,1,0,0,0.0
13,preserve_safety_net,2023-03-01T01:00:00+02:00,-148.5,1056.5,6,6,1,2,0.0
13,preserve_safety_net,2023-04-03T01:00:00+03:00,-160.0,0.0,1,1,0,0,0.0
13,preserve_safety_net,2023-05-01T01:00:00+03:00,-195.0,0.0,1,1,0,0,0.0
13,preserve_safety_net,2023-06-01T01:00:00+03:00,-160.0,0.0,1,1,0,0,0.0
13,preserve_safety_net,2023-07-03T01:00:00+03:00,-160.0,0.0,1,1,0,0,0.0
13,preserve_safety_net,2023-08-01T01:00:00+03:00,71196.65,80006.65,38,37,5,105,1635.3
13,preserve_safety_net,2023-09-01T01:00:00+03:00,55639.0,66829.0,52,39,6,86,4451.6
13,preserve_safety_net,2023-10-02T01:00:00+03:00,60893.15,71638.15,49,36,5,95,664.7
13,preserve_safety_net,2023-11-01T01:00:00+02:00,68421.15,79131.15,49,36,5,108,22998.25
13,preserve_safety_net,2023-12-01T01:00:00+02:00,77663.05,88338.05,49,36,5,122,21178.6
13,preserve_safety_net,2024-01-02T01:00:00+02:00,-142.85,1507.15,9,9,1,2,0.0
13,preserve_safety_net,2024-02-01T01:00:00+02:00,75508.75,85003.75,39,27,4,117,20395.5
13,preserve_safety_net,2024-03-01T01:00:00+02:00,-195.0,0.0,1,1,0,0,0.0
13,preserve_safety_net,2024-04-01T01:00:00+03:00,-160.0,0.0,1,1,0,0,0.0
13,preserve_safety_net,2024-05-01T01:00:00+03:00,-145.6,1594.4,10,10,1,2,0.0
13,preserve_safety_net,2024-06-03T01:00:00+03:00,-130.1,519.9,1,1,0,1,0.0
13,preserve_safety_net,2024-07-01T01:00:00+03:00,-160.0,0.0,1,1,0,0,0.0
13,rush_to_uncapped,2020-01-02T01:00:00+02:00,-195.0,0.0,1,1,0,0,0.0
13,rush_to_uncapped,2020-02-03T01:00:00+02:00,-245.0,1500.0,5,5,1,3,0.0
13,rush_to_uncapped,2020-03-02T01:00:00+02:00,-160.0,0.0,1,1,0,0,0.0
13,rush_to_uncapped,2020-04-01T01:00:00+03:00,-175.0,1500.0,5,5,1,3,0.0
13,rush_to_uncapped,2020-05-01T01:00:00+03:00,-140.0,1500.0,5,5,1,3,0.0
13,rush_to_uncapped,2020-06-01T01:00:00+03:00,-230.0,0.0,1,1,0,0,0.0
13,rush_to_uncapped,2020-07-01T01:00:00+03:00,-195.0,0.0,1,1,0,0,0.0
13,rush_to_uncapped,2020-08-03T01:00:00+03:00,-160.0,0.0,1,1,0,0,0.0
13,rush_to_uncapped,2020-09-01T01:00:00+03:00,-230.0,0.0,1,1,0,0,0.0
13,rush_to_uncapped,2020-10-01T01:00:00+03:00,-195.0,0.0,1,1,0,0,0.0
13,rush_to_uncapped,2020-11-02T01:00:00+02:00,-160.0,0.0,1,1,0,0,0.0
13,rush_to_uncapped,2020-12-01T01:00:00+02:00,-195.0,0.0,1,1,0,0,0.0
13,rush_to_uncapped,2021-01-04T01:00:00+02:00,-160.0,0.0,1,1,0,0,0.0
13,rush_to_uncapped,2021-02-01T01:00:00+02:00,-160.0,0.0,1,1,0,0,0.0
13,rush_to_uncapped,2021-03-01T01:00:00+02:00,-195.0,0.0,1,1,0,0,0.0
13,rush_to_uncapped,2021-04-01T01:00:00+03:00,-160.0,0.0,1,1,0,0,0.0
13,rush_to_uncapped,2021-05-03T01:00:00+03:00,-220.0,500.0,1,1,0,1,0.0
13,rush_to_uncapped,2021-06-01T01:00:00+03:00,-185.0,500.0,1,1,0,1,0.0
13,rush_to_uncapped,2021-07-01T01:00:00+03:00,-150.0,500.0,1,1,0,1,0.0
13,rush_to_uncapped,2021-08-02T01:00:00+03:00,-195.0,0.0,1,1,0,0,0.0
13,rush_to_uncapped,2021-09-01T01:00:00+03:00,-160.0,0.0,1,1,0,0,0.0
13,rush_to_uncapped,2021-10-01T01:00:00+03:00,-150.0,500.0,1,1,0,1,0.0
13,rush_to_uncapped,2021-11-01T01:00:00+02:00,-160.0,0.0,1,1,0,0,0.0
13,rush_to_uncapped,2021-12-01T01:00:00+02:00,-220.0,500.0,1,1,0,1,0.0
13,rush_to_uncapped,2022-01-03T01:00:00+02:00,-185.0,500.0,1,1,0,1,0.0
13,rush_to_uncapped,2022-02-01T01:00:00+02:00,-150.0,500.0,1,1,0,1,0.0
13,rush_to_uncapped,2022-03-01T01:00:00+02:00,-195.0,0.0,1,1,0,0,0.0
13,rush_to_uncapped,2022-04-01T01:00:00+03:00,-160.0,0.0,1,1,0,0,0.0
13,rush_to_uncapped,2022-05-02T01:00:00+03:00,-220.0,2000.0,13,13,1,4,0.0
13,rush_to_uncapped,2022-06-01T01:00:00+03:00,-185.0,2000.0,13,13,1,4,0.0
13,rush_to_uncapped,2022-07-01T01:00:00+03:00,-150.0,2000.0,13,13,1,4,0.0
13,rush_to_uncapped,2022-08-01T01:00:00+03:00,-160.0,0.0,1,1,0,0,0.0
13,rush_to_uncapped,2022-09-01T01:00:00+03:00,-195.0,0.0,1,1,0,0,0.0
13,rush_to_uncapped,2022-10-03T01:00:00+03:00,-160.0,0.0,1,1,0,0,0.0
13,rush_to_uncapped,2022-11-01T01:00:00+02:00,-285.0,1500.0,7,7,1,3,0.0
13,rush_to_uncapped,2022-12-01T01:00:00+02:00,-250.0,1500.0,7,7,1,3,0.0
13,rush_to_uncapped,2023-01-03T01:00:00+02:00,-265.0,0.0,1,1,0,0,0.0
13,rush_to_uncapped,2023-02-01T01:00:00+02:00,-230.0,0.0,1,1,0,0,0.0
13,rush_to_uncapped,2023-03-01T01:00:00+02:00,-145.0,1500.0,7,7,1,3,0.0
13,rush_to_uncapped,2023-04-03T01:00:00+03:00,-160.0,0.0,1,1,0,0,0.0
13,rush_to_uncapped,2023-05-01T01:00:00+03:00,-195.0,0.0,1,1,0,0,0.0
13,rush_to_uncapped,2023-06-01T01:00:00+03:00,-160.0,0.0,1,1,0,0,0.0
13,rush_to_uncapped,2023-07-03T01:00:00+03:00,-160.0,0.0,1,1,0,0,0.0
13,rush_to_uncapped,2023-08-01T01:00:00+03:00,35965.47,46715.47,51,42,7,86,10217.7
13,rush_to_uncapped,2023-09-01T01:00:00+03:00,54036.16,67631.16,62,49,10,112,3847.7
13,rush_to_uncapped,2023-10-02T01:00:00+03:00,33955.47,46715.47,64,51,8,86,132.25
13,rush_to_uncapped,2023-11-01T01:00:00+02:00,40490.47,53215.47,64,51,8,99,23458.8
13,rush_to_uncapped,2023-12-01T01:00:00+02:00,53525.47,66215.47,64,51,8,125,17846.05
13,rush_to_uncapped,2024-01-02T01:00:00+02:00,-160.0,1500.0,6,6,1,3,0.0
13,rush_to_uncapped,2024-02-01T01:00:00+02:00,64380.83,77320.83,59,54,10,136,2088.95
13,rush_to_uncapped,2024-03-01T01:00:00+02:00,-195.0,0.0,1,1,0,0,0.0
13,rush_to_uncapped,2024-04-01T01:00:00+03:00,-160.0,0.0,1,1,0,0,0.0
13,rush_to_uncapped,2024-05-01T01:00:00+03:00,-150.0,1500.0,9,9,2,3,0.0
13,rush_to_uncapped,2024-06-03T01:00:00+03:00,-150.0,1000.0,5,5,1,2,0.0
13,rush_to_uncapped,2024-07-01T01:00:00+03:00,-160.0,0.0,1,1,0,0,0.0
14,cap_maximizer,2020-01-02T01:00:00+02:00,-195.0,0.0,1,1,0,0,0.0
14,cap_maximizer,2020-02-03T01:00:00+02:00,-255.0,1500.0,2,2,0,1,0.0
14,cap_maximizer,2020-03-02T01:00:00+02:00,-160.0,0.0,1,1,0,0,0.0
14,cap_maximizer,2020-04-01T01:00:00+03:00,-185.0,1500.0,2,2,0,1,0.0
14,cap_maximizer,2020-05-01T01:00:00+03:00,-150.0,1500.0,2,2,0,1,0.0
14,cap_maximizer,2020-06-01T01:00:00+03:00,-230.0,0.0,1,1,0,0,0.0
14,cap_maximizer,2020-07-01T01:00:00+03:00,-195.0,0.0,1,1,0,0,0.0
14,cap_maximizer,2020-08-03T01:00:00+03:00,-160.0,0.0,1,1,0,0,0.0
14,cap_maximizer,2020-09-01T01:00:00+03:00,-230.0,0.0,1,1,0,0,0.0
14,cap_maximizer,2020-10-01T01:00:00+03:00,-195.0,0.0,1,1,0,0,0.0
14,cap_maximizer,2020-11-02T01:00:00+02:00,-160.0,0.0,1,1,0,0,0.0
14,cap_maximizer,2020-12-01T01:00:00+02:00,-195.0,0.0,1,1,0,0,0.0
14,cap_maximizer,2021-01-04T01:00:00+02:00,-160.0,0.0,1,1,0,0,0.0
14,cap_maximizer,2021-02-01T01:00:00+02:00,-160.0,0.0,1,1,0,0,0.0
14,cap_maximizer,2021-03-01T01:00:00+02:00,-195.0,0.0,1,1,0,0,0.0
14,cap_maximizer,2021-04-01T01:00:00+03:00,-160.0,0.0,1,1,0,0,0.0
14,cap_maximizer,2021-05-03T01:00:00+03:00,-230.0,0.0,1,1,0,0,0.0
14,cap_maximizer,2021-06-01T01:00:00+03:00,-195.0,0.0,1,1,0,0,0.0
14,cap_maximizer,2021-07-01T01:00:00+03:00,-160.0,0.0,1,1,0,0,0.0
14,cap_maximizer,2021-08-02T01:00:00+03:00,-195.0,0.0,1,1,0,0,0.0
14,cap_maximizer,2021-09-01T01:00:00+03:00,-160.0,0.0,1,1,0,0,0.0
14,cap_maximizer,2021-10-01T01:00:00+03:00,-160.0,0.0,1,1,0,0,0.0
14,cap_maximizer,2021-11-01T01:00:00+02:00,-160.0,0.0,1,1,0,0,0.0
14,cap_maximizer,2021-12-01T01:00:00+02:00,-200.0,1500.0,1,1,0,1,0.0
14,cap_maximizer,2022-01-03T01:00:00+02:00,-185.0,1500.0,2,2,0,1,0.0
14,cap_maximizer,2022-02-01T01:00:00+02:00,-150.0,1500.0,2,2,0,1,0.0
14,cap_maximizer,2022-03-01T01:00:00+02:00,-195.0,0.0,1,1,0,0,0.0
14,cap_maximizer,2022-04-01T01:00:00+03:00,-160.0,0.0,1,1,0,0,0.0
14,cap_maximizer,2022-05-02T01:00:00+03:00,-220.0,1500.0,2,2,0,1,0.0
14,cap_maximizer,2022-06-01T01:00:00+03:00,-185.0,1500.0,2,2,0,1,0.0
14,cap_maximizer,2022-07-01T01:00:00+03:00,-150.0,1500.0,2,2,0,1,0.0
14,cap_maximizer,2022-08-01T01:00:00+03:00,-160.0,0.0,1,1,0,0,0.0
14,cap_maximizer,2022-09-01T01:00:00+03:00,-195.0,0.0,1,1,0,0,0.0
14,cap_maximizer,2022-10-03T01:00:00+03:00,-160.0,0.0,1,1,0,0,0.0
14,cap_maximizer,2022-11-01T01:00:00+02:00,-270.0,1500.0,1,1,0,1,0.0
14,cap_maximizer,2022-12-01T01:00:00+02:00,-235.0,1500.0,1,1,0,1,0.0
14,cap_maximizer,2023-01-03T01:00:00+02:00,-265.0,0.0,1,1,0,0,0.0
14,cap_maximizer,2023-02-01T01:00:00+02:00,-230.0,0.0,1,1,0,0,0.0
14,cap_maximizer,2023-03-01T01:00:00+02:00,-130.0,1500.0,1,1,0,1,0.0
14,cap_maximizer,2023-04-03T01:00:00+03:00,-160.0,0.0,1,1,0,0,0.0
14,cap_maximizer,2023-05-01T01:00:00+03:00,-195.0,0.0,1,1,0,0,0.0
14,cap_maximizer,2023-06-01T01:00:00+03:00,-160.0,0.0,1,1,0,0,0.0
14,cap_maximizer,2023-07-03T01:00:00+03:00,-160.0,0.0,1,1,0,0,0.0
14,cap_maximizer,2023-08-01T01:00:00+03:00,-290.0,3000.0,14,14,1,2,0.0
14,cap_maximizer,2023-09-01T01:00:00+03:00,-220.0,3000.0,14,14,1,2,0.0
14,cap_maximizer,2023-10-02T01:00:00+03:00,56255.0,67500.0,46,32,5,45,-311.65
14,cap_maximizer,2023-11-01T01:00:00+02:00,56290.0,67500.0,46,32,5,45,31809.25
14,cap_maximizer,2023-12-01T01:00:00+02:00,77325.0,88500.0,46,32,5,59,18764.75
14,cap_maximizer,2024-01-02T01:00:00+02:00,90620.0,103500.0,56,51,5,69,-2475.0
14,cap_maximizer,2024-02-01T01:00:00+02:00,74370.0,85500.0,49,47,9,57,1026.2
14,cap_maximizer,2024-03-01T01:00:00+02:00,-195.0,0.0,1,1,0,0,0.0
14,cap_maximizer,2024-04-01T01:00:00+03:00,-160.0,0.0,1,1,0,0,0.0
14,cap_maximizer,2024-05-01T01:00:00+03:00,-150.0,1500.0,9,9,1,1,0.0
14,cap_maximizer,2024-06-03T01:00:00+03:00,79725.0,94500.0,65,52,7,63,22015.25
14,cap_maximizer,2024-07-01T01:00:00+03:00,-160.0,0.0,1,1,0,0,0.0
14,half_of_maximum,2020-01-02T01:00:00+02:00,-195.0,0.0,1,1,0,0,0.0
14,half_of_maximum,2020-02-03T01:00:00+02:00,-245.0,1500.0,5,5,1,3,0.0
14,half_of_maximum,2020-03-02T01:00:00+02:00,-160.0,0.0,1,1,0,0,0.0
14,half_of_maximum,2020-04-01T01:00:00+03:00,-175.0,1500.0,5,5,1,3,0.0
14,half_of_maximum,2020-05-01T01:00:00+03:00,-140.0,1500.0,5,5,1,3,0.0
14,half_of_maximum,2020-06-01T01:00:00+03:00,-230.0,0.0,1,1,0,0,0.0
14,half_of_maximum,2020-07-01T01:00:00+03:00,-195.0,0.0,1,1,0,0,0.0
14,half_of_maximum,2020-08-03T01:00:00+03:00,-160.0,0.0,1,1,0,0,0.0
14,half_of_maximum,2020-09-01T01:00:00+03:00,-230.0,0.0,1,1,0,0,0.0
14,half_of_maximum,2020-10-01T01:00:00+03:00,-195.0,0.0,1,1,0,0,0.0
14,half_of_maximum,2020-11-02T01:00:00+02:00,-160.0,0.0,1,1,0,0,0.0
14,half_of_maximum,2020-12-01T01:00:00+02:00,-195.0,0.0,1,1,0,0,0.0
14,half_of_maximum,2021-01-04T01:00:00+02:00,-160.0,0.0,1,1,0,0,0.0
14,half_of_maximum,2021-02-01T01:00:00+02:00,-160.0,0.0,1,1,0,0,0.0
14,half_of_maximum,2021-03-01T01:00:00+02:00,-195.0,0.0,1,1,0,0,0.0
14,half_of_maximum,2021-04-01T01:00:00+03:00,-160.0,0.0,1,1,0,0,0.0
14,half_of_maximum,2021-05-03T01:00:00+03:00,-220.0,500.0,1,1,0,1,0.0
14,half_of_maximum,2021-06-01T01:00:00+03:00,-185.0,500.0,1,1,0,1,0.0
14,half_of_maximum,2021-07-01T01:00:00+03:00,-150.0,500.0,1,1,0,1,0.0
14,half_of_maximum,2021-08-02T01:00:00+03:00,-195.0,0.0,1,1,0,0,0.0
14,half_of_maximum,2021-09-01T01:00:00+03:00,-160.0,0.0,1,1,0,0,0.0
14,half_of_maximum,2021-10-01T01:00:00+03:00,-150.0,500.0,1,1,0,1,0.0
14,half_of_maximum,2021-11-01T01:00:00+02:00,-160.0,0.0,1,1,0,0,0.0
14,half_of_maximum,2021-12-01T01:00:00+02:00,-220.0,500.0,1,1,0,1,0.0
14,half_of_maximum,2022-01-03T01:00:00+02:00,-185.0,500.0,1,1,0,1,0.0
14,half_of_maximum,2022-02-01T01:00:00+02:00,-150.0,500.0,1,1,0,1,0.0
14,half_of_maximum,2022-03-01T01:00:00+02:00,-195.0,0.0,1,1,0,0,0.0
14,half_of_maximum,2022-04-01T01:00:00+03:00,-160.0,0.0,1,1,0,0,0.0
14,half_of_maximum,2022-05-02T01:00:00+03:00,-220.5,2264.5,14,14,1,4,0.0
14,half_of_maximum,2022-06-01T01:00:00+03:00,-185.5,2264.5,14,14,1,4,0.0
14,half_of_maximum,2022-07-01T01:00:00+03:00,-150.5,2264.5,14,14,1,4,0.0
14,half_of_maximum,2022-08-01T01:00:00+03:00,-160.0,0.0,1,1,0,0,0.0
14,half_of_maximum,2022-09-01T01:00:00+03:00,-195.0,0.0,1,1,0,0,0.0
14,half_of_maximum,2022-10-03T01:00:00+03:00,-160.0,0.0,1,1,0,0,0.0
14,half_of_maximum,2022-11-01T01:00:00+02:00,-300.0,1500.0,6,6,1,3,0.0
14,half_of_maximum,2022-12-01T01:00:00+02:00,-265.0,1500.0,6,6,1,3,0.0
14,half_of_maximum,2023-01-03T01:00:00+02:00,-265.0,0.0,1,1,0,0,0.0
14,half_of_maximum,2023-02-01T01:00:00+02:00,-230.0,0.0,1,1,0,0,0.0
14,half_of_maximum,2023-03-01T01:00:00+02:00,-160.0,1500.0,6,6,1,3,0.0
14,half_of_maximum,2023-04-03T01:00:00+03:00,-160.0,0.0,1,1,0,0,0.0
14,half_of_maximum,2023-05-01T01:00:00+03:00,-195.0,0.0,1,1,0,0,0.0
14,half_of_maximum,2023-06-01T01:00:00+03:00,-160.0,0.0,1,1,0,0,0.0
14,half_of_maximum,2023-07-03T01:00:00+03:00,-160.0,0.0,1,1,0,0,0.0
14,half_of_maximum,2023-08-01T01:00:00+03:00,62379.54,73944.54,55,51,6,122,4541.2
14,half_of_maximum,2023-09-01T01:00:00+03:00,-220.0,3000.0,14,14,1,5,0.0
14,half_of_maximum,2023-10-02T01:00:00+03:00,60203.94,73938.94,69,55,7,122,-427.95
14,half_of_maximum,2023-11-01T01:00:00+02:00,67238.94,80938.94,69,55,7,136,24692.95
14,half_of_maximum,2023-12-01T01:00:00+02:00,83708.89,97373.89,69,55,7,164,16213.5
14,half_of_maximum,2024-01-02T01:00:00+02:00,-156.43,1503.57,6,6,1,3,0.0
14,half_of_maximum,2024-02-01T01:00:00+02:00,76225.04,90000.04,64,60,10,148,1886.5
14,half_of_maximum,2024-03-01T01:00:00+02:00,-195.0,0.0,1,1,0,0,0.0
14,half_of_maximum,2024-04-01T01:00:00+03:00,-160.0,0.0,1,1,0,0,0.0
14,half_of_maximum,2024-05-01T01:00:00+03:00,-140.9,1724.1,11,11,2,3,0.0
14,half_of_maximum,2024-06-03T01:00:00+03:00,-150.0,1000.0,5,5,1,2,0.0
14,half_of_maximum,2024-07-01T01:00:00+03:00,-160.0,0.0,1,1,0,0,0.0
14,maximum_always,2020-01-02T01:00:00+02:00,-195.0,0.0,1,1,0,0,0.0
14,maximum_always,2020-02-03T01:00:00+02:00,-250.15,1449.85,1,1,0,2,0.0
14,maximum_always,2020-03-02T01:00:00+02:00,-160.0,0.0,1,1,0,0,0.0
14,maximum_always,2020-04-01T01:00:00+03:00,-168.2,1496.8,1,1,0,2,0.0
14,maximum_always,2020-05-01T01:00:00+03:00,-133.2,1496.8,1,1,0,2,0.0
14,maximum_always,2020-06-01T01:00:00+03:00,-230.0,0.0,1,1,0,0,0.0
14,maximum_always,2020-07-01T01:00:00+03:00,-195.0,0.0,1,1,0,0,0.0
14,maximum_always,2020-08-03T01:00:00+03:00,-160.0,0.0,1,1,0,0,0.0
14,maximum_always,2020-09-01T01:00:00+03:00,-230.0,0.0,1,1,0,0,0.0
14,maximum_always,2020-10-01T01:00:00+03:00,-195.0,0.0,1,1,0,0,0.0
14,maximum_always,2020-11-02T01:00:00+02:00,-160.0,0.0,1,1,0,0,0.0
14,maximum_always,2020-12-01T01:00:00+02:00,-195.0,0.0,1,1,0,0,0.0
14,maximum_always,2021-01-04T01:00:00+02:00,-160.0,0.0,1,1,0,0,0.0
14,maximum_always,2021-02-01T01:00:00+02:00,-160.0,0.0,1,1,0,0,0.0
14,maximum_always,2021-03-01T01:00:00+02:00,-195.0,0.0,1,1,0,0,0.0
14,maximum_always,2021-04-01T01:00:00+03:00,-160.0,0.0,1,1,0,0,0.0
14,maximum_always,2021-05-03T01:00:00+03:00,-214.45,770.55,2,2,0,1,0.0
14,maximum_always,2021-06-01T01:00:00+03:00,-179.45,770.55,2,2,0,1,0.0
14,maximum_always,2021-07-01T01:00:00+03:00,-144.45,770.55,2,2,0,1,0.0
14,maximum_always,2021-08-02T01:00:00+03:00,-195.0,0.0,1,1,0,0,0.0
14,maximum_always,2021-09-01T01:00:00+03:00,-160.0,0.0,1,1,0,0,0.0
14,maximum_always,2021-10-01T01:00:00+03:00,-149.1,500.9,1,1,0,1,0.0
14,maximum_always,2021-11-01T01:00:00+02:00,-160.0,0.0,1,1,0,0,0.0
14,maximum_always,2021-12-01T01:00:00+02:00,-203.1,641.9,2,2,0,1,0.0
14,maximum_always,2022-01-03T01:00:00+02:00,-167.35,517.65,1,1,0,1,0.0
14,maximum_always,2022-02-01T01:00:00+02:00,-132.35,517.65,1,1,0,1,0.0
14,maximum_always,2022-03-01T01:00:00+02:00,-195.0,0.0,1,1,0,0,0.0
14,maximum_always,2022-04-01T01:00:00+03:00,-160.0,0.0,1,1,0,0,0.0
14,maximum_always,2022-05-02T01:00:00+03:00,-227.65,2062.35,13,13,1,3,0.0
14,maximum_always,2022-06-01T01:00:00+03:00,-192.65,2062.35,13,13,1,3,0.0
14,maximum_always,2022-07-01T01:00:00+03:00,-157.65,2062.35,13,13,1,3,0.0
14,maximum_always,2022-08-01T01:00:00+03:00,-160.0,0.0,1,1,0,0,0.0
14,maximum_always,2022-09-01T01:00:00+03:00,-195.0,0.0,1,1,0,0,0.0
14,maximum_always,2022-10-03T01:00:00+03:00,-160.0,0.0,1,1,0,0,0.0
14,maximum_always,2022-11-01T01:00:00+02:00,-282.5,1217.5,5,5,1,2,0.0
14,maximum_always,2022-12-01T01:00:00+02:00,-247.5,1217.5,5,5,1,2,0.0
14,maximum_always,2023-01-03T01:00:00+02:00,-265.0,0.0,1,1,0,0,0.0
14,maximum_always,2023-02-01T01:00:00+02:00,-230.0,0.0,1,1,0,0,0.0
14,maximum_always,2023-03-01T01:00:00+02:00,-142.5,1217.5,5,5,1,2,0.0
14,maximum_always,2023-04-03T01:00:00+03:00,-160.0,0.0,1,1,0,0,0.0
14,maximum_always,2023-05-01T01:00:00+03:00,-195.0,0.0,1,1,0,0,0.0
14,maximum_always,2023-06-01T01:00:00+03:00,-160.0,0.0,1,1,0,0,0.0
14,maximum_always,2023-07-03T01:00:00+03:00,-160.0,0.0,1,1,0,0,0.0
14,maximum_always,2023-08-01T01:00:00+03:00,66435.7,78700.7,55,55,8,101,0.0
14,maximum_always,2023-09-01T01:00:00+03:00,-222.4,3507.6,15,15,1,4,0.0
14,maximum_always,2023-10-02T01:00:00+03:00,56844.9,71279.9,69,55,9,90,-383.1
14,maximum_always,2023-11-01T01:00:00+02:00,65373.6,79773.6,69,55,9,104,23244.1
14,maximum_always,2023-12-01T01:00:00+02:00,88736.0,103591.0,69,69,10,132,0.0
14,maximum_always,2024-01-02T01:00:00+02:00,-132.85,2007.15,9,9,1,3,0.0
14,maximum_always,2024-02-01T01:00:00+02:00,76890.5,90630.5,57,57,7,116,0.0
14,maximum_always,2024-03-01T01:00:00+02:00,-195.0,0.0,1,1,0,0,0.0
14,maximum_always,2024-04-01T01:00:00+03:00,-160.0,0.0,1,1,0,0,0.0
14,maximum_always,2024-05-01T01:00:00+03:00,-141.8,2448.2,14,14,2,3,0.0
14,maximum_always,2024-06-03T01:00:00+03:00,-156.5,688.5,2,2,0,1,0.0
14,maximum_always,2024-07-01T01:00:00+03:00,-160.0,0.0,1,1,0,0,0.0
14,minimum_500_always,2020-01-02T01:00:00+02:00,-195.0,0.0,1,1,0,0,0.0
14,minimum_500_always,2020-02-03T01:00:00+02:00,-245.0,1500.0,5,5,1,3,0.0
14,minimum_500_always,2020-03-02T01:00:00+02:00,-160.0,0.0,1,1,0,0,0.0
14,minimum_500_always,2020-04-01T01:00:00+03:00,-175.0,1500.0,5,5,1,3,0.0
14,minimum_500_always,2020-05-01T01:00:00+03:00,-140.0,1500.0,5,5,1,3,0.0
14,minimum_500_always,2020-06-01T01:00:00+03:00,-230.0,0.0,1,1,0,0,0.0
14,minimum_500_always,2020-07-01T01:00:00+03:00,-195.0,0.0,1,1,0,0,0.0
14,minimum_500_always,2020-08-03T01:00:00+03:00,-160.0,0.0,1,1,0,0,0.0
14,minimum_500_always,2020-09-01T01:00:00+03:00,-230.0,0.0,1,1,0,0,0.0
14,minimum_500_always,2020-10-01T01:00:00+03:00,-195.0,0.0,1,1,0,0,0.0
14,minimum_500_always,2020-11-02T01:00:00+02:00,-160.0,0.0,1,1,0,0,0.0
14,minimum_500_always,2020-12-01T01:00:00+02:00,-195.0,0.0,1,1,0,0,0.0
14,minimum_500_always,2021-01-04T01:00:00+02:00,-160.0,0.0,1,1,0,0,0.0
14,minimum_500_always,2021-02-01T01:00:00+02:00,-160.0,0.0,1,1,0,0,0.0
14,minimum_500_always,2021-03-01T01:00:00+02:00,-195.0,0.0,1,1,0,0,0.0
14,minimum_500_always,2021-04-01T01:00:00+03:00,-160.0,0.0,1,1,0,0,0.0
14,minimum_500_always,2021-05-03T01:00:00+03:00,-220.0,500.0,1,1,0,1,0.0
14,minimum_500_always,2021-06-01T01:00:00+03:00,-185.0,500.0,1,1,0,1,0.0
14,minimum_500_always,2021-07-01T01:00:00+03:00,-150.0,500.0,1,1,0,1,0.0
14,minimum_500_always,2021-08-02T01:00:00+03:00,-195.0,0.0,1,1,0,0,0.0
14,minimum_500_always,2021-09-01T01:00:00+03:00,-160.0,0.0,1,1,0,0,0.0
14,minimum_500_always,2021-10-01T01:00:00+03:00,-150.0,500.0,1,1,0,1,0.0
14,minimum_500_always,2021-11-01T01:00:00+02:00,-160.0,0.0,1,1,0,0,0.0
14,minimum_500_always,2021-12-01T01:00:00+02:00,-220.0,500.0,1,1,0,1,0.0
14,minimum_500_always,2022-01-03T01:00:00+02:00,-185.0,500.0,1,1,0,1,0.0
14,minimum_500_always,2022-02-01T01:00:00+02:00,-150.0,500.0,1,1,0,1,0.0
14,minimum_500_always,2022-03-01T01:00:00+02:00,-195.0,0.0,1,1,0,0,0.0
14,minimum_500_always,2022-04-01T01:00:00+03:00,-160.0,0.0,1,1,0,0,0.0
14,minimum_500_always,2022-05-02T01:00:00+03:00,-220.0,2000.0,13,13,1,4,0.0
14,minimum_500_always,2022-06-01T01:00:00+03:00,-185.0,2000.0,13,13,1,4,0.0
14,minimum_500_always,2022-07-01T01:00:00+03:00,-150.0,2000.0,13,13,1,4,0.0
14,minimum_500_always,2022-08-01T01:00:00+03:00,-160.0,0.0,1,1,0,0,0.0
14,minimum_500_always,2022-09-01T01:00:00+03:00,-195.0,0.0,1,1,0,0,0.0
14,minimum_500_always,2022-10-03T01:00:00+03:00,-160.0,0.0,1,1,0,0,0.0
14,minimum_500_always,2022-11-01T01:00:00+02:00,-300.0,1500.0,6,6,1,3,0.0
14,minimum_500_always,2022-12-01T01:00:00+02:00,-265.0,1500.0,6,6,1,3,0.0
14,minimum_500_always,2023-01-03T01:00:00+02:00,-265.0,0.0,1,1,0,0,0.0
14,minimum_500_always,2023-02-01T01:00:00+02:00,-230.0,0.0,1,1,0,0,0.0
14,minimum_500_always,2023-03-01T01:00:00+02:00,-160.0,1500.0,6,6,1,3,0.0
14,minimum_500_always,2023-04-03T01:00:00+03:00,-160.0,0.0,1,1,0,0,0.0
14,minimum_500_always,2023-05-01T01:00:00+03:00,-195.0,0.0,1,1,0,0,0.0
14,minimum_500_always,2023-06-01T01:00:00+03:00,-160.0,0.0,1,1,0,0,0.0
14,minimum_500_always,2023-07-03T01:00:00+03:00,-160.0,0.0,1,1,0,0,0.0
14,minimum_500_always,2023-08-01T01:00:00+03:00,-300.0,3500.0,22,22,2,7,0.0
14,minimum_500_always,2023-09-01T01:00:00+03:00,64740.0,77500.0,64,50,8,155,4213.7
14,minimum_500_always,2023-10-02T01:00:00+03:00,-230.0,3500.0,22,22,2,7,0.0
14,minimum_500_always,2023-11-01T01:00:00+02:00,-195.0,3500.0,22,22,2,7,0.0
14,minimum_500_always,2023-12-01T01:00:00+02:00,-160.0,3500.0,22,22,2,7,0.0
14,minimum_500_always,2024-01-02T01:00:00+02:00,-160.0,1500.0,6,6,1,3,0.0
14,minimum_500_always,2024-02-01T01:00:00+02:00,76275.0,89000.0,64,58,9,178,2602.05
14,minimum_500_always,2024-03-01T01:00:00+02:00,-195.0,0.0,1,1,0,0,0.0
14,minimum_500_always,2024-04-01T01:00:00+03:00,-160.0,0.0,1,1,0,0,0.0
14,minimum_500_always,2024-05-01T01:00:00+03:00,-150.0,1500.0,9,9,2,3,0.0
14,minimum_500_always,2024-06-03T01:00:00+03:00,-150.0,1000.0,5,5,1,2,0.0
14,minimum_500_always,2024-07-01T01:00:00+03:00,-160.0,0.0,1,1,0,0,0.0
14,preserve_safety_net,2020-01-02T01:00:00+02:00,-195.0,0.0,1,1,0,0,0.0
14,preserve_safety_net,2020-02-03T01:00:00+02:00,-262.4,1162.6,3,3,1,2,0.0
14,preserve_safety_net,2020-03-02T01:00:00+02:00,-160.0,0.0,1,1,0,0,0.0
14,preserve_safety_net,2020-04-01T01:00:00+03:00,-165.45,1209.55,4,4,1,2,0.0
14,preserve_safety_net,2020-05-01T01:00:00+03:00,-130.45,1209.55,4,4,1,2,0.0
14,preserve_safety_net,2020-06-01T01:00:00+03:00,-230.0,0.0,1,1,0,0,0.0
14,preserve_safety_net,2020-07-01T01:00:00+03:00,-195.0,0.0,1,1,0,0,0.0
14,preserve_safety_net,2020-08-03T01:00:00+03:00,-160.0,0.0,1,1,0,0,0.0
14,preserve_safety_net,2020-09-01T01:00:00+03:00,-230.0,0.0,1,1,0,0,0.0
14,preserve_safety_net,2020-10-01T01:00:00+03:00,-195.0,0.0,1,1,0,0,0.0
14,preserve_safety_net,2020-11-02T01:00:00+02:00,-160.0,0.0,1,1,0,0,0.0
14,preserve_safety_net,2020-12-01T01:00:00+02:00,-195.0,0.0,1,1,0,0,0.0
14,preserve_safety_net,2021-01-04T01:00:00+02:00,-160.0,0.0,1,1,0,0,0.0
14,preserve_safety_net,2021-02-01T01:00:00+02:00,-160.0,0.0,1,1,0,0,0.0
14,preserve_safety_net,2021-03-01T01:00:00+02:00,-195.0,0.0,1,1,0,0,0.0
14,preserve_safety_net,2021-04-01T01:00:00+03:00,-160.0,0.0,1,1,0,0,0.0
14,preserve_safety_net,2021-05-03T01:00:00+03:00,-230.0,0.0,1,1,0,0,0.0
14,preserve_safety_net,2021-06-01T01:00:00+03:00,-195.0,0.0,1,1,0,0,0.0
14,preserve_safety_net,2021-07-01T01:00:00+03:00,-160.0,0.0,1,1,0,0,0.0
14,preserve_safety_net,2021-08-02T01:00:00+03:00,-195.0,0.0,1,1,0,0,0.0
14,preserve_safety_net,2021-09-01T01:00:00+03:00,-160.0,0.0,1,1,0,0,0.0
14,preserve_safety_net,2021-10-01T01:00:00+03:00,-160.0,0.0,1,1,0,0,0.0
14,preserve_safety_net,2021-11-01T01:00:00+02:00,-160.0,0.0,1,1,0,0,0.0
14,preserve_safety_net,2021-12-01T01:00:00+02:00,-229.45,705.55,3,3,1,1,0.0
14,preserve_safety_net,2022-01-03T01:00:00+02:00,-160.85,559.15,1,1,0,1,0.0
14,preserve_safety_net,2022-02-01T01:00:00+02:00,-125.85,559.15,1,1,0,1,0.0
14,preserve_safety_net,2022-03-01T01:00:00+02:00,-195.0,0.0,1,1,0,0,0.0
14,preserve_safety_net,2022-04-01T01:00:00+03:00,-160.0,0.0,1,1,0,0,0.0
14,preserve_safety_net,2022-05-02T01:00:00+03:00,-214.45,1755.55,11,11,1,3,0.0
14,preserve_safety_net,2022-06-01T01:00:00+03:00,-179.45,1755.55,11,11,1,3,0.0
14,preserve_safety_net,2022-07-01T01:00:00+03:00,-144.45,1755.55,11,11,1,3,0.0
14,preserve_safety_net,2022-08-01T01:00:00+03:00,-160.0,0.0,1,1,0,0,0.0
14,preserve_safety_net,2022-09-01T01:00:00+03:00,-195.0,0.0,1,1,0,0,0.0
14,preserve_safety_net,2022-10-03T01:00:00+03:00,-160.0,0.0,1,1,0,0,0.0
14,preserve_safety_net,2022-11-01T01:00:00+02:00,-268.5,1056.5,5,5,1,2,0.0
14,preserve_safety_net,2022-12-01T01:00:00+02:00,-233.5,1056.5,5,5,1,2,0.0
14,preserve_safety_net,2023-01-03T01:00:00+02:00,-265.0,0.0,1,1,0,0,0.0
14,preserve_safety_net,2023-02-01T01:00:00+02:00,-230.0,0.0,1,1,0,0,0.0
14,preserve_safety_net,2023-03-01T01:00:00+02:00,-128.5,1056.5,5,5,1,2,0.0
14,preserve_safety_net,2023-04-03T01:00:00+03:00,-160.0,0.0,1,1,0,0,0.0
14,preserve_safety_net,2023-05-01T01:00:00+03:00,-195.0,0.0,1,1,0,0,0.0
14,preserve_safety_net,2023-06-01T01:00:00+03:00,-160.0,0.0,1,1,0,0,0.0
14,preserve_safety_net,2023-07-03T01:00:00+03:00,-160.0,0.0,1,1,0,0,0.0
14,preserve_safety_net,2023-08-01T01:00:00+03:00,79666.2,88776.2,39,38,5,116,1635.3
14,preserve_safety_net,2023-09-01T01:00:00+03:00,28167.85,40767.85,56,42,8,55,3695.1
14,preserve_safety_net,2023-10-02T01:00:00+03:00,77960.85,88990.85,51,37,5,116,570.05
14,preserve_safety_net,2023-11-01T01:00:00+02:00,86088.55,97083.55,51,37,5,130,24598.25
14,preserve_safety_net,2023-12-01T01:00:00+02:00,95857.2,106817.2,51,37,5,145,22820.1
14,preserve_safety_net,2024-01-02T01:00:00+02:00,-142.85,1507.15,9,9,1,2,0.0
14,preserve_safety_net,2024-02-01T01:00:00+02:00,81153.15,91338.15,42,29,4,125,22057.35
14,preserve_safety_net,2024-03-01T01:00:00+02:00,-195.0,0.0,1,1,0,0,0.0
14,preserve_safety_net,2024-04-01T01:00:00+03:00,-160.0,0.0,1,1,0,0,0.0
14,preserve_safety_net,2024-05-01T01:00:00+03:00,-145.6,1594.4,10,10,1,2,0.0
14,preserve_safety_net,2024-06-03T01:00:00+03:00,-130.1,519.9,1,1,0,1,0.0
14,preserve_safety_net,2024-07-01T01:00:00+03:00,-160.0,0.0,1,1,0,0,0.0
14,rush_to_uncapped,2020-01-02T01:00:00+02:00,-195.0,0.0,1,1,0,0,0.0
14,rush_to_uncapped,2020-02-03T01:00:00+02:00,-245.0,1500.0,5,5,1,3,0.0
14,rush_to_uncapped,2020-03-02T01:00:00+02:00,-160.0,0.0,1,1,0,0,0.0
14,rush_to_uncapped,2020-04-01T01:00:00+03:00,-175.0,1500.0,5,5,1,3,0.0
14,rush_to_uncapped,2020-05-01T01:00:00+03:00,-140.0,1500.0,5,5,1,3,0.0
14,rush_to_uncapped,2020-06-01T01:00:00+03:00,-230.0,0.0,1,1,0,0,0.0
14,rush_to_uncapped,2020-07-01T01:00:00+03:00,-195.0,0.0,1,1,0,0,0.0
14,rush_to_uncapped,2020-08-03T01:00:00+03:00,-160.0,0.0,1,1,0,0,0.0
14,rush_to_uncapped,2020-09-01T01:00:00+03:00,-230.0,0.0,1,1,0,0,0.0
14,rush_to_uncapped,2020-10-01T01:00:00+03:00,-195.0,0.0,1,1,0,0,0.0
14,rush_to_uncapped,2020-11-02T01:00:00+02:00,-160.0,0.0,1,1,0,0,0.0
14,rush_to_uncapped,2020-12-01T01:00:00+02:00,-195.0,0.0,1,1,0,0,0.0
14,rush_to_uncapped,2021-01-04T01:00:00+02:00,-160.0,0.0,1,1,0,0,0.0
14,rush_to_uncapped,2021-02-01T01:00:00+02:00,-160.0,0.0,1,1,0,0,0.0
14,rush_to_uncapped,2021-03-01T01:00:00+02:00,-195.0,0.0,1,1,0,0,0.0
14,rush_to_uncapped,2021-04-01T01:00:00+03:00,-160.0,0.0,1,1,0,0,0.0
14,rush_to_uncapped,2021-05-03T01:00:00+03:00,-220.0,500.0,1,1,0,1,0.0
14,rush_to_uncapped,2021-06-01T01:00:00+03:00,-185.0,500.0,1,1,0,1,0.0
14,rush_to_uncapped,2021-07-01T01:00:00+03:00,-150.0,500.0,1,1,0,1,0.0
14,rush_to_uncapped,2021-08-02T01:00:00+03:00,-195.0,0.0,1,1,0,0,0.0
14,rush_to_uncapped,2021-09-01T01:00:00+03:00,-160.0,0.0,1,1,0,0,0.0
14,rush_to_uncapped,2021-10-01T01:00:00+03:00,-150.0,500.0,1,1,0,1,0.0
14,rush_to_uncapped,2021-11-01T01:00:00+02:00,-160.0,0.0,1,1,0,0,0.0
14,rush_to_uncapped,2021-12-01T01:00:00+02:00,-220.0,500.0,1,1,0,1,0.0
14,rush_to_uncapped,2022-01-03T01:00:00+02:00,-185.0,500.0,1,1,0,1,0.0
14,rush_to_uncapped,2022-02-01T01:00:00+02:00,-150.0,500.0,1,1,0,1,0.0
14,rush_to_uncapped,2022-03-01T01:00:00+02:00,-195.0,0.0,1,1,0,0,0.0
14,rush_to_uncapped,2022-04-01T01:00:00+03:00,-160.0,0.0,1,1,0,0,0.0
14,rush_to_uncapped,2022-05-02T01:00:00+03:00,-220.0,2000.0,13,13,1,4,0.0
14,rush_to_uncapped,2022-06-01T01:00:00+03:00,-185.0,2000.0,13,13,1,4,0.0
14,rush_to_uncapped,2022-07-01T01:00:00+03:00,-150.0,2000.0,13,13,1,4,0.0
14,rush_to_uncapped,2022-08-01T01:00:00+03:00,-160.0,0.0,1,1,0,0,0.0
14,rush_to_uncapped,2022-09-01T01:00:00+03:00,-195.0,0.0,1,1,0,0,0.0
14,rush_to_uncapped,2022-10-03T01:00:00+03:00,-160.0,0.0,1,1,0,0,0.0
14,rush_to_uncapped,2022-11-01T01:00:00+02:00,-300.0,1500.0,6,6,1,3,0.0
14,rush_to_uncapped,2022-12-01T01:00:00+02:00,-265.0,1500.0,6,6,1,3,0.0
14,rush_to_uncapped,2023-01-03T01:00:00+02:00,-265.0,0.0,1,1,0,0,0.0
14,rush_to_uncapped,2023-02-01T01:00:00+02:00,-230.0,0.0,1,1,0,0,0.0
14,rush_to_uncapped,2023-03-01T01:00:00+02:00,-160.0,1500.0,6,6,1,3,0.0
14,rush_to_uncapped,2023-04-03T01:00:00+03:00,-160.0,0.0,1,1,0,0,0.0
14,rush_to_uncapped,2023-05-01T01:00:00+03:00,-195.0,0.0,1,1,0,0,0.0
14,rush_to_uncapped,2023-06-01T01:00:00+03:00,-160.0,0.0,1,1,0,0,0.0
14,rush_to_uncapped,2023-07-03T01:00:00+03:00,-160.0,0.0,1,1,0,0,0.0
14,rush_to_uncapped,2023-08-01T01:00:00+03:00,-300.0,3500.0,22,22,2,7,0.0
14,rush_to_uncapped,2023-09-01T01:00:00+03:00,54686.16,69131.16,66,52,10,115,4213.7
14,rush_to_uncapped,2023-10-02T01:00:00+03:00,-230.0,3500.0,22,22,2,7,0.0
14,rush_to_uncapped,2023-11-01T01:00:00+02:00,-195.0,3500.0,22,22,2,7,0.0
14,rush_to_uncapped,2023-12-01T01:00:00+02:00,-160.0,3500.0,22,22,2,7,0.0
14,rush_to_uncapped,2024-01-02T01:00:00+02:00,-160.0,1500.0,6,6,1,3,0.0
14,rush_to_uncapped,2024-02-01T01:00:00+02:00,69914.32,84059.32,65,59,11,147,2602.05
14,rush_to_uncapped,2024-03-01T01:00:00+02:00,-195.0,0.0,1,1,0,0,0.0
14,rush_to_uncapped,2024-04-01T01:00:00+03:00,-160.0,0.0,1,1,0,0,0.0
14,rush_to_uncapped,2024-05-01T01:00:00+03:00,-150.0,1500.0,9,9,2,3,0.0
14,rush_to_uncapped,2024-06-03T01:00:00+03:00,-150.0,1000.0,5,5,1,2,0.0
14,rush_to_uncapped,2024-07-01T01:00:00+03:00,-160.0,0.0,1,1,0,0,0.0
15,cap_maximizer,2020-01-02T01:00:00+02:00,-195.0,0.0,1,1,0,0,0.0
15,cap_maximizer,2020-02-03T01:00:00+02:00,-255.0,1500.0,2,2,0,1,0.0
15,cap_maximizer,2020-03-02T01:00:00+02:00,-160.0,0.0,1,1,0,0,0.0
15,cap_maximizer,2020-04-01T01:00:00+03:00,-185.0,1500.0,2,2,0,1,0.0
15,cap_maximizer,2020-05-01T01:00:00+03:00,-150.0,1500.0,2,2,0,1,0.0
15,cap_maximizer,2020-06-01T01:00:00+03:00,-230.0,0.0,1,1,0,0,0.0
15,cap_maximizer,2020-07-01T01:00:00+03:00,-195.0,0.0,1,1,0,0,0.0
15,cap_maximizer,2020-08-03T01:00:00+03:00,-160.0,0.0,1,1,0,0,0.0
15,cap_maximizer,2020-09-01T01:00:00+03:00,-230.0,0.0,1,1,0,0,0.0
15,cap_maximizer,2020-10-01T01:00:00+03:00,-195.0,0.0,1,1,0,0,0.0
15,cap_maximizer,2020-11-02T01:00:00+02:00,-160.0,0.0,1,1,0,0,0.0
15,cap_maximizer,2020-12-01T01:00:00+02:00,-195.0,0.0,1,1,0,0,0.0
15,cap_maximizer,2021-01-04T01:00:00+02:00,-160.0,0.0,1,1,0,0,0.0
15,cap_maximizer,2021-02-01T01:00:00+02:00,-160.0,0.0,1,1,0,0,0.0
15,cap_maximizer,2021-03-01T01:00:00+02:00,-195.0,0.0,1,1,0,0,0.0
15,cap_maximizer,2021-04-01T01:00:00+03:00,-160.0,0.0,1,1,0,0,0.0
15,cap_maximizer,2021-05-03T01:00:00+03:00,-230.0,0.0,1,1,0,0,0.0
15,cap_maximizer,2021-06-01T01:00:00+03:00,-195.0,0.0,1,1,0,0,0.0
15,cap_maximizer,2021-07-01T01:00:00+03:00,-160.0,0.0,1,1,0,0,0.0
15,cap_maximizer,2021-08-02T01:00:00+03:00,-195.0,0.0,1,1,0,0,0.0
15,cap_maximizer,2021-09-01T01:00:00+03:00,-160.0,0.0,1,1,0,0,0.0
15,cap_maximizer,2021-10-01T01:00:00+03:00,-160.0,0.0,1,1,0,0,0.0
15,cap_maximizer,2021-11-01T01:00:00+02:00,-160.0,0.0,1,1,0,0,0.0
15,cap_maximizer,2021-12-01T01:00:00+02:00,-200.0,1500.0,1,1,0,1,0.0
15,cap_maximizer,2022-01-03T01:00:00+02:00,-170.0,1500.0,3,3,1,1,0.0
15,cap_maximizer,2022-02-01T01:00:00+02:00,-135.0,1500.0,3,3,1,1,0.0
15,cap_maximizer,2022-03-01T01:00:00+02:00,-195.0,0.0,1,1,0,0,0.0
15,cap_maximizer,2022-04-01T01:00:00+03:00,-160.0,0.0,1,1,0,0,0.0
15,cap_maximizer,2022-05-02T01:00:00+03:00,-200.0,1500.0,1,1,0,1,0.0
15,cap_maximizer,2022-06-01T01:00:00+03:00,-165.0,1500.0,1,1,0,1,0.0
15,cap_maximizer,2022-07-01T01:00:00+03:00,-130.0,1500.0,1,1,0,1,0.0
15,cap_maximizer,2022-08-01T01:00:00+03:00,-160.0,0.0,1,1,0,0,0.0
15,cap_maximizer,2022-09-01T01:00:00+03:00,-195.0,0.0,1,1,0,0,0.0
15,cap_maximizer,2022-10-03T01:00:00+03:00,-160.0,0.0,1,1,0,0,0.0
15,cap_maximizer,2022-11-01T01:00:00+02:00,-270.0,1500.0,1,1,0,1,0.0
15,cap_maximizer,2022-12-01T01:00:00+02:00,-235.0,1500.0,1,1,0,1,0.0
15,cap_maximizer,2023-01-03T01:00:00+02:00,-265.0,0.0,1,1,0,0,0.0
15,cap_maximizer,2023-02-01T01:00:00+02:00,-230.0,0.0,1,1,0,0,0.0
15,cap_maximizer,2023-03-01T01:00:00+02:00,-130.0,1500.0,1,1,0,1,0.0
15,cap_maximizer,2023-04-03T01:00:00+03:00,-160.0,0.0,1,1,0,0,0.0
15,cap_maximizer,2023-05-01T01:00:00+03:00,-195.0,0.0,1,1,0,0,0.0
15,cap_maximizer,2023-06-01T01:00:00+03:00,-160.0,0.0,1,1,0,0,0.0
15,cap_maximizer,2023-07-03T01:00:00+03:00,-160.0,0.0,1,1,0,0,0.0
15,cap_maximizer,2023-08-01T01:00:00+03:00,-275.0,3000.0,15,15,1,2,0.0
15,cap_maximizer,2023-09-01T01:00:00+03:00,-205.0,3000.0,15,15,1,2,0.0
15,cap_maximizer,2023-10-02T01:00:00+03:00,59905.0,72000.0,50,35,5,48,-406.3
15,cap_maximizer,2023-11-01T01:00:00+02:00,59940.0,72000.0,50,35,5,48,34008.95
15,cap_maximizer,2023-12-01T01:00:00+02:00,82475.0,94500.0,50,35,5,63,20032.7
15,cap_maximizer,2024-01-02T01:00:00+02:00,97110.0,111000.0,61,55,5,74,-3107.1
15,cap_maximizer,2024-02-01T01:00:00+02:00,73555.0,85500.0,53,50,9,57,1456.35
15,cap_maximizer,2024-03-01T01:00:00+02:00,-195.0,0.0,1,1,0,0,0.0
15,cap_maximizer,2024-04-01T01:00:00+03:00,-160.0,0.0,1,1,0,0,0.0
15,cap_maximizer,2024-05-01T01:00:00+03:00,-150.0,1500.0,9,9,1,1,0.0
15,cap_maximizer,2024-06-03T01:00:00+03:00,86110.0,102000.0,70,56,7,68,23529.0
15,cap_maximizer,2024-07-01T01:00:00+03:00,-160.0,0.0,1,1,0,0,0.0
15,half_of_maximum,2020-01-02T01:00:00+02:00,-195.0,0.0,1,1,0,0,0.0
15,half_of_maximum,2020-02-03T01:00:00+02:00,-245.0,1500.0,5,5,1,3,0.0
15,half_of_maximum,2020-03-02T01:00:00+02:00,-160.0,0.0,1,1,0,0,0.0
15,half_of_maximum,2020-04-01T01:00:00+03:00,-175.0,1500.0,5,5,1,3,0.0
15,half_of_maximum,2020-05-01T01:00:00+03:00,-140.0,1500.0,5,5,1,3,0.0
15,half_of_maximum,2020-06-01T01:00:00+03:00,-230.0,0.0,1,1,0,0,0.0
15,half_of_maximum,2020-07-01T01:00:00+03:00,-195.0,0.0,1,1,0,0,0.0
15,half_of_maximum,2020-08-03T01:00:00+03:00,-160.0,0.0,1,1,0,0,0.0
15,half_of_maximum,2020-09-01T01:00:00+03:00,-230.0,0.0,1,1,0,0,0.0
15,half_of_maximum,2020-10-01T01:00:00+03:00,-195.0,0.0,1,1,0,0,0.0
15,half_of_maximum,2020-11-02T01:00:00+02:00,-160.0,0.0,1,1,0,0,0.0
15,half_of_maximum,2020-12-01T01:00:00+02:00,-195.0,0.0,1,1,0,0,0.0
15,half_of_maximum,2021-01-04T01:00:00+02:00,-160.0,0.0,1,1,0,0,0.0
15,half_of_maximum,2021-02-01T01:00:00+02:00,-160.0,0.0,1,1,0,0,0.0
15,half_of_maximum,2021-03-01T01:00:00+02:00,-195.0,0.0,1,1,0,0,0.0
15,half_of_maximum,2021-04-01T01:00:00+03:00,-160.0,0.0,1,1,0,0,0.0
15,half_of_maximum,2021-05-03T01:00:00+03:00,-220.0,500.0,1,1,0,1,0.0
15,half_of_maximum,2021-06-01T01:00:00+03:00,-185.0,500.0,1,1,0,1,0.0
15,half_of_maximum,2021-07-01T01:00:00+03:00,-150.0,500.0,1,1,0,1,0.0
15,half_of_maximum,2021-08-02T01:00:00+03:00,-195.0,0.0,1,1,0,0,0.0
15,half_of_maximum,2021-09-01T01:00:00+03:00,-160.0,0.0,1,1,0,0,0.0
15,half_of_maximum,2021-10-01T01:00:00+03:00,-150.0,500.0,1,1,0,1,0.0
15,half_of_maximum,2021-11-01T01:00:00+02:00,-160.0,0.0,1,1,0,0,0.0
15,half_of_maximum,2021-12-01T01:00:00+02:00,-220.0,500.0,1,1,0,1,0.0
15,half_of_maximum,2022-01-03T01:00:00+02:00,-185.0,500.0,1,1,0,1,0.0
15,half_of_maximum,2022-02-01T01:00:00+02:00,-150.0,500.0,1,1,0,1,0.0
15,half_of_maximum,2022-03-01T01:00:00+02:00,-195.0,0.0,1,1,0,0,0.0
15,half_of_maximum,2022-04-01T01:00:00+03:00,-160.0,0.0,1,1,0,0,0.0
15,half_of_maximum,2022-05-02T01:00:00+03:00,-205.5,2264.5,15,15,1,4,0.0
15,half_of_maximum,2022-06-01T01:00:00+03:00,-170.5,2264.5,15,15,1,4,0.0
15,half_of_maximum,2022-07-01T01:00:00+03:00,-135.5,2264.5,15,15,1,4,0.0
15,half_of_maximum,2022-08-01T01:00:00+03:00,-160.0,0.0,1,1,0,0,0.0
15,half_of_maximum,2022-09-01T01:00:00+03:00,-195.0,0.0,1,1,0,0,0.0
15,half_of_maximum,2022-10-03T01:00:00+03:00,-160.0,0.0,1,1,0,0,0.0
15,half_of_maximum,2022-11-01T01:00:00+02:00,-280.0,1500.0,5,5,1,3,0.0
15,half_of_maximum,2022-12-01T01:00:00+02:00,-245.0,1500.0,5,5,1,3,0.0
15,half_of_maximum,2023-01-03T01:00:00+02:00,-265.0,0.0,1,1,0,0,0.0
15,half_of_maximum,2023-02-01T01:00:00+02:00,-230.0,0.0,1,1,0,0,0.0
15,half_of_maximum,2023-03-01T01:00:00+02:00,-140.0,1500.0,5,5,1,3,0.0
15,half_of_maximum,2023-04-03T01:00:00+03:00,-160.0,0.0,1,1,0,0,0.0
15,half_of_maximum,2023-05-01T01:00:00+03:00,-195.0,0.0,1,1,0,0,0.0
15,half_of_maximum,2023-06-01T01:00:00+03:00,-160.0,0.0,1,1,0,0,0.0
15,half_of_maximum,2023-07-03T01:00:00+03:00,-160.0,0.0,1,1,0,0,0.0
15,half_of_maximum,2023-08-01T01:00:00+03:00,50090.25,62295.25,59,50,7,105,10217.7
15,half_of_maximum,2023-09-01T01:00:00+03:00,-200.0,3000.0,13,13,1,5,0.0
15,half_of_maximum,2023-10-02T01:00:00+03:00,47754.65,62289.65,74,59,8,105,-199.95
15,half_of_maximum,2023-11-01T01:00:00+02:00,55289.65,69789.65,74,59,8,120,26715.3
15,half_of_maximum,2023-12-01T01:00:00+02:00,73119.13,87584.13,74,59,8,150,17444.57
15,half_of_maximum,2024-01-02T01:00:00+02:00,-136.43,1503.57,5,5,1,3,0.0
15,half_of_maximum,2024-02-01T01:00:00+02:00,81604.08,96514.08,70,65,10,159,2316.65
15,half_of_maximum,2024-03-01T01:00:00+02:00,-195.0,0.0,1,1,0,0,0.0
15,half_of_maximum,2024-04-01T01:00:00+03:00,-160.0,0.0,1,1,0,0,0.0
15,half_of_maximum,2024-05-01T01:00:00+03:00,-155.9,1724.1,10,10,2,3,0.0
15,half_of_maximum,2024-06-03T01:00:00+03:00,-150.0,1000.0,5,5,1,2,0.0
15,half_of_maximum,2024-07-01T01:00:00+03:00,-160.0,0.0,1,1,0,0,0.0
15,maximum_always,2020-01-02T01:00:00+02:00,-195.0,0.0,1,1,0,0,0.0
15,maximum_always,2020-02-03T01:00:00+02:00,-250.15,1449.85,1,1,0,2,0.0
15,maximum_always,2020-03-02T01:00:00+02:00,-160.0,0.0,1,1,0,0,0.0
15,maximum_always,2020-04-01T01:00:00+03:00,-168.2,1496.8,1,1,0,2,0.0
15,maximum_always,2020-05-01T01:00:00+03:00,-133.2,1496.8,1,1,0,2,0.0
15,maximum_always,2020-06-01T01:00:00+03:00,-230.0,0.0,1,1,0,0,0.0
15,maximum_always,2020-07-01T01:00:00+03:00,-195.0,0.0,1,1,0,0,0.0
15,maximum_always,2020-08-03T01:00:00+03:00,-160.0,0.0,1,1,0,0,0.0
15,maximum_always,2020-09-01T01:00:00+03:00,-230.0,0.0,1,1,0,0,0.0
15,maximum_always,2020-10-01T01:00:00+03:00,-195.0,0.0,1,1,0,0,0.0
15,maximum_always,2020-11-02T01:00:00+02:00,-160.0,0.0,1,1,0,0,0.0
15,maximum_always,2020-12-01T01:00:00+02:00,-195.0,0.0,1,1,0,0,0.0
15,maximum_always,2021-01-04T01:00:00+02:00,-160.0,0.0,1,1,0,0,0.0
15,maximum_always,2021-02-01T01:00:00+02:00,-160.0,0.0,1,1,0,0,0.0
15,maximum_always,2021-03-01T01:00:00+02:00,-195.0,0.0,1,1,0,0,0.0
15,maximum_always,2021-04-01T01:00:00+03:00,-160.0,0.0,1,1,0,0,0.0
15,maximum_always,2021-05-03T01:00:00+03:00,-214.45,770.55,2,2,0,1,0.0
15,maximum_always,2021-06-01T01:00:00+03:00,-179.45,770.55,2,2,0,1,0.0
15,maximum_always,2021-07-01T01:00:00+03:00,-144.45,770.55,2,2,0,1,0.0
15,maximum_always,2021-08-02T01:00:00+03:00,-195.0,0.0,1,1,0,0,0.0
15,maximum_always,2021-09-01T01:00:00+03:00,-160.0,0.0,1,1,0,0,0.0
15,maximum_always,2021-10-01T01:00:00+03:00,-149.1,500.9,1,1,0,1,0.0
15,maximum_always,2021-11-01T01:00:00+02:00,-160.0,0.0,1,1,0,0,0.0
15,maximum_always,2021-12-01T01:00:00+02:00,-218.1,641.9,1,1,0,1,0.0
15,maximum_always,2022-01-03T01:00:00+02:00,-167.35,517.65,1,1,0,1,0.0
15,maximum_always,2022-02-01T01:00:00+02:00,-132.35,517.65,1,1,0,1,0.0
15,maximum_always,2022-03-01T01:00:00+02:00,-195.0,0.0,1,1,0,0,0.0
15,maximum_always,2022-04-01T01:00:00+03:00,-160.0,0.0,1,1,0,0,0.0
15,maximum_always,2022-05-02T01:00:00+03:00,-227.65,2062.35,13,13,1,3,0.0
15,maximum_always,2022-06-01T01:00:00+03:00,-192.65,2062.35,13,13,1,3,0.0
15,maximum_always,2022-07-01T01:00:00+03:00,-157.65,2062.35,13,13,1,3,0.0
15,maximum_always,2022-08-01T01:00:00+03:00,-160.0,0.0,1,1,0,0,0.0
15,maximum_always,2022-09-01T01:00:00+03:00,-195.0,0.0,1,1,0,0,0.0
15,maximum_always,2022-10-03T01:00:00+03:00,-160.0,0.0,1,1,0,0,0.0
15,maximum_always,2022-11-01T01:00:00+02:00,-297.5,1217.5,4,4,1,2,0.0
15,maximum_always,2022-12-01T01:00:00+02:00,-262.5,1217.5,4,4,1,2,0.0
15,maximum_always,2023-01-03T01:00:00+02:00,-265.0,0.0,1,1,0,0,0.0
15,maximum_always,2023-02-01T01:00:00+02:00,-230.0,0.0,1,1,0,0,0.0
15,maximum_always,2023-03-01T01:00:00+02:00,-157.5,1217.5,4,4,1,2,0.0
15,maximum_always,2023-04-03T01:00:00+03:00,-160.0,0.0,1,1,0,0,0.0
15,maximum_always,2023-05-01T01:00:00+03:00,-195.0,0.0,1,1,0,0,0.0
15,maximum_always,2023-06-01T01:00:00+03:00,-160.0,0.0,1,1,0,0,0.0
15,maximum_always,2023-07-03T01:00:00+03:00,-160.0,0.0,1,1,0,0,0.0
15,maximum_always,2023-08-01T01:00:00+03:00,66407.2,79627.2,59,59,8,100,0.0
15,maximum_always,2023-09-01T01:00:00+03:00,-207.4,3507.6,16,16,1,4,0.0
15,maximum_always,2023-10-02T01:00:00+03:00,62629.65,77969.65,74,59,10,100,-210.5
15,maximum_always,2023-11-01T01:00:00+02:00,71691.65,86996.65,74,59,10,115,25177.75
15,maximum_always,2023-12-01T01:00:00+02:00,96993.65,112788.65,74,74,11,145,0.0
15,maximum_always,2024-01-02T01:00:00+02:00,-132.85,2007.15,9,9,1,3,0.0
15,maximum_always,2024-02-01T01:00:00+02:00,84502.85,99002.85,60,60,7,126,0.0
15,maximum_always,2024-03-01T01:00:00+02:00,-195.0,0.0,1,1,0,0,0.0
15,maximum_always,2024-04-01T01:00:00+03:00,-160.0,0.0,1,1,0,0,0.0
15,maximum_always,2024-05-01T01:00:00+03:00,-126.8,2448.2,15,15,2,3,0.0
15,maximum_always,2024-06-03T01:00:00+03:00,-156.5,688.5,2,2,0,1,0.0
15,maximum_always,2024-07-01T01:00:00+03:00,-160.0,0.0,1,1,0,0,0.0
15,minimum_500_always,2020-01-02T01:00:00+02:00,-195.0,0.0,1,1,0,0,0.0
15,minimum_500_always,2020-02-03T01:00:00+02:00,-245.0,1500.0,5,5,1,3,0.0
15,minimum_500_always,2020-03-02T01:00:00+02:00,-160.0,0.0,1,1,0,0,0.0
15,minimum_500_always,2020-04-01T01:00:00+03:00,-175.0,1500.0,5,5,1,3,0.0
15,minimum_500_always,2020-05-01T01:00:00+03:00,-140.0,1500.0,5,5,1,3,0.0
15,minimum_500_always,2020-06-01T01:00:00+03:00,-230.0,0.0,1,1,0,0,0.0
15,minimum_500_always,2020-07-01T01:00:00+03:00,-195.0,0.0,1,1,0,0,0.0
15,minimum_500_always,2020-08-03T01:00:00+03:00,-160.0,0.0,1,1,0,0,0.0
15,minimum_500_always,2020-09-01T01:00:00+03:00,-230.0,0.0,1,1,0,0,0.0
15,minimum_500_always,2020-10-01T01:00:00+03:00,-195.0,0.0,1,1,0,0,0.0
15,minimum_500_always,2020-11-02T01:00:00+02:00,-160.0,0.0,1,1,0,0,0.0
15,minimum_500_always,2020-12-01T01:00:00+02:00,-195.0,0.0,1,1,0,0,0.0
15,minimum_500_always,2021-01-04T01:00:00+02:00,-160.0,0.0,1,1,0,0,0.0
15,minimum_500_always,2021-02-01T01:00:00+02:00,-160.0,0.0,1,1,0,0,0.0
15,minimum_500_always,2021-03-01T01:00:00+02:00,-195.0,0.0,1,1,0,0,0.0
15,minimum_500_always,2021-04-01T01:00:00+03:00,-160.0,0.0,1,1,0,0,0.0
15,minimum_500_always,2021-05-03T01:00:00+03:00,-220.0,500.0,1,1,0,1,0.0
15,minimum_500_always,2021-06-01T01:00:00+03:00,-185.0,500.0,1,1,0,1,0.0
15,minimum_500_always,2021-07-01T01:00:00+03:00,-150.0,500.0,1,1,0,1,0.0
15,minimum_500_always,2021-08-02T01:00:00+03:00,-195.0,0.0,1,1,0,0,0.0
15,minimum_500_always,2021-09-01T01:00:00+03:00,-160.0,0.0,1,1,0,0,0.0
15,minimum_500_always,2021-10-01T01:00:00+03:00,-150.0,500.0,1,1,0,1,0.0
15,minimum_500_always,2021-11-01T01:00:00+02:00,-160.0,0.0,1,1,0,0,0.0
15,minimum_500_always,2021-12-01T01:00:00+02:00,-220.0,500.0,1,1,0,1,0.0
15,minimum_500_always,2022-01-03T01:00:00+02:00,-185.0,500.0,1,1,0,1,0.0
15,minimum_500_always,2022-02-01T01:00:00+02:00,-150.0,500.0,1,1,0,1,0.0
15,minimum_500_always,2022-03-01T01:00:00+02:00,-195.0,0.0,1,1,0,0,0.0
15,minimum_500_always,2022-04-01T01:00:00+03:00,-160.0,0.0,1,1,0,0,0.0
15,minimum_500_always,2022-05-02T01:00:00+03:00,-220.0,2000.0,13,13,1,4,0.0
15,minimum_500_always,2022-06-01T01:00:00+03:00,-185.0,2000.0,13,13,1,4,0.0
15,minimum_500_always,2022-07-01T01:00:00+03:00,-150.0,2000.0,13,13,1,4,0.0
15,minimum_500_always,2022-08-01T01:00:00+03:00,-160.0,0.0,1,1,0,0,0.0
15,minimum_500_always,2022-09-01T01:00:00+03:00,-195.0,0.0,1,1,0,0,0.0
15,minimum_500_always,2022-10-03T01:00:00+03:00,-160.0,0.0,1,1,0,0,0.0
15,minimum_500_always,2022-11-01T01:00:00+02:00,-280.0,1500.0,5,5,1,3,0.0
15,minimum_500_always,2022-12-01T01:00:00+02:00,-245.0,1500.0,5,5,1,3,0.0
15,minimum_500_always,2023-01-03T01:00:00+02:00,-265.0,0.0,1,1,0,0,0.0
15,minimum_500_always,2023-02-01T01:00:00+02:00,-230.0,0.0,1,1,0,0,0.0
15,minimum_500_always,2023-03-01T01:00:00+02:00,-140.0,1500.0,5,5,1,3,0.0
15,minimum_500_always,2023-04-03T01:00:00+03:00,-160.0,0.0,1,1,0,0,0.0
15,minimum_500_always,2023-05-01T01:00:00+03:00,-195.0,0.0,1,1,0,0,0.0
15,minimum_500_always,2023-06-01T01:00:00+03:00,-160.0,0.0,1,1,0,0,0.0
15,minimum_500_always,2023-07-03T01:00:00+03:00,-160.0,0.0,1,1,0,0,0.0
15,minimum_500_always,2023-08-01T01:00:00+03:00,-295.0,4500.0,28,28,3,9,0.0
15,minimum_500_always,2023-09-01T01:00:00+03:00,71120.0,84500.0,67,52,8,169,4508.25
15,minimum_500_always,2023-10-02T01:00:00+03:00,-225.0,4500.0,28,28,3,9,0.0
15,minimum_500_always,2023-11-01T01:00:00+02:00,-190.0,4500.0,28,28,3,9,0.0
15,minimum_500_always,2023-12-01T01:00:00+02:00,-155.0,4500.0,28,28,3,9,0.0
15,minimum_500_always,2024-01-02T01:00:00+02:00,-140.0,1500.0,5,5,1,3,0.0
15,minimum_500_always,2024-02-01T01:00:00+02:00,82745.0,96500.0,70,63,9,193,3032.2
15,minimum_500_always,2024-03-01T01:00:00+02:00,-195.0,0.0,1,1,0,0,0.0
15,minimum_500_always,2024-04-01T01:00:00+03:00,-160.0,0.0,1,1,0,0,0.0
15,minimum_500_always,2024-05-01T01:00:00+03:00,-150.0,1500.0,9,9,2,3,0.0
15,minimum_500_always,2024-06-03T01:00:00+03:00,-150.0,1000.0,5,5,1,2,0.0
15,minimum_500_always,2024-07-01T01:00:00+03:00,-160.0,0.0,1,1,0,0,0.0
15,preserve_safety_net,2020-01-02T01:00:00+02:00,-195.0,0.0,1,1,0,0,0.0
15,preserve_safety_net,2020-02-03T01:00:00+02:00,-242.4,1162.6,2,2,1,2,0.0
15,preserve_safety_net,2020-03-02T01:00:00+02:00,-160.0,0.0,1,1,0,0,0.0
15,preserve_safety_net,2020-04-01T01:00:00+03:00,-180.45,1209.55,3,3,1,2,0.0
15,preserve_safety_net,2020-05-01T01:00:00+03:00,-145.45,1209.55,3,3,1,2,0.0
15,preserve_safety_net,2020-06-01T01:00:00+03:00,-230.0,0.0,1,1,0,0,0.0
15,preserve_safety_net,2020-07-01T01:00:00+03:00,-195.0,0.0,1,1,0,0,0.0
15,preserve_safety_net,2020-08-03T01:00:00+03:00,-160.0,0.0,1,1,0,0,0.0
15,preserve_safety_net,2020-09-01T01:00:00+03:00,-230.0,0.0,1,1,0,0,0.0
15,preserve_safety_net,2020-10-01T01:00:00+03:00,-195.0,0.0,1,1,0,0,0.0
15,preserve_safety_net,2020-11-02T01:00:00+02:00,-160.0,0.0,1,1,0,0,0.0
15,preserve_safety_net,2020-12-01T01:00:00+02:00,-195.0,0.0,1,1,0,0,0.0
15,preserve_safety_net,2021-01-04T01:00:00+02:00,-160.0,0.0,1,1,0,0,0.0
15,preserve_safety_net,2021-02-01T01:00:00+02:00,-160.0,0.0,1,1,0,0,0.0
15,preserve_safety_net,2021-03-01T01:00:00+02:00,-195.0,0.0,1,1,0,0,0.0
15,preserve_safety_net,2021-04-01T01:00:00+03:00,-160.0,0.0,1,1,0,0,0.0
15,preserve_safety_net,2021-05-03T01:00:00+03:00,-230.0,0.0,1,1,0,0,0.0
15,preserve_safety_net,2021-06-01T01:00:00+03:00,-195.0,0.0,1,1,0,0,0.0
15,preserve_safety_net,2021-07-01T01:00:00+03:00,-160.0,0.0,1,1,0,0,0.0
15,preserve_safety_net,2021-08-02T01:00:00+03:00,-195.0,0.0,1,1,0,0,0.0
15,preserve_safety_net,2021-09-01T01:00:00+03:00,-160.0,0.0,1,1,0,0,0.0
15,preserve_safety_net,2021-10-01T01:00:00+03:00,-160.0,0.0,1,1,0,0,0.0
15,preserve_safety_net,2021-11-01T01:00:00+02:00,-160.0,0.0,1,1,0,0,0.0
15,preserve_safety_net,2021-12-01T01:00:00+02:00,-209.45,705.55,2,2,0,1,0.0
15,preserve_safety_net,2022-01-03T01:00:00+02:00,-160.85,559.15,1,1,0,1,0.0
15,preserve_safety_net,2022-02-01T01:00:00+02:00,-125.85,559.15,1,1,0,1,0.0
15,preserve_safety_net,2022-03-01T01:00:00+02:00,-195.0,0.0,1,1,0,0,0.0
15,preserve_safety_net,2022-04-01T01:00:00+03:00,-160.0,0.0,1,1,0,0,0.0
15,preserve_safety_net,2022-05-02T01:00:00+03:00,-214.45,1755.55,11,11,1,3,0.0
15,preserve_safety_net,2022-06-01T01:00:00+03:00,-179.45,1755.55,11,11,1,3,0.0
15,preserve_safety_net,2022-07-01T01:00:00+03:00,-144.45,1755.55,11,11,1,3,0.0
15,preserve_safety_net,2022-08-01T01:00:00+03:00,-160.0,0.0,1,1,0,0,0.0
15,preserve_safety_net,2022-09-01T01:00:00+03:00,-195.0,0.0,1,1,0,0,0.0
15,preserve_safety_net,2022-10-03T01:00:00+03:00,-160.0,0.0,1,1,0,0,0.0
15,preserve_safety_net,2022-11-01T01:00:00+02:00,-268.5,1056.5,5,5,1,2,0.0
15,preserve_safety_net,2022-12-01T01:00:00+02:00,-233.5,1056.5,5,5,1,2,0.0
15,preserve_safety_net,2023-01-03T01:00:00+02:00,-265.0,0.0,1,1,0,0,0.0
15,preserve_safety_net,2023-02-01T01:00:00+02:00,-230.0,0.0,1,1,0,0,0.0
15,preserve_safety_net,2023-03-01T01:00:00+02:00,-128.5,1056.5,5,5,1,2,0.0
15,preserve_safety_net,2023-04-03T01:00:00+03:00,-160.0,0.0,1,1,0,0,0.0
15,preserve_safety_net,2023-05-01T01:00:00+03:00,-195.0,0.0,1,1,0,0,0.0
15,preserve_safety_net,2023-06-01T01:00:00+03:00,-160.0,0.0,1,1,0,0,0.0
15,preserve_safety_net,2023-07-03T01:00:00+03:00,-160.0,0.0,1,1,0,0,0.0
15,preserve_safety_net,2023-08-01T01:00:00+03:00,79107.55,88817.55,41,40,6,116,1635.3
15,preserve_safety_net,2023-09-01T01:00:00+03:00,-204.95,2720.05,15,15,2,4,0.0
15,preserve_safety_net,2023-10-02T01:00:00+03:00,75240.1,87135.1,54,39,6,113,475.4
15,preserve_safety_net,2023-11-01T01:00:00+02:00,83967.5,95827.5,54,39,6,128,26198.25
15,preserve_safety_net,2023-12-01T01:00:00+02:00,94262.9,106087.9,54,39,6,144,24461.6
15,preserve_safety_net,2024-01-02T01:00:00+02:00,-142.85,1507.15,9,9,1,2,0.0
15,preserve_safety_net,2024-02-01T01:00:00+02:00,87271.6,98021.6,44,30,3,134,23719.2
15,preserve_safety_net,2024-03-01T01:00:00+02:00,-195.0,0.0,1,1,0,0,0.0
15,preserve_safety_net,2024-04-01T01:00:00+03:00,-160.0,0.0,1,1,0,0,0.0
15,preserve_safety_net,2024-05-01T01:00:00+03:00,-125.6,1594.4,9,9,1,2,0.0
15,preserve_safety_net,2024-06-03T01:00:00+03:00,-130.1,519.9,1,1,0,1,0.0
15,preserve_safety_net,2024-07-01T01:00:00+03:00,-160.0,0.0,1,1,0,0,0.0
15,rush_to_uncapped,2020-01-02T01:00:00+02:00,-195.0,0.0,1,1,0,0,0.0
15,rush_to_uncapped,2020-02-03T01:00:00+02:00,-245.0,1500.0,5,5,1,3,0.0
15,rush_to_uncapped,2020-03-02T01:00:00+02:00,-160.0,0.0,1,1,0,0,0.0
15,rush_to_uncapped,2020-04-01T01:00:00+03:00,-175.0,1500.0,5,5,1,3,0.0
15,rush_to_uncapped,2020-05-01T01:00:00+03:00,-140.0,1500.0,5,5,1,3,0.0
15,rush_to_uncapped,2020-06-01T01:00:00+03:00,-230.0,0.0,1,1,0,0,0.0
15,rush_to_uncapped,2020-07-01T01:00:00+03:00,-195.0,0.0,1,1,0,0,0.0
15,rush_to_uncapped,2020-08-03T01:00:00+03:00,-160.0,0.0,1,1,0,0,0.0
15,rush_to_uncapped,2020-09-01T01:00:00+03:00,-230.0,0.0,1,1,0,0,0.0
15,rush_to_uncapped,2020-10-01T01:00:00+03:00,-195.0,0.0,1,1,0,0,0.0
15,rush_to_uncapped,2020-11-02T01:00:00+02:00,-160.0,0.0,1,1,0,0,0.0
15,rush_to_uncapped,2020-12-01T01:00:00+02:00,-195.0,0.0,1,1,0,0,0.0
15,rush_to_uncapped,2021-01-04T01:00:00+02:00,-160.0,0.0,1,1,0,0,0.0
15,rush_to_uncapped,2021-02-01T01:00:00+02:00,-160.0,0.0,1,1,0,0,0.0
15,rush_to_uncapped,2021-03-01T01:00:00+02:00,-195.0,0.0,1,1,0,0,0.0
15,rush_to_uncapped,2021-04-01T01:00:00+03:00,-160.0,0.0,1,1,0,0,0.0
15,rush_to_uncapped,2021-05-03T01:00:00+03:00,-220.0,500.0,1,1,0,1,0.0
15,rush_to_uncapped,2021-06-01T01:00:00+03:00,-185.0,500.0,1,1,0,1,0.0
15,rush_to_uncapped,2021-07-01T01:00:00+03:00,-150.0,500.0,1,1,0,1,0.0
15,rush_to_uncapped,2021-08-02T01:00:00+03:00,-195.0,0.0,1,1,0,0,0.0
15,rush_to_uncapped,2021-09-01T01:00:00+03:00,-160.0,0.0,1,1,0,0,0.0
15,rush_to_uncapped,2021-10-01T01:00:00+03:00,-150.0,500.0,1,1,0,1,0.0
15,rush_to_uncapped,2021-11-01T01:00:00+02:00,-160.0,0.0,1,1,0,0,0.0
15,rush_to_uncapped,2021-12-01T01:00:00+02:00,-220.0,500.0,1,1,0,1,0.0
15,rush_to_uncapped,2022-01-03T01:00:00+02:00,-185.0,500.0,1,1,0,1,0.0
15,rush_to_uncapped,2022-02-01T01:00:00+02:00,-150.0,500.0,1,1,0,1,0.0
15,rush_to_uncapped,2022-03-01T01:00:00+02:00,-195.0,0.0,1,1,0,0,0.0
15,rush_to_uncapped,2022-04-01T01:00:00+03:00,-160.0,0.0,1,1,0,0,0.0
15,rush_to_uncapped,2022-05-02T01:00:00+03:00,-220.0,2000.0,13,13,1,4,0.0
15,rush_to_uncapped,2022-06-01T01:00:00+03:00,-185.0,2000.0,13,13,1,4,0.0
15,rush_to_uncapped,2022-07-01T01:00:00+03:00,-150.0,2000.0,13,13,1,4,0.0
15,rush_to_uncapped,2022-08-01T01:00:00+03:00,-160.0,0.0,1,1,0,0,0.0
15,rush_to_uncapped,2022-09-01T01:00:00+03:00,-195.0,0.0,1,1,0,0,0.0
15,rush_to_uncapped,2022-10-03T01:00:00+03:00,-160.0,0.0,1,1,0,0,0.0
15,rush_to_uncapped,2022-11-01T01:00:00+02:00,-280.0,1500.0,5,5,1,3,0.0
15,rush_to_uncapped,2022-12-01T01:00:00+02:00,-245.0,1500.0,5,5,1,3,0.0
15,rush_to_uncapped,2023-01-03T01:00:00+02:00,-265.0,0.0,1,1,0,0,0.0
15,rush_to_uncapped,2023-02-01T01:00:00+02:00,-230.0,0.0,1,1,0,0,0.0
15,rush_to_uncapped,2023-03-01T01:00:00+02:00,-140.0,1500.0,5,5,1,3,0.0
15,rush_to_uncapped,2023-04-03T01:00:00+03:00,-160.0,0.0,1,1,0,0,0.0
15,rush_to_uncapped,2023-05-01T01:00:00+03:00,-195.0,0.0,1,1,0,0,0.0
15,rush_to_uncapped,2023-06-01T01:00:00+03:00,-160.0,0.0,1,1,0,0,0.0
15,rush_to_uncapped,2023-07-03T01:00:00+03:00,-160.0,0.0,1,1,0,0,0.0
15,rush_to_uncapped,2023-08-01T01:00:00+03:00,-295.0,4500.0,28,28,3,9,0.0
15,rush_to_uncapped,2023-09-01T01:00:00+03:00,59664.65,74869.65,69,54,11,124,4508.25
15,rush_to_uncapped,2023-10-02T01:00:00+03:00,-225.0,4500.0,28,28,3,9,0.0
15,rush_to_uncapped,2023-11-01T01:00:00+02:00,-190.0,4500.0,28,28,3,9,0.0
15,rush_to_uncapped,2023-12-01T01:00:00+02:00,-155.0,4500.0,28,28,3,9,0.0
15,rush_to_uncapped,2024-01-02T01:00:00+02:00,-140.0,1500.0,5,5,1,3,0.0
15,rush_to_uncapped,2024-02-01T01:00:00+02:00,74947.81,90297.81,71,64,12,157,3032.2
15,rush_to_uncapped,2024-03-01T01:00:00+02:00,-195.0,0.0,1,1,0,0,0.0
15,rush_to_uncapped,2024-04-01T01:00:00+03:00,-160.0,0.0,1,1,0,0,0.0
15,rush_to_uncapped,2024-05-01T01:00:00+03:00,-150.0,1500.0,9,9,2,3,0.0
15,rush_to_uncapped,2024-06-03T01:00:00+03:00,-150.0,1000.0,5,5,1,2,0.0
15,rush_to_uncapped,2024-07-01T01:00:00+03:00,-160.0,0.0,1,1,0,0,0.0
16,cap_maximizer,2020-01-02T01:00:00+02:00,-195.0,0.0,1,1,0,0,0.0
16,cap_maximizer,2020-02-03T01:00:00+02:00,-255.0,1500.0,2,2,0,1,0.0
16,cap_maximizer,2020-03-02T01:00:00+02:00,-160.0,0.0,1,1,0,0,0.0
16,cap_maximizer,2020-04-01T01:00:00+03:00,-185.0,1500.0,2,2,0,1,0.0
16,cap_maximizer,2020-05-01T01:00:00+03:00,-150.0,1500.0,2,2,0,1,0.0
16,cap_maximizer,2020-06-01T01:00:00+03:00,-230.0,0.0,1,1,0,0,0.0
16,cap_maximizer,2020-07-01T01:00:00+03:00,-195.0,0.0,1,1,0,0,0.0
16,cap_maximizer,2020-08-03T01:00:00+03:00,-160.0,0.0,1,1,0,0,0.0
16,cap_maximizer,2020-09-01T01:00:00+03:00,-230.0,0.0,1,1,0,0,0.0
16,cap_maximizer,2020-10-01T01:00:00+03:00,-195.0,0.0,1,1,0,0,0.0
16,cap_maximizer,2020-11-02T01:00:00+02:00,-160.0,0.0,1,1,0,0,0.0
16,cap_maximizer,2020-12-01T01:00:00+02:00,-195.0,0.0,1,1,0,0,0.0
16,cap_maximizer,2021-01-04T01:00:00+02:00,-160.0,0.0,1,1,0,0,0.0
16,cap_maximizer,2021-02-01T01:00:00+02:00,-160.0,0.0,1,1,0,0,0.0
16,cap_maximizer,2021-03-01T01:00:00+02:00,-195.0,0.0,1,1,0,0,0.0
16,cap_maximizer,2021-04-01T01:00:00+03:00,-160.0,0.0,1,1,0,0,0.0
16,cap_maximizer,2021-05-03T01:00:00+03:00,-230.0,0.0,1,1,0,0,0.0
16,cap_maximizer,2021-06-01T01:00:00+03:00,-195.0,0.0,1,1,0,0,0.0
16,cap_maximizer,2021-07-01T01:00:00+03:00,-160.0,0.0,1,1,0,0,0.0
16,cap_maximizer,2021-08-02T01:00:00+03:00,-195.0,0.0,1,1,0,0,0.0
16,cap_maximizer,2021-09-01T01:00:00+03:00,-160.0,0.0,1,1,0,0,0.0
16,cap_maximizer,2021-10-01T01:00:00+03:00,-160.0,0.0,1,1,0,0,0.0
16,cap_maximizer,2021-11-01T01:00:00+02:00,-160.0,0.0,1,1,0,0,0.0
16,cap_maximizer,2021-12-01T01:00:00+02:00,-200.0,1500.0,1,1,0,1,0.0
16,cap_maximizer,2022-01-03T01:00:00+02:00,-190.0,1500.0,4,4,1,1,0.0
16,cap_maximizer,2022-02-01T01:00:00+02:00,-155.0,1500.0,4,4,1,1,0.0
16,cap_maximizer,2022-03-01T01:00:00+02:00,-195.0,0.0,1,1,0,0,0.0
16,cap_maximizer,2022-04-01T01:00:00+03:00,-160.0,0.0,1,1,0,0,0.0
16,cap_maximizer,2022-05-02T01:00:00+03:00,-200.0,1500.0,1,1,0,1,0.0
16,cap_maximizer,2022-06-01T01:00:00+03:00,-165.0,1500.0,1,1,0,1,0.0
16,cap_maximizer,2022-07-01T01:00:00+03:00,-130.0,1500.0,1,1,0,1,0.0
16,cap_maximizer,2022-08-01T01:00:00+03:00,-160.0,0.0,1,1,0,0,0.0
16,cap_maximizer,2022-09-01T01:00:00+03:00,-195.0,0.0,1,1,0,0,0.0
16,cap_maximizer,2022-10-03T01:00:00+03:00,-160.0,0.0,1,1,0,0,0.0
16,cap_maximizer,2022-11-01T01:00:00+02:00,-270.0,1500.0,1,1,0,1,0.0
16,cap_maximizer,2022-12-01T01:00:00+02:00,-235.0,1500.0,1,1,0,1,0.0
16,cap_maximizer,2023-01-03T01:00:00+02:00,-265.0,0.0,1,1,0,0,0.0
16,cap_maximizer,2023-02-01T01:00:00+02:00,-230.0,0.0,1,1,0,0,0.0
16,cap_maximizer,2023-03-01T01:00:00+02:00,-130.0,1500.0,1,1,0,1,0.0
16,cap_maximizer,2023-04-03T01:00:00+03:00,-160.0,0.0,1,1,0,0,0.0
16,cap_maximizer,2023-05-01T01:00:00+03:00,-195.0,0.0,1,1,0,0,0.0
16,cap_maximizer,2023-06-01T01:00:00+03:00,-160.0,0.0,1,1,0,0,0.0
16,cap_maximizer,2023-07-03T01:00:00+03:00,-160.0,0.0,1,1,0,0,0.0
16,cap_maximizer,2023-08-01T01:00:00+03:00,-295.0,3000.0,16,16,1,2,0.0
16,cap_maximizer,2023-09-01T01:00:00+03:00,-225.0,3000.0,16,16,1,2,0.0
16,cap_maximizer,2023-10-02T01:00:00+03:00,59360.0,72000.0,51,35,5,48,648.0
16,cap_maximizer,2023-11-01T01:00:00+02:00,60895.0,73500.0,51,35,5,49,35857.6
16,cap_maximizer,2023-12-01T01:00:00+02:00,84930.0,97500.0,51,35,5,65,20949.6
16,cap_maximizer,2024-01-02T01:00:00+02:00,105100.0,120000.0,66,59,6,80,-3739.2
16,cap_maximizer,2024-02-01T01:00:00+02:00,-155.0,3000.0,16,16,3,2,0.0
16,cap_maximizer,2024-03-01T01:00:00+02:00,-195.0,0.0,1,1,0,0,0.0
16,cap_maximizer,2024-04-01T01:00:00+03:00,-160.0,0.0,1,1,0,0,0.0
16,cap_maximizer,2024-05-01T01:00:00+03:00,-130.0,1500.0,8,8,1,1,0.0
16,cap_maximizer,2024-06-03T01:00:00+03:00,90905.0,108000.0,76,61,7,72,25042.75
16,cap_maximizer,2024-07-01T01:00:00+03:00,-160.0,0.0,1,1,0,0,0.0
16,half_of_maximum,2020-01-02T01:00:00+02:00,-195.0,0.0,1,1,0,0,0.0
16,half_of_maximum,2020-02-03T01:00:00+02:00,-245.0,1500.0,5,5,1,3,0.0
16,half_of_maximum,2020-03-02T01:00:00+02:00,-160.0,0.0,1,1,0,0,0.0
16,half_of_maximum,2020-04-01T01:00:00+03:00,-175.0,1500.0,5,5,1,3,0.0
16,half_of_maximum,2020-05-01T01:00:00+03:00,-140.0,1500.0,5,5,1,3,0.0
16,half_of_maximum,2020-06-01T01:00:00+03:00,-230.0,0.0,1,1,0,0,0.0
16,half_of_maximum,2020-07-01T01:00:00+03:00,-195.0,0.0,1,1,0,0,0.0
16,half_of_maximum,2020-08-03T01:00:00+03:00,-160.0,0.0,1,1,0,0,0.0
16,half_of_maximum,2020-09-01T01:00:00+03:00,-230.0,0.0,1,1,0,0,0.0
16,half_of_maximum,2020-10-01T01:00:00+03:00,-195.0,0.0,1,1,0,0,0.0
16,half_of_maximum,2020-11-02T01:00:00+02:00,-160.0,0.0,1,1,0,0,0.0
16,half_of_maximum,2020-12-01T01:00:00+02:00,-195.0,0.0,1,1,0,0,0.0
16,half_of_maximum,2021-01-04T01:00:00+02:00,-160.0,0.0,1,1,0,0,0.0
16,half_of_maximum,2021-02-01T01:00:00+02:00,-160.0,0.0,1,1,0,0,0.0
16,half_of_maximum,2021-03-01T01:00:00+02:00,-195.0,0.0,1,1,0,0,0.0
16,half_of_maximum,2021-04-01T01:00:00+03:00,-160.0,0.0,1,1,0,0,0.0
16,half_of_maximum,2021-05-03T01:00:00+03:00,-220.0,500.0,1,1,0,1,0.0
16,half_of_maximum,2021-06-01T01:00:00+03:00,-185.0,500.0,1,1,0,1,0.0
16,half_of_maximum,2021-07-01T01:00:00+03:00,-150.0,500.0,1,1,0,1,0.0
16,half_of_maximum,2021-08-02T01:00:00+03:00,-195.0,0.0,1,1,0,0,0.0
16,half_of_maximum,2021-09-01T01:00:00+03:00,-160.0,0.0,1,1,0,0,0.0
16,half_of_maximum,2021-10-01T01:00:00+03:00,-150.0,500.0,1,1,0,1,0.0
16,half_of_maximum,2021-11-01T01:00:00+02:00,-160.0,0.0,1,1,0,0,0.0
16,half_of_maximum,2021-12-01T01:00:00+02:00,-220.0,500.0,1,1,0,1,0.0
16,half_of_maximum,2022-01-03T01:00:00+02:00,-185.0,500.0,1,1,0,1,0.0
16,half_of_maximum,2022-02-01T01:00:00+02:00,-150.0,500.0,1,1,0,1,0.0
16,half_of_maximum,2022-03-01T01:00:00+02:00,-195.0,0.0,1,1,0,0,0.0
16,half_of_maximum,2022-04-01T01:00:00+03:00,-160.0,0.0,1,1,0,0,0.0
16,half_of_maximum,2022-05-02T01:00:00+03:00,-205.5,2264.5,15,15,1,4,0.0
16,half_of_maximum,2022-06-01T01:00:00+03:00,-170.5,2264.5,15,15,1,4,0.0
16,half_of_maximum,2022-07-01T01:00:00+03:00,-135.5,2264.5,15,15,1,4,0.0
16,half_of_maximum,2022-08-01T01:00:00+03:00,-160.0,0.0,1,1,0,0,0.0
16,half_of_maximum,2022-09-01T01:00:00+03:00,-195.0,0.0,1,1,0,0,0.0
16,half_of_maximum,2022-10-03T01:00:00+03:00,-160.0,0.0,1,1,0,0,0.0
16,half_of_maximum,2022-11-01T01:00:00+02:00,-280.0,1500.0,5,5,1,3,0.0
16,half_of_maximum,2022-12-01T01:00:00+02:00,-245.0,1500.0,5,5,1,3,0.0
16,half_of_maximum,2023-01-03T01:00:00+02:00,-265.0,0.0,1,1,0,0,0.0
16,half_of_maximum,2023-02-01T01:00:00+02:00,-230.0,0.0,1,1,0,0,0.0
16,half_of_maximum,2023-03-01T01:00:00+02:00,-140.0,1500.0,5,5,1,3,0.0
16,half_of_maximum,2023-04-03T01:00:00+03:00,-160.0,0.0,1,1,0,0,0.0
16,half_of_maximum,2023-05-01T01:00:00+03:00,-195.0,0.0,1,1,0,0,0.0
16,half_of_maximum,2023-06-01T01:00:00+03:00,-160.0,0.0,1,1,0,0,0.0
16,half_of_maximum,2023-07-03T01:00:00+03:00,-160.0,0.0,1,1,0,0,0.0
16,half_of_maximum,2023-08-01T01:00:00+03:00,54308.18,67203.18,62,53,7,113,10217.7
16,half_of_maximum,2023-09-01T01:00:00+03:00,-215.0,3000.0,12,12,1,5,0.0
16,half_of_maximum,2023-10-02T01:00:00+03:00,51812.58,67197.58,78,62,8,113,-196.7
16,half_of_maximum,2023-11-01T01:00:00+02:00,59847.58,75197.58,78,62,8,129,28512.9
16,half_of_maximum,2023-12-01T01:00:00+02:00,78874.88,94189.88,78,62,8,161,18612.6
16,half_of_maximum,2024-01-02T01:00:00+02:00,-136.43,1503.57,5,5,1,3,0.0
16,half_of_maximum,2024-02-01T01:00:00+02:00,87004.83,103049.83,76,70,10,170,2746.8
16,half_of_maximum,2024-03-01T01:00:00+02:00,-195.0,0.0,1,1,0,0,0.0
16,half_of_maximum,2024-04-01T01:00:00+03:00,-160.0,0.0,1,1,0,0,0.0
16,half_of_maximum,2024-05-01T01:00:00+03:00,-155.9,1724.1,10,10,2,3,0.0
16,half_of_maximum,2024-06-03T01:00:00+03:00,-150.0,1000.0,5,5,1,2,0.0
16,half_of_maximum,2024-07-01T01:00:00+03:00,-160.0,0.0,1,1,0,0,0.0
16,maximum_always,2020-01-02T01:00:00+02:00,-195.0,0.0,1,1,0,0,0.0
16,maximum_always,2020-02-03T01:00:00+02:00,-250.15,1449.85,1,1,0,2,0.0
16,maximum_always,2020-03-02T01:00:00+02:00,-160.0,0.0,1,1,0,0,0.0
16,maximum_always,2020-04-01T01:00:00+03:00,-168.2,1496.8,1,1,0,2,0.0
16,maximum_always,2020-05-01T01:00:00+03:00,-133.2,1496.8,1,1,0,2,0.0
16,maximum_always,2020-06-01T01:00:00+03:00,-230.0,0.0,1,1,0,0,0.0
16,maximum_always,2020-07-01T01:00:00+03:00,-195.0,0.0,1,1,0,0,0.0
16,maximum_always,2020-08-03T01:00:00+03:00,-160.0,0.0,1,1,0,0,0.0
16,maximum_always,2020-09-01T01:00:00+03:00,-230.0,0.0,1,1,0,0,0.0
16,maximum_always,2020-10-01T01:00:00+03:00,-195.0,0.0,1,1,0,0,0.0
16,maximum_always,2020-11-02T01:00:00+02:00,-160.0,0.0,1,1,0,0,0.0
16,maximum_always,2020-12-01T01:00:00+02:00,-195.0,0.0,1,1,0,0,0.0
16,maximum_always,2021-01-04T01:00:00+02:00,-160.0,0.0,1,1,0,0,0.0
16,maximum_always,2021-02-01T01:00:00+02:00,-160.0,0.0,1,1,0,0,0.0
16,maximum_always,2021-03-01T01:00:00+02:00,-195.0,0.0,1,1,0,0,0.0
16,maximum_always,2021-04-01T01:00:00+03:00,-160.0,0.0,1,1,0,0,0.0
16,maximum_always,2021-05-03T01:00:00+03:00,-214.45,770.55,2,2,0,1,0.0
16,maximum_always,2021-06-01T01:00:00+03:00,-179.45,770.55,2,2,0,1,0.0
16,maximum_always,2021-07-01T01:00:00+03:00,-144.45,770.55,2,2,0,1,0.0
16,maximum_always,2021-08-02T01:00:00+03:00,-195.0,0.0,1,1,0,0,0.0
16,maximum_always,2021-09-01T01:00:00+03:00,-160.0,0.0,1,1,0,0,0.0
16,maximum_always,2021-10-01T01:00:00+03:00,-149.1,500.9,1,1,0,1,0.0
16,maximum_always,2021-11-01T01:00:00+02:00,-160.0,0.0,1,1,0,0,0.0
16,maximum_always,2021-12-01T01:00:00+02:00,-218.1,641.9,1,1,0,1,0.0
16,maximum_always,2022-01-03T01:00:00+02:00,-167.35,517.65,1,1,0,1,0.0
16,maximum_always,2022-02-01T01:00:00+02:00,-132.35,517.65,1,1,0,1,0.0
16,maximum_always,2022-03-01T01:00:00+02:00,-195.0,0.0,1,1,0,0,0.0
16,maximum_always,2022-04-01T01:00:00+03:00,-160.0,0.0,1,1,0,0,0.0
16,maximum_always,2022-05-02T01:00:00+03:00,-227.65,2062.35,13,13,1,3,0.0
16,maximum_always,2022-06-01T01:00:00+03:00,-192.65,2062.35,13,13,1,3,0.0
16,maximum_always,2022-07-01T01:00:00+03:00,-157.65,2062.35,13,13,1,3,0.0
16,maximum_always,2022-08-01T01:00:00+03:00,-160.0,0.0,1,1,0,0,0.0
16,maximum_always,2022-09-01T01:00:00+03:00,-195.0,0.0,1,1,0,0,0.0
16,maximum_always,2022-10-03T01:00:00+03:00,-160.0,0.0,1,1,0,0,0.0
16,maximum_always,2022-11-01T01:00:00+02:00,-277.5,1217.5,3,3,1,2,0.0
16,maximum_always,2022-12-01T01:00:00+02:00,-242.5,1217.5,3,3,1,2,0.0
16,maximum_always,2023-01-03T01:00:00+02:00,-265.0,0.0,1,1,0,0,0.0
16,maximum_always,2023-02-01T01:00:00+02:00,-230.0,0.0,1,1,0,0,0.0
16,maximum_always,2023-03-01T01:00:00+02:00,-137.5,1217.5,3,3,1,2,0.0
16,maximum_always,2023-04-03T01:00:00+03:00,-160.0,0.0,1,1,0,0,0.0
16,maximum_always,2023-05-01T01:00:00+03:00,-195.0,0.0,1,1,0,0,0.0
16,maximum_always,2023-06-01T01:00:00+03:00,-160.0,0.0,1,1,0,0,0.0
16,maximum_always,2023-07-03T01:00:00+03:00,-160.0,0.0,1,1,0,0,0.0
16,maximum_always,2023-08-01T01:00:00+03:00,65933.3,79828.3,63,63,10,103,0.0
16,maximum_always,2023-09-01T01:00:00+03:00,-207.4,3507.6,16,16,1,4,0.0
16,maximum_always,2023-10-02T01:00:00+03:00,62041.75,78426.75,79,63,10,102,-305.15
16,maximum_always,2023-11-01T01:00:00+02:00,71752.5,88102.5,79,63,10,118,26728.7
16,maximum_always,2023-12-01T01:00:00+02:00,98611.4,115486.4,79,79,11,150,0.0
16,maximum_always,2024-01-02T01:00:00+02:00,-147.85,2007.15,8,8,1,3,0.0
16,maximum_always,2024-02-01T01:00:00+02:00,92402.95,107822.95,64,64,7,136,0.0
16,maximum_always,2024-03-01T01:00:00+02:00,-195.0,0.0,1,1,0,0,0.0
16,maximum_always,2024-04-01T01:00:00+03:00,-160.0,0.0,1,1,0,0,0.0
16,maximum_always,2024-05-01T01:00:00+03:00,-146.8,2448.2,16,16,2,3,0.0
16,maximum_always,2024-06-03T01:00:00+03:00,-156.5,688.5,2,2,0,1,0.0
16,maximum_always,2024-07-01T01:00:00+03:00,-160.0,0.0,1,1,0,0,0.0
16,minimum_500_always,2020-01-02T01:00:00+02:00,-195.0,0.0,1,1,0,0,0.0
16,minimum_500_always,2020-02-03T01:00:00+02:00,-245.0,1500.0,5,5,1,3,0.0
16,minimum_500_always,2020-03-02T01:00:00+02:00,-160.0,0.0,1,1,0,0,0.0
16,minimum_500_always,2020-04-01T01:00:00+03:00,-175.0,1500.0,5,5,1,3,0.0
16,minimum_500_always,2020-05-01T01:00:00+03:00,-140.0,1500.0,5,5,1,3,0.0
16,minimum_500_always,2020-06-01T01:00:00+03:00,-230.0,0.0,1,1,0,0,0.0
16,minimum_500_always,2020-07-01T01:00:00+03:00,-195.0,0.0,1,1,0,0,0.0
16,minimum_500_always,2020-08-03T01:00:00+03:00,-160.0,0.0,1,1,0,0,0.0
16,minimum_500_always,2020-09-01T01:00:00+03:00,-230.0,0.0,1,1,0,0,0.0
16,minimum_500_always,2020-10-01T01:00:00+03:00,-195.0,0.0,1,1,0,0,0.0
16,minimum_500_always,2020-11-02T01:00:00+02:00,-160.0,0.0,1,1,0,0,0.0
16,minimum_500_always,2020-12-01T01:00:00+02:00,-195.0,0.0,1,1,0,0,0.0
16,minimum_500_always,2021-01-04T01:00:00+02:00,-160.0,0.0,1,1,0,0,0.0
16,minimum_500_always,2021-02-01T01:00:00+02:00,-160.0,0.0,1,1,0,0,0.0
16,minimum_500_always,2021-03-01T01:00:00+02:00,-195.0,0.0,1,1,0,0,0.0
16,minimum_500_always,2021-04-01T01:00:00+03:00,-160.0,0.0,1,1,0,0,0.0
16,minimum_500_always,2021-05-03T01:00:00+03:00,-220.0,500.0,1,1,0,1,0.0
16,minimum_500_always,2021-06-01T01:00:00+03:00,-185.0,500.0,1,1,0,1,0.0
16,minimum_500_always,2021-07-01T01:00:00+03:00,-150.0,500.0,1,1,0,1,0.0
16,minimum_500_always,2021-08-02T01:00:00+03:00,-195.0,0.0,1,1,0,0,0.0
16,minimum_500_always,2021-09-01T01:00:00+03:00,-160.0,0.0,1,1,0,0,0.0
16,minimum_500_always,2021-10-01T01:00:00+03:00,-150.0,500.0,1,1,0,1,0.0
16,minimum_500_always,2021-11-01T01:00:00+02:00,-160.0,0.0,1,1,0,0,0.0
16,minimum_500_always,2021-12-01T01:00:00+02:00,-220.0,500.0,1,1,0,1,0.0
16,minimum_500_always,2022-01-03T01:00:00+02:00,-185.0,500.0,1,1,0,1,0.0
16,minimum_500_always,2022-02-01T01:00:00+02:00,-150.0,500.0,1,1,0,1,0.0
16,minimum_500_always,2022-03-01T01:00:00+02:00,-195.0,0.0,1,1,0,0,0.0
16,minimum_500_always,2022-04-01T01:00:00+03:00,-160.0,0.0,1,1,0,0,0.0
16,minimum_500_always,2022-05-02T01:00:00+03:00,-220.0,2000.0,13,13,1,4,0.0
16,minimum_500_always,2022-06-01T01:00:00+03:00,-185.0,2000.0,13,13,1,4,0.0
16,minimum_500_always,2022-07-01T01:00:00+03:00,-150.0,2000.0,13,13,1,4,0.0
16,minimum_500_always,2022-08-01T01:00:00+03:00,-160.0,0.0,1,1,0,0,0.0
16,minimum_500_always,2022-09-01T01:00:00+03:00,-195.0,0.0,1,1,0,0,0.0
16,minimum_500_always,2022-10-03T01:00:00+03:00,-160.0,0.0,1,1,0,0,0.0
16,minimum_500_always,2022-11-01T01:00:00+02:00,-280.0,1500.0,5,5,1,3,0.0
16,minimum_500_always,2022-12-01T01:00:00+02:00,-245.0,1500.0,5,5,1,3,0.0
16,minimum_500_always,2023-01-03T01:00:00+02:00,-265.0,0.0,1,1,0,0,0.0
16,minimum_500_always,2023-02-01T01:00:00+02:00,-230.0,0.0,1,1,0,0,0.0
16,minimum_500_always,2023-03-01T01:00:00+02:00,-140.0,1500.0,5,5,1,3,0.0
16,minimum_500_always,2023-04-03T01:00:00+03:00,-160.0,0.0,1,1,0,0,0.0
16,minimum_500_always,2023-05-01T01:00:00+03:00,-195.0,0.0,1,1,0,0,0.0
16,minimum_500_always,2023-06-01T01:00:00+03:00,-160.0,0.0,1,1,0,0,0.0
16,minimum_500_always,2023-07-03T01:00:00+03:00,-160.0,0.0,1,1,0,0,0.0
16,minimum_500_always,2023-08-01T01:00:00+03:00,-295.0,4500.0,28,28,3,9,0.0
16,minimum_500_always,2023-09-01T01:00:00+03:00,78000.0,92000.0,70,54,8,184,4802.8
16,minimum_500_always,2023-10-02T01:00:00+03:00,-225.0,4500.0,28,28,3,9,0.0
16,minimum_500_always,2023-11-01T01:00:00+02:00,-190.0,4500.0,28,28,3,9,0.0
16,minimum_500_always,2023-12-01T01:00:00+02:00,-155.0,4500.0,28,28,3,9,0.0
16,minimum_500_always,2024-01-02T01:00:00+02:00,-140.0,1500.0,5,5,1,3,0.0
16,minimum_500_always,2024-02-01T01:00:00+02:00,88645.0,103500.0,76,68,9,207,3462.35
16,minimum_500_always,2024-03-01T01:00:00+02:00,-195.0,0.0,1,1,0,0,0.0
16,minimum_500_always,2024-04-01T01:00:00+03:00,-160.0,0.0,1,1,0,0,0.0
16,minimum_500_always,2024-05-01T01:00:00+03:00,-150.0,1500.0,9,9,2,3,0.0
16,minimum_500_always,2024-06-03T01:00:00+03:00,-150.0,1000.0,5,5,1,2,0.0
16,minimum_500_always,2024-07-01T01:00:00+03:00,-160.0,0.0,1,1,0,0,0.0
16,preserve_safety_net,2020-01-02T01:00:00+02:00,-195.0,0.0,1,1,0,0,0.0
16,preserve_safety_net,2020-02-03T01:00:00+02:00,-257.4,1162.6,1,1,0,2,0.0
16,preserve_safety_net,2020-03-02T01:00:00+02:00,-160.0,0.0,1,1,0,0,0.0
16,preserve_safety_net,2020-04-01T01:00:00+03:00,-160.45,1209.55,2,2,1,2,0.0
16,preserve_safety_net,2020-05-01T01:00:00+03:00,-125.45,1209.55,2,2,1,2,0.0
16,preserve_safety_net,2020-06-01T01:00:00+03:00,-230.0,0.0,1,1,0,0,0.0
16,preserve_safety_net,2020-07-01T01:00:00+03:00,-195.0,0.0,1,1,0,0,0.0
16,preserve_safety_net,2020-08-03T01:00:00+03:00,-160.0,0.0,1,1,0,0,0.0
16,preserve_safety_net,2020-09-01T01:00:00+03:00,-230.0,0.0,1,1,0,0,0.0
16,preserve_safety_net,2020-10-01T01:00:00+03:00,-195.0,0.0,1,1,0,0,0.0
16,preserve_safety_net,2020-11-02T01:00:00+02:00,-160.0,0.0,1,1,0,0,0.0
16,preserve_safety_net,2020-12-01T01:00:00+02:00,-195.0,0.0,1,1,0,0,0.0
16,preserve_safety_net,2021-01-04T01:00:00+02:00,-160.0,0.0,1,1,0,0,0.0
16,preserve_safety_net,2021-02-01T01:00:00+02:00,-160.0,0.0,1,1,0,0,0.0
16,preserve_safety_net,2021-03-01T01:00:00+02:00,-195.0,0.0,1,1,0,0,0.0
16,preserve_safety_net,2021-04-01T01:00:00+03:00,-160.0,0.0,1,1,0,0,0.0
16,preserve_safety_net,2021-05-03T01:00:00+03:00,-230.0,0.0,1,1,0,0,0.0
16,preserve_safety_net,2021-06-01T01:00:00+03:00,-195.0,0.0,1,1,0,0,0.0
16,preserve_safety_net,2021-07-01T01:00:00+03:00,-160.0,0.0,1,1,0,0,0.0
16,preserve_safety_net,2021-08-02T01:00:00+03:00,-195.0,0.0,1,1,0,0,0.0
16,preserve_safety_net,2021-09-01T01:00:00+03:00,-160.0,0.0,1,1,0,0,0.0
16,preserve_safety_net,2021-10-01T01:00:00+03:00,-160.0,0.0,1,1,0,0,0.0
16,preserve_safety_net,2021-11-01T01:00:00+02:00,-160.0,0.0,1,1,0,0,0.0
16,preserve_safety_net,2021-12-01T01:00:00+02:00,-209.45,705.55,2,2,0,1,0.0
16,preserve_safety_net,2022-01-03T01:00:00+02:00,-160.85,559.15,1,1,0,1,0.0
16,preserve_safety_net,2022-02-01T01:00:00+02:00,-125.85,559.15,1,1,0,1,0.0
16,preserve_safety_net,2022-03-01T01:00:00+02:00,-195.0,0.0,1,1,0,0,0.0
16,preserve_safety_net,2022-04-01T01:00:00+03:00,-160.0,0.0,1,1,0,0,0.0
16,preserve_safety_net,2022-05-02T01:00:00+03:00,-229.45,1755.55,10,10,1,3,0.0
16,preserve_safety_net,2022-06-01T01:00:00+03:00,-194.45,1755.55,10,10,1,3,0.0
16,preserve_safety_net,2022-07-01T01:00:00+03:00,-159.45,1755.55,10,10,1,3,0.0
16,preserve_safety_net,2022-08-01T01:00:00+03:00,-160.0,0.0,1,1,0,0,0.0
16,preserve_safety_net,2022-09-01T01:00:00+03:00,-195.0,0.0,1,1,0,0,0.0
16,preserve_safety_net,2022-10-03T01:00:00+03:00,-160.0,0.0,1,1,0,0,0.0
16,preserve_safety_net,2022-11-01T01:00:00+02:00,-268.5,1056.5,5,5,1,2,0.0
16,preserve_safety_net,2022-12-01T01:00:00+02:00,-233.5,1056.5,5,5,1,2,0.0
16,preserve_safety_net,2023-01-03T01:00:00+02:00,-265.0,0.0,1,1,0,0,0.0
16,preserve_safety_net,2023-02-01T01:00:00+02:00,-230.0,0.0,1,1,0,0,0.0
16,preserve_safety_net,2023-03-01T01:00:00+02:00,-128.5,1056.5,5,5,1,2,0.0
16,preserve_safety_net,2023-04-03T01:00:00+03:00,-160.0,0.0,1,1,0,0,0.0
16,preserve_safety_net,2023-05-01T01:00:00+03:00,-195.0,0.0,1,1,0,0,0.0
16,preserve_safety_net,2023-06-01T01:00:00+03:00,-160.0,0.0,1,1,0,0,0.0
16,preserve_safety_net,2023-07-03T01:00:00+03:00,-160.0,0.0,1,1,0,0,0.0
16,preserve_safety_net,2023-08-01T01:00:00+03:00,81481.65,91846.65,44,42,6,120,2584.0
16,preserve_safety_net,2023-09-01T01:00:00+03:00,-224.95,2720.05,16,16,2,4,0.0
16,preserve_safety_net,2023-10-02T01:00:00+03:00,76813.3,89628.3,58,42,5,117,478.65
16,preserve_safety_net,2023-11-01T01:00:00+02:00,86075.0,98855.0,58,42,5,133,27961.55
16,preserve_safety_net,2023-12-01T01:00:00+02:00,96984.9,109729.9,58,42,5,150,26178.65
16,preserve_safety_net,2024-01-02T01:00:00+02:00,-157.85,1507.15,8,8,1,2,0.0
16,preserve_safety_net,2024-02-01T01:00:00+02:00,93492.4,105147.4,49,34,3,144,25456.6
16,preserve_safety_net,2024-03-01T01:00:00+02:00,-195.0,0.0,1,1,0,0,0.0
16,preserve_safety_net,2024-04-01T01:00:00+03:00,-160.0,0.0,1,1,0,0,0.0
16,preserve_safety_net,2024-05-01T01:00:00+03:00,-125.6,1594.4,9,9,1,2,0.0
16,preserve_safety_net,2024-06-03T01:00:00+03:00,-130.1,519.9,1,1,0,1,0.0
16,preserve_safety_net,2024-07-01T01:00:00+03:00,-160.0,0.0,1,1,0,0,0.0
16,rush_to_uncapped,2020-01-02T01:00:00+02:00,-195.0,0.0,1,1,0,0,0.0
16,rush_to_uncapped,2020-02-03T01:00:00+02:00,-245.0,1500.0,5,5,1,3,0.0
16,rush_to_uncapped,2020-03-02T01:00:00+02:00,-160.0,0.0,1,1,0,0,0.0
16,rush_to_uncapped,2020-04-01T01:00:00+03:00,-175.0,1500.0,5,5,1,3,0.0
16,rush_to_uncapped,2020-05-01T01:00:00+03:00,-140.0,1500.0,5,5,1,3,0.0
16,rush_to_uncapped,2020-06-01T01:00:00+03:00,-230.0,0.0,1,1,0,0,0.0
16,rush_to_uncapped,2020-07-01T01:00:00+03:00,-195.0,0.0,1,1,0,0,0.0
16,rush_to_uncapped,2020-08-03T01:00:00+03:00,-160.0,0.0,1,1,0,0,0.0
16,rush_to_uncapped,2020-09-01T01:00:00+03:00,-230.0,0.0,1,1,0,0,0.0
16,rush_to_uncapped,2020-10-01T01:00:00+03:00,-195.0,0.0,1,1,0,0,0.0
16,rush_to_uncapped,2020-11-02T01:00:00+02:00,-160.0,0.0,1,1,0,0,0.0
16,rush_to_uncapped,2020-12-01T01:00:00+02:00,-195.0,0.0,1,1,0,0,0.0
16,rush_to_uncapped,2021-01-04T01:00:00+02:00,-160.0,0.0,1,1,0,0,0.0
16,rush_to_uncapped,2021-02-01T01:00:00+02:00,-160.0,0.0,1,1,0,0,0.0
16,rush_to_uncapped,2021-03-01T01:00:00+02:00,-195.0,0.0,1,1,0,0,0.0
16,rush_to_uncapped,2021-04-01T01:00:00+03:00,-160.0,0.0,1,1,0,0,0.0
16,rush_to_uncapped,2021-05-03T01:00:00+03:00,-220.0,500.0,1,1,0,1,0.0
16,rush_to_uncapped,2021-06-01T01:00:00+03:00,-185.0,500.0,1,1,0,1,0.0
16,rush_to_uncapped,2021-07-01T01:00:00+03:00,-150.0,500.0,1,1,0,1,0.0
16,rush_to_uncapped,2021-08-02T01:00:00+03:00,-195.0,0.0,1,1,0,0,0.0
16,rush_to_uncapped,2021-09-01T01:00:00+03:00,-160.0,0.0,1,1,0,0,0.0
16,rush_to_uncapped,2021-10-01T01:00:00+03:00,-150.0,500.0,1,1,0,1,0.0
16,rush_to_uncapped,2021-11-01T01:00:00+02:00,-160.0,0.0,1,1,0,0,0.0
16,rush_to_uncapped,2021-12-01T01:00:00+02:00,-220.0,500.0,1,1,0,1,0.0
16,rush_to_uncapped,2022-01-03T01:00:00+02:00,-185.0,500.0,1,1,0,1,0.0
16,rush_to_uncapped,2022-02-01T01:00:00+02:00,-150.0,500.0,1,1,0,1,0.0
16,rush_to_uncapped,2022-03-01T01:00:00+02:00,-195.0,0.0,1,1,0,0,0.0
16,rush_to_uncapped,2022-04-01T01:00:00+03:00,-160.0,0.0,1,1,0,0,0.0
16,rush_to_uncapped,2022-05-02T01:00:00+03:00,-220.0,2000.0,13,13,1,4,0.0
16,rush_to_uncapped,2022-06-01T01:00:00+03:00,-185.0,2000.0,13,13,1,4,0.0
16,rush_to_uncapped,2022-07-01T01:00:00+03:00,-150.0,2000.0,13,13,1,4,0.0
16,rush_to_uncapped,2022-08-01T01:00:00+03:00,-160.0,0.0,1,1,0,0,0.0
16,rush_to_uncapped,2022-09-01T01:00:00+03:00,-195.0,0.0,1,1,0,0,0.0
16,rush_to_uncapped,2022-10-03T01:00:00+03:00,-160.0,0.0,1,1,0,0,0.0
16,rush_to_uncapped,2022-11-01T01:00:00+02:00,-280.0,1500.0,5,5,1,3,0.0
16,rush_to_uncapped,2022-12-01T01:00:00+02:00,-245.0,1500.0,5,5,1,3,0.0
16,rush_to_uncapped,2023-01-03T01:00:00+02:00,-265.0,0.0,1,1,0,0,0.0
16,rush_to_uncapped,2023-02-01T01:00:00+02:00,-230.0,0.0,1,1,0,0,0.0
16,rush_to_uncapped,2023-03-01T01:00:00+02:00,-140.0,1500.0,5,5,1,3,0.0
16,rush_to_uncapped,2023-04-03T01:00:00+03:00,-160.0,0.0,1,1,0,0,0.0
16,rush_to_uncapped,2023-05-01T01:00:00+03:00,-195.0,0.0,1,1,0,0,0.0
16,rush_to_uncapped,2023-06-01T01:00:00+03:00,-160.0,0.0,1,1,0,0,0.0
16,rush_to_uncapped,2023-07-03T01:00:00+03:00,-160.0,0.0,1,1,0,0,0.0
16,rush_to_uncapped,2023-08-01T01:00:00+03:00,-295.0,4500.0,28,28,3,9,0.0
16,rush_to_uncapped,2023-09-01T01:00:00+03:00,66763.83,82833.83,72,56,10,135,4535.55
16,rush_to_uncapped,2023-10-02T01:00:00+03:00,-225.0,4500.0,28,28,3,9,0.0
16,rush_to_uncapped,2023-11-01T01:00:00+02:00,-190.0,4500.0,28,28,3,9,0.0
16,rush_to_uncapped,2023-12-01T01:00:00+02:00,-155.0,4500.0,28,28,3,9,0.0
16,rush_to_uncapped,2024-01-02T01:00:00+02:00,-140.0,1500.0,5,5,1,3,0.0
16,rush_to_uncapped,2024-02-01T01:00:00+02:00,79981.3,96536.3,77,69,12,167,3462.35
16,rush_to_uncapped,2024-03-01T01:00:00+02:00,-195.0,0.0,1,1,0,0,0.0
16,rush_to_uncapped,2024-04-01T01:00:00+03:00,-160.0,0.0,1,1,0,0,0.0
16,rush_to_uncapped,2024-05-01T01:00:00+03:00,-150.0,1500.0,9,9,2,3,0.0
16,rush_to_uncapped,2024-06-03T01:00:00+03:00,-150.0,1000.0,5,5,1,2,0.0
16,rush_to_uncapped,2024-07-01T01:00:00+03:00,-160.0,0.0,1,1,0,0,0.0
17,cap_maximizer,2020-01-02T01:00:00+02:00,-195.0,0.0,1,1,0,0,0.0
17,cap_maximizer,2020-02-03T01:00:00+02:00,-255.0,1500.0,2,2,0,1,0.0
17,cap_maximizer,2020-03-02T01:00:00+02:00,-160.0,0.0,1,1,0,0,0.0
17,cap_maximizer,2020-04-01T01:00:00+03:00,-185.0,1500.0,2,2,0,1,0.0
17,cap_maximizer,2020-05-01T01:00:00+03:00,-150.0,1500.0,2,2,0,1,0.0
17,cap_maximizer,2020-06-01T01:00:00+03:00,-230.0,0.0,1,1,0,0,0.0
17,cap_maximizer,2020-07-01T01:00:00+03:00,-195.0,0.0,1,1,0,0,0.0
17,cap_maximizer,2020-08-03T01:00:00+03:00,-160.0,0.0,1,1,0,0,0.0
17,cap_maximizer,2020-09-01T01:00:00+03:00,-230.0,0.0,1,1,0,0,0.0
17,cap_maximizer,2020-10-01T01:00:00+03:00,-195.0,0.0,1,1,0,0,0.0
17,cap_maximizer,2020-11-02T01:00:00+02:00,-160.0,0.0,1,1,0,0,0.0
17,cap_maximizer,2020-12-01T01:00:00+02:00,-195.0,0.0,1,1,0,0,0.0
17,cap_maximizer,2021-01-04T01:00:00+02:00,-160.0,0.0,1,1,0,0,0.0
17,cap_maximizer,2021-02-01T01:00:00+02:00,-160.0,0.0,1,1,0,0,0.0
17,cap_maximizer,2021-03-01T01:00:00+02:00,-195.0,0.0,1,1,0,0,0.0
17,cap_maximizer,2021-04-01T01:00:00+03:00,-160.0,0.0,1,1,0,0,0.0
17,cap_maximizer,2021-05-03T01:00:00+03:00,-230.0,0.0,1,1,0,0,0.0
17,cap_maximizer,2021-06-01T01:00:00+03:00,-195.0,0.0,1,1,0,0,0.0
17,cap_maximizer,2021-07-01T01:00:00+03:00,-160.0,0.0,1,1,0,0,0.0
17,cap_maximizer,2021-08-02T01:00:00+03:00,-195.0,0.0,1,1,0,0,0.0
17,cap_maximizer,2021-09-01T01:00:00+03:00,-160.0,0.0,1,1,0,0,0.0
17,cap_maximizer,2021-10-01T01:00:00+03:00,-160.0,0.0,1,1,0,0,0.0
17,cap_maximizer,2021-11-01T01:00:00+02:00,-160.0,0.0,1,1,0,0,0.0
17,cap_maximizer,2021-12-01T01:00:00+02:00,-200.0,1500.0,1,1,0,1,0.0
17,cap_maximizer,2022-01-03T01:00:00+02:00,-170.0,1500.0,3,3,1,1,0.0
17,cap_maximizer,2022-02-01T01:00:00+02:00,-135.0,1500.0,3,3,1,1,0.0
17,cap_maximizer,2022-03-01T01:00:00+02:00,-195.0,0.0,1,1,0,0,0.0
17,cap_maximizer,2022-04-01T01:00:00+03:00,-160.0,0.0,1,1,0,0,0.0
17,cap_maximizer,2022-05-02T01:00:00+03:00,-200.0,1500.0,1,1,0,1,0.0
17,cap_maximizer,2022-06-01T01:00:00+03:00,-165.0,1500.0,1,1,0,1,0.0
17,cap_maximizer,2022-07-01T01:00:00+03:00,-130.0,1500.0,1,1,0,1,0.0
17,cap_maximizer,2022-08-01T01:00:00+03:00,-160.0,0.0,1,1,0,0,0.0
17,cap_maximizer,2022-09-01T01:00:00+03:00,-195.0,0.0,1,1,0,0,0.0
17,cap_maximizer,2022-10-03T01:00:00+03:00,-160.0,0.0,1,1,0,0,0.0
17,cap_maximizer,2022-11-01T01:00:00+02:00,-270.0,1500.0,1,1,0,1,0.0
17,cap_maximizer,2022-12-01T01:00:00+02:00,-235.0,1500.0,1,1,0,1,0.0
17,cap_maximizer,2023-01-03T01:00:00+02:00,-265.0,0.0,1,1,0,0,0.0
17,cap_maximizer,2023-02-01T01:00:00+02:00,-230.0,0.0,1,1,0,0,0.0
17,cap_maximizer,2023-03-01T01:00:00+02:00,-130.0,1500.0,1,1,0,1,0.0
17,cap_maximizer,2023-04-03T01:00:00+03:00,-160.0,0.0,1,1,0,0,0.0
17,cap_maximizer,2023-05-01T01:00:00+03:00,-195.0,0.0,1,1,0,0,0.0
17,cap_maximizer,2023-06-01T01:00:00+03:00,-160.0,0.0,1,1,0,0,0.0
17,cap_maximizer,2023-07-03T01:00:00+03:00,-160.0,0.0,1,1,0,0,0.0
17,cap_maximizer,2023-08-01T01:00:00+03:00,-295.0,3000.0,16,16,1,2,0.0
17,cap_maximizer,2023-09-01T01:00:00+03:00,-225.0,3000.0,16,16,1,2,0.0
17,cap_maximizer,2023-10-02T01:00:00+03:00,66010.0,79500.0,55,38,5,53,651.25
17,cap_maximizer,2023-11-01T01:00:00+02:00,67545.0,81000.0,55,38,5,54,38155.2
17,cap_maximizer,2023-12-01T01:00:00+02:00,93080.0,106500.0,55,38,5,71,22315.45
17,cap_maximizer,2024-01-02T01:00:00+02:00,95625.0,109500.0,62,57,8,73,-2475.0
17,cap_maximizer,2024-02-01T01:00:00+02:00,-140.0,3000.0,17,17,3,2,0.0
17,cap_maximizer,2024-03-01T01:00:00+02:00,-195.0,0.0,1,1,0,0,0.0
17,cap_maximizer,2024-04-01T01:00:00+03:00,-160.0,0.0,1,1,0,0,0.0
17,cap_maximizer,2024-05-01T01:00:00+03:00,-130.0,1500.0,8,8,1,1,0.0
17,cap_maximizer,2024-06-03T01:00:00+03:00,94770.0,112500.0,78,63,7,75,25042.75
17,cap_maximizer,2024-07-01T01:00:00+03:00,-160.0,0.0,1,1,0,0,0.0
17,half_of_maximum,2020-01-02T01:00:00+02:00,-195.0,0.0,1,1,0,0,0.0
17,half_of_maximum,2020-02-03T01:00:00+02:00,-245.0,1500.0,5,5,1,3,0.0
17,half_of_maximum,2020-03-02T01:00:00+02:00,-160.0,0.0,1,1,0,0,0.0
17,half_of_maximum,2020-04-01T01:00:00+03:00,-175.0,1500.0,5,5,1,3,0.0
17,half_of_maximum,2020-05-01T01:00:00+03:00,-140.0,1500.0,5,5,1,3,0.0
17,half_of_maximum,2020-06-01T01:00:00+03:00,-230.0,0.0,1,1,0,0,0.0
17,half_of_maximum,2020-07-01T01:00:00+03:00,-195.0,0.0,1,1,0,0,0.0
17,half_of_maximum,2020-08-03T01:00:00+03:00,-160.0,0.0,1,1,0,0,0.0
17,half_of_maximum,2020-09-01T01:00:00+03:00,-230.0,0.0,1,1,0,0,0.0
17,half_of_maximum,2020-10-01T01:00:00+03:00,-195.0,0.0,1,1,0,0,0.0
17,half_of_maximum,2020-11-02T01:00:00+02:00,-160.0,0.0,1,1,0,0,0.0
17,half_of_maximum,2020-12-01T01:00:00+02:00,-195.0,0.0,1,1,0,0,0.0
17,half_of_maximum,2021-01-04T01:00:00+02:00,-160.0,0.0,1,1,0,0,0.0
17,half_of_maximum,2021-02-01T01:00:00+02:00,-160.0,0.0,1,1,0,0,0.0
17,half_of_maximum,2021-03-01T01:00:00+02:00,-195.0,0.0,1,1,0,0,0.0
17,half_of_maximum,2021-04-01T01:00:00+03:00,-160.0,0.0,1,1,0,0,0.0
17,half_of_maximum,2021-05-03T01:00:00+03:00,-220.0,500.0,1,1,0,1,0.0
17,half_of_maximum,2021-06-01T01:00:00+03:00,-185.0,500.0,1,1,0,1,0.0
17,half_of_maximum,2021-07-01T01:00:00+03:00,-150.0,500.0,1,1,0,1,0.0
17,half_of_maximum,2021-08-02T01:00:00+03:00,-195.0,0.0,1,1,0,0,0.0
17,half_of_maximum,2021-09-01T01:00:00+03:00,-160.0,0.0,1,1,0,0,0.0
17,half_of_maximum,2021-10-01T01:00:00+03:00,-150.0,500.0,1,1,0,1,0.0
17,half_of_maximum,2021-11-01T01:00:00+02:00,-160.0,0.0,1,1,0,0,0.0
17,half_of_maximum,2021-12-01T01:00:00+02:00,-220.0,500.0,1,1,0,1,0.0
17,half_of_maximum,2022-01-03T01:00:00+02:00,-185.0,500.0,1,1,0,1,0.0
17,half_of_maximum,2022-02-01T01:00:00+02:00,-150.0,500.0,1,1,0,1,0.0
17,half_of_maximum,2022-03-01T01:00:00+02:00,-195.0,0.0,1,1,0,0,0.0
17,half_of_maximum,2022-04-01T01:00:00+03:00,-160.0,0.0,1,1,0,0,0.0
17,half_of_maximum,2022-05-02T01:00:00+03:00,-205.5,2264.5,15,15,1,4,0.0
17,half_of_maximum,2022-06-01T01:00:00+03:00,-170.5,2264.5,15,15,1,4,0.0
17,half_of_maximum,2022-07-01T01:00:00+03:00,-135.5,2264.5,15,15,1,4,0.0
17,half_of_maximum,2022-08-01T01:00:00+03:00,-160.0,0.0,1,1,0,0,0.0
17,half_of_maximum,2022-09-01T01:00:00+03:00,-195.0,0.0,1,1,0,0,0.0
17,half_of_maximum,2022-10-03T01:00:00+03:00,-160.0,0.0,1,1,0,0,0.0
17,half_of_maximum,2022-11-01T01:00:00+02:00,-280.0,1500.0,5,5,1,3,0.0
17,half_of_maximum,2022-12-01T01:00:00+02:00,-245.0,1500.0,5,5,1,3,0.0
17,half_of_maximum,2023-01-03T01:00:00+02:00,-265.0,0.0,1,1,0,0,0.0
17,half_of_maximum,2023-02-01T01:00:00+02:00,-230.0,0.0,1,1,0,0,0.0
17,half_of_maximum,2023-03-01T01:00:00+02:00,-140.0,1500.0,5,5,1,3,0.0
17,half_of_maximum,2023-04-03T01:00:00+03:00,-160.0,0.0,1,1,0,0,0.0
17,half_of_maximum,2023-05-01T01:00:00+03:00,-195.0,0.0,1,1,0,0,0.0
17,half_of_maximum,2023-06-01T01:00:00+03:00,-160.0,0.0,1,1,0,0,0.0
17,half_of_maximum,2023-07-03T01:00:00+03:00,-160.0,0.0,1,1,0,0,0.0
17,half_of_maximum,2023-08-01T01:00:00+03:00,58526.11,72111.11,65,56,7,121,10217.7
17,half_of_maximum,2023-09-01T01:00:00+03:00,-215.0,3000.0,12,12,2,5,0.0
17,half_of_maximum,2023-10-02T01:00:00+03:00,55870.51,72105.51,82,65,8,121,-320.3
17,half_of_maximum,2023-11-01T01:00:00+02:00,64405.51,80605.51,82,65,8,138,30183.65
17,half_of_maximum,2023-12-01T01:00:00+02:00,84538.92,100703.92,82,65,8,172,19745.49
17,half_of_maximum,2024-01-02T01:00:00+02:00,-136.43,1503.57,5,5,1,3,0.0
17,half_of_maximum,2024-02-01T01:00:00+02:00,92405.58,109585.58,82,75,10,181,3176.95
17,half_of_maximum,2024-03-01T01:00:00+02:00,-195.0,0.0,1,1,0,0,0.0
17,half_of_maximum,2024-04-01T01:00:00+03:00,-160.0,0.0,1,1,0,0,0.0
17,half_of_maximum,2024-05-01T01:00:00+03:00,-155.9,1724.1,10,10,2,3,0.0
17,half_of_maximum,2024-06-03T01:00:00+03:00,-150.0,1000.0,5,5,1,2,0.0
17,half_of_maximum,2024-07-01T01:00:00+03:00,-160.0,0.0,1,1,0,0,0.0
17,maximum_always,2020-01-02T01:00:00+02:00,-195.0,0.0,1,1,0,0,0.0
17,maximum_always,2020-02-03T01:00:00+02:00,-250.15,1449.85,1,1,0,2,0.0
17,maximum_always,2020-03-02T01:00:00+02:00,-160.0,0.0,1,1,0,0,0.0
17,maximum_always,2020-04-01T01:00:00+03:00,-168.2,1496.8,1,1,0,2,0.0
17,maximum_always,2020-05-01T01:00:00+03:00,-133.2,1496.8,1,1,0,2,0.0
17,maximum_always,2020-06-01T01:00:00+03:00,-230.0,0.0,1,1,0,0,0.0
17,maximum_always,2020-07-01T01:00:00+03:00,-195.0,0.0,1,1,0,0,0.0
17,maximum_always,2020-08-03T01:00:00+03:00,-160.0,0.0,1,1,0,0,0.0
17,maximum_always,2020-09-01T01:00:00+03:00,-230.0,0.0,1,1,0,0,0.0
17,maximum_always,2020-10-01T01:00:00+03:00,-195.0,0.0,1,1,0,0,0.0
17,maximum_always,2020-11-02T01:00:00+02:00,-160.0,0.0,1,1,0,0,0.0
17,maximum_always,2020-12-01T01:00:00+02:00,-195.0,0.0,1,1,0,0,0.0
17,maximum_always,2021-01-04T01:00:00+02:00,-160.0,0.0,1,1,0,0,0.0
17,maximum_always,2021-02-01T01:00:00+02:00,-160.0,0.0,1,1,0,0,0.0
17,maximum_always,2021-03-01T01:00:00+02:00,-195.0,0.0,1,1,0,0,0.0
17,maximum_always,2021-04-01T01:00:00+03:00,-160.0,0.0,1,1,0,0,0.0
17,maximum_always,2021-05-03T01:00:00+03:00,-214.45,770.55,2,2,0,1,0.0
17,maximum_always,2021-06-01T01:00:00+03:00,-179.45,770.55,2,2,0,1,0.0
17,maximum_always,2021-07-01T01:00:00+03:00,-144.45,770.55,2,2,0,1,0.0
17,maximum_always,2021-08-02T01:00:00+03:00,-195.0,0.0,1,1,0,0,0.0
17,maximum_always,2021-09-01T01:00:00+03:00,-160.0,0.0,1,1,0,0,0.0
17,maximum_always,2021-10-01T01:00:00+03:00,-149.1,500.9,1,1,0,1,0.0
17,maximum_always,2021-11-01T01:00:00+02:00,-160.0,0.0,1,1,0,0,0.0
17,maximum_always,2021-12-01T01:00:00+02:00,-218.1,641.9,1,1,0,1,0.0
17,maximum_always,2022-01-03T01:00:00+02:00,-167.35,517.65,1,1,0,1,0.0
17,maximum_always,2022-02-01T01:00:00+02:00,-132.35,517.65,1,1,0,1,0.0
17,maximum_always,2022-03-01T01:00:00+02:00,-195.0,0.0,1,1,0,0,0.0
17,maximum_always,2022-04-01T01:00:00+03:00,-160.0,0.0,1,1,0,0,0.0
17,maximum_always,2022-05-02T01:00:00+03:00,-227.65,2062.35,13,13,1,3,0.0
17,maximum_always,2022-06-01T01:00:00+03:00,-192.65,2062.35,13,13,1,3,0.0
17,maximum_always,2022-07-01T01:00:00+03:00,-157.65,2062.35,13,13,1,3,0.0
17,maximum_always,2022-08-01T01:00:00+03:00,-160.0,0.0,1,1,0,0,0.0
17,maximum_always,2022-09-01T01:00:00+03:00,-195.0,0.0,1,1,0,0,0.0
17,maximum_always,2022-10-03T01:00:00+03:00,-160.0,0.0,1,1,0,0,0.0
17,maximum_always,2022-11-01T01:00:00+02:00,-292.5,1217.5,2,2,1,2,0.0
17,maximum_always,2022-12-01T01:00:00+02:00,-257.5,1217.5,2,2,1,2,0.0
17,maximum_always,2023-01-03T01:00:00+02:00,-265.0,0.0,1,1,0,0,0.0
17,maximum_always,2023-02-01T01:00:00+02:00,-230.0,0.0,1,1,0,0,0.0
17,maximum_always,2023-03-01T01:00:00+02:00,-152.5,1217.5,2,2,1,2,0.0
17,maximum_always,2023-04-03T01:00:00+03:00,-160.0,0.0,1,1,0,0,0.0
17,maximum_always,2023-05-01T01:00:00+03:00,-195.0,0.0,1,1,0,0,0.0
17,maximum_always,2023-06-01T01:00:00+03:00,-160.0,0.0,1,1,0,0,0.0
17,maximum_always,2023-07-03T01:00:00+03:00,-160.0,0.0,1,1,0,0,0.0
17,maximum_always,2023-08-01T01:00:00+03:00,70928.15,85603.15,67,67,9,109,0.0
17,maximum_always,2023-09-01T01:00:00+03:00,-207.4,3507.6,16,16,1,4,0.0
17,maximum_always,2023-10-02T01:00:00+03:00,67792.95,85152.95,84,67,9,105,-301.9
17,maximum_always,2023-11-01T01:00:00+02:00,78059.0,95384.0,84,67,9,122,28471.0
17,maximum_always,2023-12-01T01:00:00+02:00,106666.15,124551.15,84,84,10,156,0.0
17,maximum_always,2024-01-02T01:00:00+02:00,-147.85,2007.15,8,8,1,3,0.0
17,maximum_always,2024-02-01T01:00:00+02:00,100017.4,116357.4,68,68,8,146,0.0
17,maximum_always,2024-03-01T01:00:00+02:00,-195.0,0.0,1,1,0,0,0.0
17,maximum_always,2024-04-01T01:00:00+03:00,-160.0,0.0,1,1,0,0,0.0
17,maximum_always,2024-05-01T01:00:00+03:00,-146.8,2448.2,16,16,2,3,0.0
17,maximum_always,2024-06-03T01:00:00+03:00,-156.5,688.5,2,2,0,1,0.0
17,maximum_always,2024-07-01T01:00:00+03:00,-160.0,0.0,1,1,0,0,0.0
17,minimum_500_always,2020-01-02T01:00:00+02:00,-195.0,0.0,1,1,0,0,0.0
17,minimum_500_always,2020-02-03T01:00:00+02:00,-245.0,1500.0,5,5,1,3,0.0
17,minimum_500_always,2020-03-02T01:00:00+02:00,-160.0,0.0,1,1,0,0,0.0
17,minimum_500_always,2020-04-01T01:00:00+03:00,-175.0,1500.0,5,5,1,3,0.0
17,minimum_500_always,2020-05-01T01:00:00+03:00,-140.0,1500.0,5,5,1,3,0.0
17,minimum_500_always,2020-06-01T01:00:00+03:00,-230.0,0.0,1,1,0,0,0.0
17,minimum_500_always,2020-07-01T01:00:00+03:00,-195.0,0.0,1,1,0,0,0.0
17,minimum_500_always,2020-08-03T01:00:00+03:00,-160.0,0.0,1,1,0,0,0.0
17,minimum_500_always,2020-09-01T01:00:00+03:00,-230.0,0.0,1,1,0,0,0.0
17,minimum_500_always,2020-10-01T01:00:00+03:00,-195.0,0.0,1,1,0,0,0.0
17,minimum_500_always,2020-11-02T01:00:00+02:00,-160.0,0.0,1,1,0,0,0.0
17,minimum_500_always,2020-12-01T01:00:00+02:00,-195.0,0.0,1,1,0,0,0.0
17,minimum_500_always,2021-01-04T01:00:00+02:00,-160.0,0.0,1,1,0,0,0.0
17,minimum_500_always,2021-02-01T01:00:00+02:00,-160.0,0.0,1,1,0,0,0.0
17,minimum_500_always,2021-03-01T01:00:00+02:00,-195.0,0.0,1,1,0,0,0.0
17,minimum_500_always,2021-04-01T01:00:00+03:00,-160.0,0.0,1,1,0,0,0.0
17,minimum_500_always,2021-05-03T01:00:00+03:00,-220.0,500.0,1,1,0,1,0.0
17,minimum_500_always,2021-06-01T01:00:00+03:00,-185.0,500.0,1,1,0,1,0.0
17,minimum_500_always,2021-07-01T01:00:00+03:00,-150.0,500.0,1,1,0,1,0.0
17,minimum_500_always,2021-08-02T01:00:00+03:00,-195.0,0.0,1,1,0,0,0.0
17,minimum_500_always,2021-09-01T01:00:00+03:00,-160.0,0.0,1,1,0,0,0.0
17,minimum_500_always,2021-10-01T01:00:00+03:00,-150.0,500.0,1,1,0,1,0.0
17,minimum_500_always,2021-11-01T01:00:00+02:00,-160.0,0.0,1,1,0,0,0.0
17,minimum_500_always,2021-12-01T01:00:00+02:00,-220.0,500.0,1,1,0,1,0.0
17,minimum_500_always,2022-01-03T01:00:00+02:00,-185.0,500.0,1,1,0,1,0.0
17,minimum_500_always,2022-02-01T01:00:00+02:00,-150.0,500.0,1,1,0,1,0.0
17,minimum_500_always,2022-03-01T01:00:00+02:00,-195.0,0.0,1,1,0,0,0.0
17,minimum_500_always,2022-04-01T01:00:00+03:00,-160.0,0.0,1,1,0,0,0.0
17,minimum_500_always,2022-05-02T01:00:00+03:00,-220.0,2000.0,13,13,1,4,0.0
17,minimum_500_always,2022-06-01T01:00:00+03:00,-185.0,2000.0,13,13,1,4,0.0
17,minimum_500_always,2022-07-01T01:00:00+03:00,-150.0,2000.0,13,13,1,4,0.0
17,minimum_500_always,2022-08-01T01:00:00+03:00,-160.0,0.0,1,1,0,0,0.0
17,minimum_500_always,2022-09-01T01:00:00+03:00,-195.0,0.0,1,1,0,0,0.0
17,minimum_500_always,2022-10-03T01:00:00+03:00,-160.0,0.0,1,1,0,0,0.0
17,minimum_500_always,2022-11-01T01:00:00+02:00,-280.0,1500.0,5,5,1,3,0.0
17,minimum_500_always,2022-12-01T01:00:00+02:00,-245.0,1500.0,5,5,1,3,0.0
17,minimum_500_always,2023-01-03T01:00:00+02:00,-265.0,0.0,1,1,0,0,0.0
17,minimum_500_always,2023-02-01T01:00:00+02:00,-230.0,0.0,1,1,0,0,0.0
17,minimum_500_always,2023-03-01T01:00:00+02:00,-140.0,1500.0,5,5,1,3,0.0
17,minimum_500_always,2023-04-03T01:00:00+03:00,-160.0,0.0,1,1,0,0,0.0
17,minimum_500_always,2023-05-01T01:00:00+03:00,-195.0,0.0,1,1,0,0,0.0
17,minimum_500_always,2023-06-01T01:00:00+03:00,-160.0,0.0,1,1,0,0,0.0
17,minimum_500_always,2023-07-03T01:00:00+03:00,-160.0,0.0,1,1,0,0,0.0
17,minimum_500_always,2023-08-01T01:00:00+03:00,-295.0,4500.0,28,28,3,9,0.0
17,minimum_500_always,2023-09-01T01:00:00+03:00,79150.0,94000.0,74,57,11,188,5097.35
17,minimum_500_always,2023-10-02T01:00:00+03:00,-225.0,4500.0,28,28,3,9,0.0
17,minimum_500_always,2023-11-01T01:00:00+02:00,-190.0,4500.0,28,28,3,9,0.0
17,minimum_500_always,2023-12-01T01:00:00+02:00,-155.0,4500.0,28,28,3,9,0.0
17,minimum_500_always,2024-01-02T01:00:00+02:00,-140.0,1500.0,5,5,1,3,0.0
17,minimum_500_always,2024-02-01T01:00:00+02:00,94545.0,110500.0,82,73,10,221,3892.5
17,minimum_500_always,2024-03-01T01:00:00+02:00,-195.0,0.0,1,1,0,0,0.0
17,minimum_500_always,2024-04-01T01:00:00+03:00,-160.0,0.0,1,1,0,0,0.0
17,minimum_500_always,2024-05-01T01:00:00+03:00,-150.0,1500.0,9,9,2,3,0.0
17,minimum_500_always,2024-06-03T01:00:00+03:00,-150.0,1000.0,5,5,1,2,0.0
17,minimum_500_always,2024-07-01T01:00:00+03:00,-160.0,0.0,1,1,0,0,0.0
17,preserve_safety_net,2020-01-02T01:00:00+02:00,-195.0,0.0,1,1,0,0,0.0
17,preserve_safety_net,2020-02-03T01:00:00+02:00,-257.4,1162.6,1,1,0,2,0.0
17,preserve_safety_net,2020-03-02T01:00:00+02:00,-160.0,0.0,1,1,0,0,0.0
17,preserve_safety_net,2020-04-01T01:00:00+03:00,-175.45,1209.55,1,1,0,2,0.0
17,preserve_safety_net,2020-05-01T01:00:00+03:00,-140.45,1209.55,1,1,0,2,0.0
17,preserve_safety_net,2020-06-01T01:00:00+03:00,-230.0,0.0,1,1,0,0,0.0
17,preserve_safety_net,2020-07-01T01:00:00+03:00,-195.0,0.0,1,1,0,0,0.0
17,preserve_safety_net,2020-08-03T01:00:00+03:00,-160.0,0.0,1,1,0,0,0.0
17,preserve_safety_net,2020-09-01T01:00:00+03:00,-230.0,0.0,1,1,0,0,0.0
17,preserve_safety_net,2020-10-01T01:00:00+03:00,-195.0,0.0,1,1,0,0,0.0
17,preserve_safety_net,2020-11-02T01:00:00+02:00,-160.0,0.0,1,1,0,0,0.0
17,preserve_safety_net,2020-12-01T01:00:00+02:00,-195.0,0.0,1,1,0,0,0.0
17,preserve_safety_net,2021-01-04T01:00:00+02:00,-160.0,0.0,1,1,0,0,0.0
17,preserve_safety_net,2021-02-01T01:00:00+02:00,-160.0,0.0,1,1,0,0,0.0
17,preserve_safety_net,2021-03-01T01:00:00+02:00,-195.0,0.0,1,1,0,0,0.0
17,preserve_safety_net,2021-04-01T01:00:00+03:00,-160.0,0.0,1,1,0,0,0.0
17,preserve_safety_net,2021-05-03T01:00:00+03:00,-230.0,0.0,1,1,0,0,0.0
17,preserve_safety_net,2021-06-01T01:00:00+03:00,-195.0,0.0,1,1,0,0,0.0
17,preserve_safety_net,2021-07-01T01:00:00+03:00,-160.0,0.0,1,1,0,0,0.0
17,preserve_safety_net,2021-08-02T01:00:00+03:00,-195.0,0.0,1,1,0,0,0.0
17,preserve_safety_net,2021-09-01T01:00:00+03:00,-160.0,0.0,1,1,0,0,0.0
17,preserve_safety_net,2021-10-01T01:00:00+03:00,-160.0,0.0,1,1,0,0,0.0
17,preserve_safety_net,2021-11-01T01:00:00+02:00,-160.0,0.0,1,1,0,0,0.0
17,preserve_safety_net,2021-12-01T01:00:00+02:00,-209.45,705.55,2,2,0,1,0.0
17,preserve_safety_net,2022-01-03T01:00:00+02:00,-160.85,559.15,1,1,0,1,0.0
17,preserve_safety_net,2022-02-01T01:00:00+02:00,-125.85,559.15,1,1,0,1,0.0
17,preserve_safety_net,2022-03-01T01:00:00+02:00,-195.0,0.0,1,1,0,0,0.0
17,preserve_safety_net,2022-04-01T01:00:00+03:00,-160.0,0.0,1,1,0,0,0.0
17,preserve_safety_net,2022-05-02T01:00:00+03:00,-229.45,1755.55,10,10,1,3,0.0
17,preserve_safety_net,2022-06-01T01:00:00+03:00,-194.45,1755.55,10,10,1,3,0.0
17,preserve_safety_net,2022-07-01T01:00:00+03:00,-159.45,1755.55,10,10,1,3,0.0
17,preserve_safety_net,2022-08-01T01:00:00+03:00,-160.0,0.0,1,1,0,0,0.0
17,preserve_safety_net,2022-09-01T01:00:00+03:00,-195.0,0.0,1,1,0,0,0.0
17,preserve_safety_net,2022-10-03T01:00:00+03:00,-160.0,0.0,1,1,0,0,0.0
17,preserve_safety_net,2022-11-01T01:00:00+02:00,-268.5,1056.5,5,5,1,2,0.0
17,preserve_safety_net,2022-12-01T01:00:00+02:00,-233.5,1056.5,5,5,1,2,0.0
17,preserve_safety_net,2023-01-03T01:00:00+02:00,-265.0,0.0,1,1,0,0,0.0
17,preserve_safety_net,2023-02-01T01:00:00+02:00,-230.0,0.0,1,1,0,0,0.0
17,preserve_safety_net,2023-03-01T01:00:00+02:00,-128.5,1056.5,5,5,1,2,0.0
17,preserve_safety_net,2023-04-03T01:00:00+03:00,-160.0,0.0,1,1,0,0,0.0
17,preserve_safety_net,2023-05-01T01:00:00+03:00,-195.0,0.0,1,1,0,0,0.0
17,preserve_safety_net,2023-06-01T01:00:00+03:00,-160.0,0.0,1,1,0,0,0.0
17,preserve_safety_net,2023-07-03T01:00:00+03:00,-160.0,0.0,1,1,0,0,0.0
17,preserve_safety_net,2023-08-01T01:00:00+03:00,87206.3,98156.3,47,44,6,128,3532.7
17,preserve_safety_net,2023-09-01T01:00:00+03:00,-224.95,2720.05,16,16,2,4,0.0
17,preserve_safety_net,2023-10-02T01:00:00+03:00,81980.15,95645.15,62,45,7,125,481.9
17,preserve_safety_net,2023-11-01T01:00:00+02:00,91776.15,105406.15,62,45,7,142,29724.85
17,preserve_safety_net,2023-12-01T01:00:00+02:00,103300.55,116895.55,62,45,7,160,27895.7
17,preserve_safety_net,2024-01-02T01:00:00+02:00,-157.85,1507.15,8,8,1,2,0.0
17,preserve_safety_net,2024-02-01T01:00:00+02:00,100578.55,112978.55,53,37,4,155,27194.0
17,preserve_safety_net,2024-03-01T01:00:00+02:00,-195.0,0.0,1,1,0,0,0.0
17,preserve_safety_net,2024-04-01T01:00:00+03:00,-160.0,0.0,1,1,0,0,0.0
17,preserve_safety_net,2024-05-01T01:00:00+03:00,-125.6,1594.4,9,9,1,2,0.0
17,preserve_safety_net,2024-06-03T01:00:00+03:00,-130.1,519.9,1,1,0,1,0.0
17,preserve_safety_net,2024-07-01T01:00:00+03:00,-160.0,0.0,1,1,0,0,0.0
17,rush_to_uncapped,2020-01-02T01:00:00+02:00,-195.0,0.0,1,1,0,0,0.0
17,rush_to_uncapped,2020-02-03T01:00:00+02:00,-245.0,1500.0,5,5,1,3,0.0
17,rush_to_uncapped,2020-03-02T01:00:00+02:00,-160.0,0.0,1,1,0,0,0.0
17,rush_to_uncapped,2020-04-01T01:00:00+03:00,-175.0,1500.0,5,5,1,3,0.0
17,rush_to_uncapped,2020-05-01T01:00:00+03:00,-140.0,1500.0,5,5,1,3,0.0
17,rush_to_uncapped,2020-06-01T01:00:00+03:00,-230.0,0.0,1,1,0,0,0.0
17,rush_to_uncapped,2020-07-01T01:00:00+03:00,-195.0,0.0,1,1,0,0,0.0
17,rush_to_uncapped,2020-08-03T01:00:00+03:00,-160.0,0.0,1,1,0,0,0.0
17,rush_to_uncapped,2020-09-01T01:00:00+03:00,-230.0,0.0,1,1,0,0,0.0
17,rush_to_uncapped,2020-10-01T01:00:00+03:00,-195.0,0.0,1,1,0,0,0.0
17,rush_to_uncapped,2020-11-02T01:00:00+02:00,-160.0,0.0,1,1,0,0,0.0
17,rush_to_uncapped,2020-12-01T01:00:00+02:00,-195.0,0.0,1,1,0,0,0.0
17,rush_to_uncapped,2021-01-04T01:00:00+02:00,-160.0,0.0,1,1,0,0,0.0
17,rush_to_uncapped,2021-02-01T01:00:00+02:00,-160.0,0.0,1,1,0,0,0.0
17,rush_to_uncapped,2021-03-01T01:00:00+02:00,-195.0,0.0,1,1,0,0,0.0
17,rush_to_uncapped,2021-04-01T01:00:00+03:00,-160.0,0.0,1,1,0,0,0.0
17,rush_to_uncapped,2021-05-03T01:00:00+03:00,-220.0,500.0,1,1,0,1,0.0
17,rush_to_uncapped,2021-06-01T01:00:00+03:00,-185.0,500.0,1,1,0,1,0.0
17,rush_to_uncapped,2021-07-01T01:00:00+03:00,-150.0,500.0,1,1,0,1,0.0
17,rush_to_uncapped,2021-08-02T01:00:00+03:00,-195.0,0.0,1,1,0,0,0.0
17,rush_to_uncapped,2021-09-01T01:00:00+03:00,-160.0,0.0,1,1,0,0,0.0
17,rush_to_uncapped,2021-10-01T01:00:00+03:00,-150.0,500.0,1,1,0,1,0.0
17,rush_to_uncapped,2021-11-01T01:00:00+02:00,-160.0,0.0,1,1,0,0,0.0
17,rush_to_uncapped,2021-12-01T01:00:00+02:00,-220.0,500.0,1,1,0,1,0.0
17,rush_to_uncapped,2022-01-03T01:00:00+02:00,-185.0,500.0,1,1,0,1,0.0
17,rush_to_uncapped,2022-02-01T01:00:00+02:00,-150.0,500.0,1,1,0,1,0.0
17,rush_to_uncapped,2022-03-01T01:00:00+02:00,-195.0,0.0,1,1,0,0,0.0
17,rush_to_uncapped,2022-04-01T01:00:00+03:00,-160.0,0.0,1,1,0,0,0.0
17,rush_to_uncapped,2022-05-02T01:00:00+03:00,-220.0,2000.0,13,13,1,4,0.0
17,rush_to_uncapped,2022-06-01T01:00:00+03:00,-185.0,2000.0,13,13,1,4,0.0
17,rush_to_uncapped,2022-07-01T01:00:00+03:00,-150.0,2000.0,13,13,1,4,0.0
17,rush_to_uncapped,2022-08-01T01:00:00+03:00,-160.0,0.0,1,1,0,0,0.0
17,rush_to_uncapped,2022-09-01T01:00:00+03:00,-195.0,0.0,1,1,0,0,0.0
17,rush_to_uncapped,2022-10-03T01:00:00+03:00,-160.0,0.0,1,1,0,0,0.0
17,rush_to_uncapped,2022-11-01T01:00:00+02:00,-280.0,1500.0,5,5,1,3,0.0
17,rush_to_uncapped,2022-12-01T01:00:00+02:00,-245.0,1500.0,5,5,1,3,0.0
17,rush_to_uncapped,2023-01-03T01:00:00+02:00,-265.0,0.0,1,1,0,0,0.0
17,rush_to_uncapped,2023-02-01T01:00:00+02:00,-230.0,0.0,1,1,0,0,0.0
17,rush_to_uncapped,2023-03-01T01:00:00+02:00,-140.0,1500.0,5,5,1,3,0.0
17,rush_to_uncapped,2023-04-03T01:00:00+03:00,-160.0,0.0,1,1,0,0,0.0
17,rush_to_uncapped,2023-05-01T01:00:00+03:00,-195.0,0.0,1,1,0,0,0.0
17,rush_to_uncapped,2023-06-01T01:00:00+03:00,-160.0,0.0,1,1,0,0,0.0
17,rush_to_uncapped,2023-07-03T01:00:00+03:00,-160.0,0.0,1,1,0,0,0.0
17,rush_to_uncapped,2023-08-01T01:00:00+03:00,-295.0,4500.0,28,28,3,9,0.0
17,rush_to_uncapped,2023-09-01T01:00:00+03:00,68483.83,85333.83,76,59,11,140,4901.55
17,rush_to_uncapped,2023-10-02T01:00:00+03:00,-225.0,4500.0,28,28,3,9,0.0
17,rush_to_uncapped,2023-11-01T01:00:00+02:00,-190.0,4500.0,28,28,3,9,0.0
17,rush_to_uncapped,2023-12-01T01:00:00+02:00,-155.0,4500.0,28,28,3,9,0.0
17,rush_to_uncapped,2024-01-02T01:00:00+02:00,-140.0,1500.0,5,5,1,3,0.0
17,rush_to_uncapped,2024-02-01T01:00:00+02:00,85014.79,102774.79,83,74,12,177,3892.5
17,rush_to_uncapped,2024-03-01T01:00:00+02:00,-195.0,0.0,1,1,0,0,0.0
17,rush_to_uncapped,2024-04-01T01:00:00+03:00,-160.0,0.0,1,1,0,0,0.0
17,rush_to_uncapped,2024-05-01T01:00:00+03:00,-150.0,1500.0,9,9,2,3,0.0
17,rush_to_uncapped,2024-06-03T01:00:00+03:00,-150.0,1000.0,5,5,1,2,0.0
17,rush_to_uncapped,2024-07-01T01:00:00+03:00,-160.0,0.0,1,1,0,0,0.0
18,cap_maximizer,2020-01-02T01:00:00+02:00,-195.0,0.0,1,1,0,0,0.0
18,cap_maximizer,2020-02-03T01:00:00+02:00,-255.0,1500.0,2,2,0,1,0.0
18,cap_maximizer,2020-03-02T01:00:00+02:00,-160.0,0.0,1,1,0,0,0.0
18,cap_maximizer,2020-04-01T01:00:00+03:00,-185.0,1500.0,2,2,0,1,0.0
18,cap_maximizer,2020-05-01T01:00:00+03:00,-150.0,1500.0,2,2,0,1,0.0
18,cap_maximizer,2020-06-01T01:00:00+03:00,-230.0,0.0,1,1,0,0,0.0
18,cap_maximizer,2020-07-01T01:00:00+03:00,-195.0,0.0,1,1,0,0,0.0
18,cap_maximizer,2020-08-03T01:00:00+03:00,-160.0,0.0,1,1,0,0,0.0
18,cap_maximizer,2020-09-01T01:00:00+03:00,-230.0,0.0,1,1,0,0,0.0
18,cap_maximizer,2020-10-01T01:00:00+03:00,-195.0,0.0,1,1,0,0,0.0
18,cap_maximizer,2020-11-02T01:00:00+02:00,-160.0,0.0,1,1,0,0,0.0
18,cap_maximizer,2020-12-01T01:00:00+02:00,-195.0,0.0,1,1,0,0,0.0
18,cap_maximizer,2021-01-04T01:00:00+02:00,-160.0,0.0,1,1,0,0,0.0
18,cap_maximizer,2021-02-01T01:00:00+02:00,-160.0,0.0,1,1,0,0,0.0
18,cap_maximizer,2021-03-01T01:00:00+02:00,-195.0,0.0,1,1,0,0,0.0
18,cap_maximizer,2021-04-01T01:00:00+03:00,-160.0,0.0,1,1,0,0,0.0
18,cap_maximizer,2021-05-03T01:00:00+03:00,-230.0,0.0,1,1,0,0,0.0
18,cap_maximizer,2021-06-01T01:00:00+03:00,-195.0,0.0,1,1,0,0,0.0
18,cap_maximizer,2021-07-01T01:00:00+03:00,-160.0,0.0,1,1,0,0,0.0
18,cap_maximizer,2021-08-02T01:00:00+03:00,-195.0,0.0,1,1,0,0,0.0
18,cap_maximizer,2021-09-01T01:00:00+03:00,-160.0,0.0,1,1,0,0,0.0
18,cap_maximizer,2021-10-01T01:00:00+03:00,-160.0,0.0,1,1,0,0,0.0
18,cap_maximizer,2021-11-01T01:00:00+02:00,-160.0,0.0,1,1,0,0,0.0
18,cap_maximizer,2021-12-01T01:00:00+02:00,-200.0,1500.0,1,1,0,1,0.0
18,cap_maximizer,2022-01-03T01:00:00+02:00,-170.0,1500.0,3,3,1,1,0.0
18,cap_maximizer,2022-02-01T01:00:00+02:00,-135.0,1500.0,3,3,1,1,0.0
18,cap_maximizer,2022-03-01T01:00:00+02:00,-195.0,0.0,1,1,0,0,0.0
18,cap_maximizer,2022-04-01T01:00:00+03:00,-160.0,0.0,1,1,0,0,0.0
18,cap_maximizer,2022-05-02T01:00:00+03:00,-200.0,1500.0,1,1,0,1,0.0
18,cap_maximizer,2022-06-01T01:00:00+03:00,-165.0,1500.0,1,1,0,1,0.0
18,cap_maximizer,2022-07-01T01:00:00+03:00,-130.0,1500.0,1,1,0,1,0.0
18,cap_maximizer,2022-08-01T01:00:00+03:00,-160.0,0.0,1,1,0,0,0.0
18,cap_maximizer,2022-09-01T01:00:00+03:00,-195.0,0.0,1,1,0,0,0.0
18,cap_maximizer,2022-10-03T01:00:00+03:00,-160.0,0.0,1,1,0,0,0.0
18,cap_maximizer,2022-11-01T01:00:00+02:00,-270.0,1500.0,1,1,0,1,0.0
18,cap_maximizer,2022-12-01T01:00:00+02:00,-235.0,1500.0,1,1,0,1,0.0
18,cap_maximizer,2023-01-03T01:00:00+02:00,-265.0,0.0,1,1,0,0,0.0
18,cap_maximizer,2023-02-01T01:00:00+02:00,-230.0,0.0,1,1,0,0,0.0
18,cap_maximizer,2023-03-01T01:00:00+02:00,-130.0,1500.0,1,1,0,1,0.0
18,cap_maximizer,2023-04-03T01:00:00+03:00,-160.0,0.0,1,1,0,0,0.0
18,cap_maximizer,2023-05-01T01:00:00+03:00,-195.0,0.0,1,1,0,0,0.0
18,cap_maximizer,2023-06-01T01:00:00+03:00,-160.0,0.0,1,1,0,0,0.0
18,cap_maximizer,2023-07-03T01:00:00+03:00,-160.0,0.0,1,1,0,0,0.0
18,cap_maximizer,2023-08-01T01:00:00+03:00,-275.0,3000.0,15,15,1,2,0.0
18,cap_maximizer,2023-09-01T01:00:00+03:00,-205.0,3000.0,15,15,1,2,0.0
18,cap_maximizer,2023-10-02T01:00:00+03:00,72820.0,87000.0,58,40,7,58,654.5
18,cap_maximizer,2023-11-01T01:00:00+02:00,74355.0,88500.0,58,40,7,59,40452.8
18,cap_maximizer,2023-12-01T01:00:00+02:00,101390.0,115500.0,58,40,7,77,23681.3
18,cap_maximizer,2024-01-02T01:00:00+02:00,95410.0,109500.0,64,58,6,73,-3107.1
18,cap_maximizer,2024-02-01T01:00:00+02:00,-160.0,3000.0,18,18,3,2,0.0
18,cap_maximizer,2024-03-01T01:00:00+02:00,-195.0,0.0,1,1,0,0,0.0
18,cap_maximizer,2024-04-01T01:00:00+03:00,-160.0,0.0,1,1,0,0,0.0
18,cap_maximizer,2024-05-01T01:00:00+03:00,-130.0,1500.0,8,8,1,1,0.0
18,cap_maximizer,2024-06-03T01:00:00+03:00,101065.0,120000.0,84,68,7,80,26556.5
18,cap_maximizer,2024-07-01T01:00:00+03:00,-160.0,0.0,1,1,0,0,0.0
18,half_of_maximum,2020-01-02T01:00:00+02:00,-195.0,0.0,1,1,0,0,0.0
18,half_of_maximum,2020-02-03T01:00:00+02:00,-245.0,1500.0,5,5,1,3,0.0
18,half_of_maximum,2020-03-02T01:00:00+02:00,-160.0,0.0,1,1,0,0,0.0
18,half_of_maximum,2020-04-01T01:00:00+03:00,-175.0,1500.0,5,5,1,3,0.0
18,half_of_maximum,2020-05-01T01:00:00+03:00,-140.0,1500.0,5,5,1,3,0.0
18,half_of_maximum,2020-06-01T01:00:00+03:00,-230.0,0.0,1,1,0,0,0.0
18,half_of_maximum,2020-07-01T01:00:00+03:00,-195.0,0.0,1,1,0,0,0.0
18,half_of_maximum,2020-08-03T01:00:00+03:00,-160.0,0.0,1,1,0,0,0.0
18,half_of_maximum,2020-09-01T01:00:00+03:00,-230.0,0.0,1,1,0,0,0.0
18,half_of_maximum,2020-10-01T01:00:00+03:00,-195.0,0.0,1,1,0,0,0.0
18,half_of_maximum,2020-11-02T01:00:00+02:00,-160.0,0.0,1,1,0,0,0.0
18,half_of_maximum,2020-12-01T01:00:00+02:00,-195.0,0.0,1,1,0,0,0.0
18,half_of_maximum,2021-01-04T01:00:00+02:00,-160.0,0.0,1,1,0,0,0.0
18,half_of_maximum,2021-02-01T01:00:00+02:00,-160.0,0.0,1,1,0,0,0.0
18,half_of_maximum,2021-03-01T01:00:00+02:00,-195.0,0.0,1,1,0,0,0.0
18,half_of_maximum,2021-04-01T01:00:00+03:00,-160.0,0.0,1,1,0,0,0.0
18,half_of_maximum,2021-05-03T01:00:00+03:00,-220.0,500.0,1,1,0,1,0.0
18,half_of_maximum,2021-06-01T01:00:00+03:00,-185.0,500.0,1,1,0,1,0.0
18,half_of_maximum,2021-07-01T01:00:00+03:00,-150.0,500.0,1,1,0,1,0.0
18,half_of_maximum,2021-08-02T01:00:00+03:00,-195.0,0.0,1,1,0,0,0.0
18,half_of_maximum,2021-09-01T01:00:00+03:00,-160.0,0.0,1,1,0,0,0.0
18,half_of_maximum,2021-10-01T01:00:00+03:00,-150.0,500.0,1,1,0,1,0.0
18,half_of_maximum,2021-11-01T01:00:00+02:00,-160.0,0.0,1,1,0,0,0.0
18,half_of_maximum,2021-12-01T01:00:00+02:00,-220.0,500.0,1,1,0,1,0.0
18,half_of_maximum,2022-01-03T01:00:00+02:00,-185.0,500.0,1,1,0,1,0.0
18,half_of_maximum,2022-02-01T01:00:00+02:00,-150.0,500.0,1,1,0,1,0.0
18,half_of_maximum,2022-03-01T01:00:00+02:00,-195.0,0.0,1,1,0,0,0.0
18,half_of_maximum,2022-04-01T01:00:00+03:00,-160.0,0.0,1,1,0,0,0.0
18,half_of_maximum,2022-05-02T01:00:00+03:00,-205.5,2264.5,15,15,1,4,0.0
18,half_of_maximum,2022-06-01T01:00:00+03:00,-170.5,2264.5,15,15,1,4,0.0
18,half_of_maximum,2022-07-01T01:00:00+03:00,-135.5,2264.5,15,15,1,4,0.0
18,half_of_maximum,2022-08-01T01:00:00+03:00,-160.0,0.0,1,1,0,0,0.0
18,half_of_maximum,2022-09-01T01:00:00+03:00,-195.0,0.0,1,1,0,0,0.0
18,half_of_maximum,2022-10-03T01:00:00+03:00,-160.0,0.0,1,1,0,0,0.0
18,half_of_maximum,2022-11-01T01:00:00+02:00,-280.0,1500.0,5,5,1,3,0.0
18,half_of_maximum,2022-12-01T01:00:00+02:00,-245.0,1500.0,5,5,1,3,0.0
18,half_of_maximum,2023-01-03T01:00:00+02:00,-265.0,0.0,1,1,0,0,0.0
18,half_of_maximum,2023-02-01T01:00:00+02:00,-230.0,0.0,1,1,0,0,0.0
18,half_of_maximum,2023-03-01T01:00:00+02:00,-140.0,1500.0,5,5,1,3,0.0
18,half_of_maximum,2023-04-03T01:00:00+03:00,-160.0,0.0,1,1,0,0,0.0
18,half_of_maximum,2023-05-01T01:00:00+03:00,-195.0,0.0,1,1,0,0,0.0
18,half_of_maximum,2023-06-01T01:00:00+03:00,-160.0,0.0,1,1,0,0,0.0
18,half_of_maximum,2023-07-03T01:00:00+03:00,-160.0,0.0,1,1,0,0,0.0
18,half_of_maximum,2023-08-01T01:00:00+03:00,62825.13,77100.13,68,59,7,129,10217.7
18,half_of_maximum,2023-09-01T01:00:00+03:00,-215.0,3000.0,12,12,2,5,0.0
18,half_of_maximum,2023-10-02T01:00:00+03:00,60009.53,77094.53,86,68,8,129,-414.95
18,half_of_maximum,2023-11-01T01:00:00+02:00,69044.53,86094.53,86,68,8,147,31883.35
18,half_of_maximum,2023-12-01T01:00:00+02:00,90305.76,107320.76,86,68,8,183,20885.62
18,half_of_maximum,2024-01-02T01:00:00+02:00,-136.43,1503.57,5,5,1,3,0.0
18,half_of_maximum,2024-02-01T01:00:00+02:00,98348.23,116413.23,86,79,10,192,3176.95
18,half_of_maximum,2024-03-01T01:00:00+02:00,-195.0,0.0,1,1,0,0,0.0
18,half_of_maximum,2024-04-01T01:00:00+03:00,-160.0,0.0,1,1,0,0,0.0
18,half_of_maximum,2024-05-01T01:00:00+03:00,-155.9,1724.1,10,10,2,3,0.0
18,half_of_maximum,2024-06-03T01:00:00+03:00,-150.0,1000.0,5,5,1,2,0.0
18,half_of_maximum,2024-07-01T01:00:00+03:00,-160.0,0.0,1,1,0,0,0.0
18,maximum_always,2020-01-02T01:00:00+02:00,-195.0,0.0,1,1,0,0,0.0
18,maximum_always,2020-02-03T01:00:00+02:00,-250.15,1449.85,1,1,0,2,0.0
18,maximum_always,2020-03-02T01:00:00+02:00,-160.0,0.0,1,1,0,0,0.0
18,maximum_always,2020-04-01T01:00:00+03:00,-168.2,1496.8,1,1,0,2,0.0
18,maximum_always,2020-05-01T01:00:00+03:00,-133.2,1496.8,1,1,0,2,0.0
18,maximum_always,2020-06-01T01:00:00+03:00,-230.0,0.0,1,1,0,0,0.0
18,maximum_always,2020-07-01T01:00:00+03:00,-195.0,0.0,1,1,0,0,0.0
18,maximum_always,2020-08-03T01:00:00+03:00,-160.0,0.0,1,1,0,0,0.0
18,maximum_always,2020-09-01T01:00:00+03:00,-230.0,0.0,1,1,0,0,0.0
18,maximum_always,2020-10-01T01:00:00+03:00,-195.0,0.0,1,1,0,0,0.0
18,maximum_always,2020-11-02T01:00:00+02:00,-160.0,0.0,1,1,0,0,0.0
18,maximum_always,2020-12-01T01:00:00+02:00,-195.0,0.0,1,1,0,0,0.0
18,maximum_always,2021-01-04T01:00:00+02:00,-160.0,0.0,1,1,0,0,0.0
18,maximum_always,2021-02-01T01:00:00+02:00,-160.0,0.0,1,1,0,0,0.0
18,maximum_always,2021-03-01T01:00:00+02:00,-195.0,0.0,1,1,0,0,0.0
18,maximum_always,2021-04-01T01:00:00+03:00,-160.0,0.0,1,1,0,0,0.0
18,maximum_always,2021-05-03T01:00:00+03:00,-214.45,770.55,2,2,0,1,0.0
18,maximum_always,2021-06-01T01:00:00+03:00,-179.45,770.55,2,2,0,1,0.0
18,maximum_always,2021-07-01T01:00:00+03:00,-144.45,770.55,2,2,0,1,0.0
18,maximum_always,2021-08-02T01:00:00+03:00,-195.0,0.0,1,1,0,0,0.0
18,maximum_always,2021-09-01T01:00:00+03:00,-160.0,0.0,1,1,0,0,0.0
18,maximum_always,2021-10-01T01:00:00+03:00,-149.1,500.9,1,1,0,1,0.0
18,maximum_always,2021-11-01T01:00:00+02:00,-160.0,0.0,1,1,0,0,0.0
18,maximum_always,2021-12-01T01:00:00+02:00,-218.1,641.9,1,1,0,1,0.0
18,maximum_always,2022-01-03T01:00:00+02:00,-167.35,517.65,1,1,0,1,0.0
18,maximum_always,2022-02-01T01:00:00+02:00,-132.35,517.65,1,1,0,1,0.0
18,maximum_always,2022-03-01T01:00:00+02:00,-195.0,0.0,1,1,0,0,0.0
18,maximum_always,2022-04-01T01:00:00+03:00,-160.0,0.0,1,1,0,0,0.0
18,maximum_always,2022-05-02T01:00:00+03:00,-207.65,2062.35,12,12,1,3,0.0
18,maximum_always,2022-06-01T01:00:00+03:00,-172.65,2062.35,12,12,1,3,0.0
18,maximum_always,2022-07-01T01:00:00+03:00,-137.65,2062.35,12,12,1,3,0.0
18,maximum_always,2022-08-01T01:00:00+03:00,-160.0,0.0,1,1,0,0,0.0
18,maximum_always,2022-09-01T01:00:00+03:00,-195.0,0.0,1,1,0,0,0.0
18,maximum_always,2022-10-03T01:00:00+03:00,-160.0,0.0,1,1,0,0,0.0
18,maximum_always,2022-11-01T01:00:00+02:00,-272.5,1217.5,1,1,0,2,0.0
18,maximum_always,2022-12-01T01:00:00+02:00,-237.5,1217.5,1,1,0,2,0.0
18,maximum_always,2023-01-03T01:00:00+02:00,-265.0,0.0,1,1,0,0,0.0
18,maximum_always,2023-02-01T01:00:00+02:00,-230.0,0.0,1,1,0,0,0.0
18,maximum_always,2023-03-01T01:00:00+02:00,-132.5,1217.5,1,1,0,2,0.0
18,maximum_always,2023-04-03T01:00:00+03:00,-160.0,0.0,1,1,0,0,0.0
18,maximum_always,2023-05-01T01:00:00+03:00,-195.0,0.0,1,1,0,0,0.0
18,maximum_always,2023-06-01T01:00:00+03:00,-160.0,0.0,1,1,0,0,0.0
18,maximum_always,2023-07-03T01:00:00+03:00,-160.0,0.0,1,1,0,0,0.0
18,maximum_always,2023-08-01T01:00:00+03:00,66272.05,81797.05,71,71,9,100,0.0
18,maximum_always,2023-09-01T01:00:00+03:00,-222.4,3507.6,15,15,1,4,0.0
18,maximum_always,2023-10-02T01:00:00+03:00,63383.9,81718.9,89,71,9,100,-396.55
18,maximum_always,2023-11-01T01:00:00+02:00,74298.7,92598.7,89,71,9,118,30021.95
18,maximum_always,2023-12-01T01:00:00+02:00,104462.75,123357.75,89,89,10,154,0.0
18,maximum_always,2024-01-02T01:00:00+02:00,-147.85,2007.15,8,8,1,3,0.0
18,maximum_always,2024-02-01T01:00:00+02:00,107831.15,125126.15,72,72,8,156,0.0
18,maximum_always,2024-03-01T01:00:00+02:00,-195.0,0.0,1,1,0,0,0.0
18,maximum_always,2024-04-01T01:00:00+03:00,-160.0,0.0,1,1,0,0,0.0
18,maximum_always,2024-05-01T01:00:00+03:00,-126.8,2448.2,15,15,2,3,0.0
18,maximum_always,2024-06-03T01:00:00+03:00,-136.5,688.5,1,1,0,1,0.0
18,maximum_always,2024-07-01T01:00:00+03:00,-160.0,0.0,1,1,0,0,0.0
18,minimum_500_always,2020-01-02T01:00:00+02:00,-195.0,0.0,1,1,0,0,0.0
18,minimum_500_always,2020-02-03T01:00:00+02:00,-245.0,1500.0,5,5,1,3,0.0
18,minimum_500_always,2020-03-02T01:00:00+02:00,-160.0,0.0,1,1,0,0,0.0
18,minimum_500_always,2020-04-01T01:00:00+03:00,-175.0,1500.0,5,5,1,3,0.0
18,minimum_500_always,2020-05-01T01:00:00+03:00,-140.0,1500.0,5,5,1,3,0.0
18,minimum_500_always,2020-06-01T01:00:00+03:00,-230.0,0.0,1,1,0,0,0.0
18,minimum_500_always,2020-07-01T01:00:00+03:00,-195.0,0.0,1,1,0,0,0.0
18,minimum_500_always,2020-08-03T01:00:00+03:00,-160.0,0.0,1,1,0,0,0.0
18,minimum_500_always,2020-09-01T01:00:00+03:00,-230.0,0.0,1,1,0,0,0.0
18,minimum_500_always,2020-10-01T01:00:00+03:00,-195.0,0.0,1,1,0,0,0.0
18,minimum_500_always,2020-11-02T01:00:00+02:00,-160.0,0.0,1,1,0,0,0.0
18,minimum_500_always,2020-12-01T01:00:00+02:00,-195.0,0.0,1,1,0,0,0.0
18,minimum_500_always,2021-01-04T01:00:00+02:00,-160.0,0.0,1,1,0,0,0.0
18,minimum_500_always,2021-02-01T01:00:00+02:00,-160.0,0.0,1,1,0,0,0.0
18,minimum_500_always,2021-03-01T01:00:00+02:00,-195.0,0.0,1,1,0,0,0.0
18,minimum_500_always,2021-04-01T01:00:00+03:00,-160.0,0.0,1,1,0,0,0.0
18,minimum_500_always,2021-05-03T01:00:00+03:00,-220.0,500.0,1,1,0,1,0.0
18,minimum_500_always,2021-06-01T01:00:00+03:00,-185.0,500.0,1,1,0,1,0.0
18,minimum_500_always,2021-07-01T01:00:00+03:00,-150.0,500.0,1,1,0,1,0.0
18,minimum_500_always,2021-08-02T01:00:00+03:00,-195.0,0.0,1,1,0,0,0.0
18,minimum_500_always,2021-09-01T01:00:00+03:00,-160.0,0.0,1,1,0,0,0.0
18,minimum_500_always,2021-10-01T01:00:00+03:00,-150.0,500.0,1,1,0,1,0.0
18,minimum_500_always,2021-11-01T01:00:00+02:00,-160.0,0.0,1,1,0,0,0.0
18,minimum_500_always,2021-12-01T01:00:00+02:00,-220.0,500.0,1,1,0,1,0.0
18,minimum_500_always,2022-01-03T01:00:00+02:00,-185.0,500.0,1,1,0,1,0.0
18,minimum_500_always,2022-02-01T01:00:00+02:00,-150.0,500.0,1,1,0,1,0.0
18,minimum_500_always,2022-03-01T01:00:00+02:00,-195.0,0.0,1,1,0,0,0.0
18,minimum_500_always,2022-04-01T01:00:00+03:00,-160.0,0.0,1,1,0,0,0.0
18,minimum_500_always,2022-05-02T01:00:00+03:00,-220.0,2000.0,13,13,1,4,0.0
18,minimum_500_always,2022-06-01T01:00:00+03:00,-185.0,2000.0,13,13,1,4,0.0
18,minimum_500_always,2022-07-01T01:00:00+03:00,-150.0,2000.0,13,13,1,4,0.0
18,minimum_500_always,2022-08-01T01:00:00+03:00,-160.0,0.0,1,1,0,0,0.0
18,minimum_500_always,2022-09-01T01:00:00+03:00,-195.0,0.0,1,1,0,0,0.0
18,minimum_500_always,2022-10-03T01:00:00+03:00,-160.0,0.0,1,1,0,0,0.0
18,minimum_500_always,2022-11-01T01:00:00+02:00,-280.0,1500.0,5,5,1,3,0.0
18,minimum_500_always,2022-12-01T01:00:00+02:00,-245.0,1500.0,5,5,1,3,0.0
18,minimum_500_always,2023-01-03T01:00:00+02:00,-265.0,0.0,1,1,0,0,0.0
18,minimum_500_always,2023-02-01T01:00:00+02:00,-230.0,0.0,1,1,0,0,0.0
18,minimum_500_always,2023-03-01T01:00:00+02:00,-140.0,1500.0,5,5,1,3,0.0
18,minimum_500_always,2023-04-03T01:00:00+03:00,-160.0,0.0,1,1,0,0,0.0
18,minimum_500_always,2023-05-01T01:00:00+03:00,-195.0,0.0,1,1,0,0,0.0
18,minimum_500_always,2023-06-01T01:00:00+03:00,-160.0,0.0,1,1,0,0,0.0
18,minimum_500_always,2023-07-03T01:00:00+03:00,-160.0,0.0,1,1,0,0,0.0
18,minimum_500_always,2023-08-01T01:00:00+03:00,-275.0,4500.0,27,27,3,9,0.0
18,minimum_500_always,2023-09-01T01:00:00+03:00,80300.0,96000.0,78,60,12,192,5320.45
18,minimum_500_always,2023-10-02T01:00:00+03:00,-205.0,4500.0,27,27,3,9,0.0
18,minimum_500_always,2023-11-01T01:00:00+02:00,-170.0,4500.0,27,27,3,9,0.0
18,minimum_500_always,2023-12-01T01:00:00+02:00,-135.0,4500.0,27,27,3,9,0.0
18,minimum_500_always,2024-01-02T01:00:00+02:00,-140.0,1500.0,5,5,1,3,0.0
18,minimum_500_always,2024-02-01T01:00:00+02:00,97125.0,114500.0,90,80,10,229,4322.65
18,minimum_500_always,2024-03-01T01:00:00+02:00,-195.0,0.0,1,1,0,0,0.0
18,minimum_500_always,2024-04-01T01:00:00+03:00,-160.0,0.0,1,1,0,0,0.0
18,minimum_500_always,2024-05-01T01:00:00+03:00,-150.0,1500.0,9,9,2,3,0.0
18,minimum_500_always,2024-06-03T01:00:00+03:00,-150.0,1000.0,5,5,1,2,0.0
18,minimum_500_always,2024-07-01T01:00:00+03:00,-160.0,0.0,1,1,0,0,0.0
18,preserve_safety_net,2020-01-02T01:00:00+02:00,-195.0,0.0,1,1,0,0,0.0
18,preserve_safety_net,2020-02-03T01:00:00+02:00,-257.4,1162.6,1,1,0,2,0.0
18,preserve_safety_net,2020-03-02T01:00:00+02:00,-160.0,0.0,1,1,0,0,0.0
18,preserve_safety_net,2020-04-01T01:00:00+03:00,-175.45,1209.55,1,1,0,2,0.0
18,preserve_safety_net,2020-05-01T01:00:00+03:00,-140.45,1209.55,1,1,0,2,0.0
18,preserve_safety_net,2020-06-01T01:00:00+03:00,-230.0,0.0,1,1,0,0,0.0
18,preserve_safety_net,2020-07-01T01:00:00+03:00,-195.0,0.0,1,1,0,0,0.0
18,preserve_safety_net,2020-08-03T01:00:00+03:00,-160.0,0.0,1,1,0,0,0.0
18,preserve_safety_net,2020-09-01T01:00:00+03:00,-230.0,0.0,1,1,0,0,0.0
18,preserve_safety_net,2020-10-01T01:00:00+03:00,-195.0,0.0,1,1,0,0,0.0
18,preserve_safety_net,2020-11-02T01:00:00+02:00,-160.0,0.0,1,1,0,0,0.0
18,preserve_safety_net,2020-12-01T01:00:00+02:00,-195.0,0.0,1,1,0,0,0.0
18,preserve_safety_net,2021-01-04T01:00:00+02:00,-160.0,0.0,1,1,0,0,0.0
18,preserve_safety_net,2021-02-01T01:00:00+02:00,-160.0,0.0,1,1,0,0,0.0
18,preserve_safety_net,2021-03-01T01:00:00+02:00,-195.0,0.0,1,1,0,0,0.0
18,preserve_safety_net,2021-04-01T01:00:00+03:00,-160.0,0.0,1,1,0,0,0.0
18,preserve_safety_net,2021-05-03T01:00:00+03:00,-230.0,0.0,1,1,0,0,0.0
18,preserve_safety_net,2021-06-01T01:00:00+03:00,-195.0,0.0,1,1,0,0,0.0
18,preserve_safety_net,2021-07-01T01:00:00+03:00,-160.0,0.0,1,1,0,0,0.0
18,preserve_safety_net,2021-08-02T01:00:00+03:00,-195.0,0.0,1,1,0,0,0.0
18,preserve_safety_net,2021-09-01T01:00:00+03:00,-160.0,0.0,1,1,0,0,0.0
18,preserve_safety_net,2021-10-01T01:00:00+03:00,-160.0,0.0,1,1,0,0,0.0
18,preserve_safety_net,2021-11-01T01:00:00+02:00,-160.0,0.0,1,1,0,0,0.0
18,preserve_safety_net,2021-12-01T01:00:00+02:00,-224.45,705.55,1,1,0,1,0.0
18,preserve_safety_net,2022-01-03T01:00:00+02:00,-160.85,559.15,1,1,0,1,0.0
18,preserve_safety_net,2022-02-01T01:00:00+02:00,-125.85,559.15,1,1,0,1,0.0
18,preserve_safety_net,2022-03-01T01:00:00+02:00,-195.0,0.0,1,1,0,0,0.0
18,preserve_safety_net,2022-04-01T01:00:00+03:00,-160.0,0.0,1,1,0,0,0.0
18,preserve_safety_net,2022-05-02T01:00:00+03:00,-229.45,1755.55,10,10,1,3,0.0
18,preserve_safety_net,2022-06-01T01:00:00+03:00,-194.45,1755.55,10,10,1,3,0.0
18,preserve_safety_net,2022-07-01T01:00:00+03:00,-159.45,1755.55,10,10,1,3,0.0
18,preserve_safety_net,2022-08-01T01:00:00+03:00,-160.0,0.0,1,1,0,0,0.0
18,preserve_safety_net,2022-09-01T01:00:00+03:00,-195.0,0.0,1,1,0,0,0.0
18,preserve_safety_net,2022-10-03T01:00:00+03:00,-160.0,0.0,1,1,0,0,0.0
18,preserve_safety_net,2022-11-01T01:00:00+02:00,-268.5,1056.5,5,5,1,2,0.0
18,preserve_safety_net,2022-12-01T01:00:00+02:00,-233.5,1056.5,5,5,1,2,0.0
18,preserve_safety_net,2023-01-03T01:00:00+02:00,-265.0,0.0,1,1,0,0,0.0
18,preserve_safety_net,2023-02-01T01:00:00+02:00,-230.0,0.0,1,1,0,0,0.0
18,preserve_safety_net,2023-03-01T01:00:00+02:00,-128.5,1056.5,5,5,1,2,0.0
18,preserve_safety_net,2023-04-03T01:00:00+03:00,-160.0,0.0,1,1,0,0,0.0
18,preserve_safety_net,2023-05-01T01:00:00+03:00,-195.0,0.0,1,1,0,0,0.0
18,preserve_safety_net,2023-06-01T01:00:00+03:00,-160.0,0.0,1,1,0,0,0.0
18,preserve_safety_net,2023-07-03T01:00:00+03:00,-160.0,0.0,1,1,0,0,0.0
18,preserve_safety_net,2023-08-01T01:00:00+03:00,92930.95,104465.95,50,46,6,136,4481.4
18,preserve_safety_net,2023-09-01T01:00:00+03:00,-224.95,2720.05,16,16,2,4,0.0
18,preserve_safety_net,2023-10-02T01:00:00+03:00,86894.0,101339.0,66,48,7,132,485.15
18,preserve_safety_net,2023-11-01T01:00:00+02:00,97224.3,111634.3,66,48,7,150,31488.15
18,preserve_safety_net,2023-12-01T01:00:00+02:00,109363.2,123738.2,66,48,7,169,29612.75
18,preserve_safety_net,2024-01-02T01:00:00+02:00,-157.85,1507.15,8,8,1,2,0.0
18,preserve_safety_net,2024-02-01T01:00:00+02:00,105685.3,118740.3,56,39,4,163,28931.4
18,preserve_safety_net,2024-03-01T01:00:00+02:00,-195.0,0.0,1,1,0,0,0.0
18,preserve_safety_net,2024-04-01T01:00:00+03:00,-160.0,0.0,1,1,0,0,0.0
18,preserve_safety_net,2024-05-01T01:00:00+03:00,-125.6,1594.4,9,9,1,2,0.0
18,preserve_safety_net,2024-06-03T01:00:00+03:00,-130.1,519.9,1,1,0,1,0.0
18,preserve_safety_net,2024-07-01T01:00:00+03:00,-160.0,0.0,1,1,0,0,0.0
18,rush_to_uncapped,2020-01-02T01:00:00+02:00,-195.0,0.0,1,1,0,0,0.0
18,rush_to_uncapped,2020-02-03T01:00:00+02:00,-245.0,1500.0,5,5,1,3,0.0
18,rush_to_uncapped,2020-03-02T01:00:00+02:00,-160.0,0.0,1,1,0,0,0.0
18,rush_to_uncapped,2020-04-01T01:00:00+03:00,-175.0,1500.0,5,5,1,3,0.0
18,rush_to_uncapped,2020-05-01T01:00:00+03:00,-140.0,1500.0,5,5,1,3,0.0
18,rush_to_uncapped,2020-06-01T01:00:00+03:00,-230.0,0.0,1,1,0,0,0.0
18,rush_to_uncapped,2020-07-01T01:00:00+03:00,-195.0,0.0,1,1,0,0,0.0
18,rush_to_uncapped,2020-08-03T01:00:00+03:00,-160.0,0.0,1,1,0,0,0.0
18,rush_to_uncapped,2020-09-01T01:00:00+03:00,-230.0,0.0,1,1,0,0,0.0
18,rush_to_uncapped,2020-10-01T01:00:00+03:00,-195.0,0.0,1,1,0,0,0.0
18,rush_to_uncapped,2020-11-02T01:00:00+02:00,-160.0,0.0,1,1,0,0,0.0
18,rush_to_uncapped,2020-12-01T01:00:00+02:00,-195.0,0.0,1,1,0,0,0.0
18,rush_to_uncapped,2021-01-04T01:00:00+02:00,-160.0,0.0,1,1,0,0,0.0
18,rush_to_uncapped,2021-02-01T01:00:00+02:00,-160.0,0.0,1,1,0,0,0.0
18,rush_to_uncapped,2021-03-01T01:00:00+02:00,-195.0,0.0,1,1,0,0,0.0
18,rush_to_uncapped,2021-04-01T01:00:00+03:00,-160.0,0.0,1,1,0,0,0.0
18,rush_to_uncapped,2021-05-03T01:00:00+03:00,-220.0,500.0,1,1,0,1,0.0
18,rush_to_uncapped,2021-06-01T01:00:00+03:00,-185.0,500.0,1,1,0,1,0.0
18,rush_to_uncapped,2021-07-01T01:00:00+03:00,-150.0,500.0,1,1,0,1,0.0
18,rush_to_uncapped,2021-08-02T01:00:00+03:00,-195.0,0.0,1,1,0,0,0.0
18,rush_to_uncapped,2021-09-01T01:00:00+03:00,-160.0,0.0,1,1,0,0,0.0
18,rush_to_uncapped,2021-10-01T01:00:00+03:00,-150.0,500.0,1,1,0,1,0.0
18,rush_to_uncapped,2021-11-01T01:00:00+02:00,-160.0,0.0,1,1,0,0,0.0
18,rush_to_uncapped,2021-12-01T01:00:00+02:00,-220.0,500.0,1,1,0,1,0.0
18,rush_to_uncapped,2022-01-03T01:00:00+02:00,-185.0,500.0,1,1,0,1,0.0
18,rush_to_uncapped,2022-02-01T01:00:00+02:00,-150.0,500.0,1,1,0,1,0.0
18,rush_to_uncapped,2022-03-01T01:00:00+02:00,-195.0,0.0,1,1,0,0,0.0
18,rush_to_uncapped,2022-04-01T01:00:00+03:00,-160.0,0.0,1,1,0,0,0.0
18,rush_to_uncapped,2022-05-02T01:00:00+03:00,-220.0,2000.0,13,13,1,4,0.0
18,rush_to_uncapped,2022-06-01T01:00:00+03:00,-185.0,2000.0,13,13,1,4,0.0
18,rush_to_uncapped,2022-07-01T01:00:00+03:00,-150.0,2000.0,13,13,1,4,0.0
18,rush_to_uncapped,2022-08-01T01:00:00+03:00,-160.0,0.0,1,1,0,0,0.0
18,rush_to_uncapped,2022-09-01T01:00:00+03:00,-195.0,0.0,1,1,0,0,0.0
18,rush_to_uncapped,2022-10-03T01:00:00+03:00,-160.0,0.0,1,1,0,0,0.0
18,rush_to_uncapped,2022-11-01T01:00:00+02:00,-280.0,1500.0,5,5,1,3,0.0
18,rush_to_uncapped,2022-12-01T01:00:00+02:00,-245.0,1500.0,5,5,1,3,0.0
18,rush_to_uncapped,2023-01-03T01:00:00+02:00,-265.0,0.0,1,1,0,0,0.0
18,rush_to_uncapped,2023-02-01T01:00:00+02:00,-230.0,0.0,1,1,0,0,0.0
18,rush_to_uncapped,2023-03-01T01:00:00+02:00,-140.0,1500.0,5,5,1,3,0.0
18,rush_to_uncapped,2023-04-03T01:00:00+03:00,-160.0,0.0,1,1,0,0,0.0
18,rush_to_uncapped,2023-05-01T01:00:00+03:00,-195.0,0.0,1,1,0,0,0.0
18,rush_to_uncapped,2023-06-01T01:00:00+03:00,-160.0,0.0,1,1,0,0,0.0
18,rush_to_uncapped,2023-07-03T01:00:00+03:00,-160.0,0.0,1,1,0,0,0.0
18,rush_to_uncapped,2023-08-01T01:00:00+03:00,-275.0,4500.0,27,27,3,9,0.0
18,rush_to_uncapped,2023-09-01T01:00:00+03:00,72337.32,90072.32,80,62,11,147,5196.1
18,rush_to_uncapped,2023-10-02T01:00:00+03:00,-205.0,4500.0,27,27,3,9,0.0
18,rush_to_uncapped,2023-11-01T01:00:00+02:00,-170.0,4500.0,27,27,3,9,0.0
18,rush_to_uncapped,2023-12-01T01:00:00+02:00,-135.0,4500.0,27,27,3,9,0.0
18,rush_to_uncapped,2024-01-02T01:00:00+02:00,-140.0,1500.0,5,5,1,3,0.0
18,rush_to_uncapped,2024-02-01T01:00:00+02:00,88963.19,107913.19,90,80,12,187,4322.65
18,rush_to_uncapped,2024-03-01T01:00:00+02:00,-195.0,0.0,1,1,0,0,0.0
18,rush_to_uncapped,2024-04-01T01:00:00+03:00,-160.0,0.0,1,1,0,0,0.0
18,rush_to_uncapped,2024-05-01T01:00:00+03:00,-150.0,1500.0,9,9,2,3,0.0
18,rush_to_uncapped,2024-06-03T01:00:00+03:00,-150.0,1000.0,5,5,1,2,0.0
18,rush_to_uncapped,2024-07-01T01:00:00+03:00,-160.0,0.0,1,1,0,0,0.0
19,cap_maximizer,2020-01-02T01:00:00+02:00,-195.0,0.0,1,1,0,0,0.0
19,cap_maximizer,2020-02-03T01:00:00+02:00,-255.0,1500.0,2,2,0,1,0.0
19,cap_maximizer,2020-03-02T01:00:00+02:00,-160.0,0.0,1,1,0,0,0.0
19,cap_maximizer,2020-04-01T01:00:00+03:00,-185.0,1500.0,2,2,0,1,0.0
19,cap_maximizer,2020-05-01T01:00:00+03:00,-150.0,1500.0,2,2,0,1,0.0
19,cap_maximizer,2020-06-01T01:00:00+03:00,-230.0,0.0,1,1,0,0,0.0
19,cap_maximizer,2020-07-01T01:00:00+03:00,-195.0,0.0,1,1,0,0,0.0
19,cap_maximizer,2020-08-03T01:00:00+03:00,-160.0,0.0,1,1,0,0,0.0
19,cap_maximizer,2020-09-01T01:00:00+03:00,-230.0,0.0,1,1,0,0,0.0
19,cap_maximizer,2020-10-01T01:00:00+03:00,-195.0,0.0,1,1,0,0,0.0
19,cap_maximizer,2020-11-02T01:00:00+02:00,-160.0,0.0,1,1,0,0,0.0
19,cap_maximizer,2020-12-01T01:00:00+02:00,-195.0,0.0,1,1,0,0,0.0
19,cap_maximizer,2021-01-04T01:00:00+02:00,-160.0,0.0,1,1,0,0,0.0
19,cap_maximizer,2021-02-01T01:00:00+02:00,-160.0,0.0,1,1,0,0,0.0
19,cap_maximizer,2021-03-01T01:00:00+02:00,-195.0,0.0,1,1,0,0,0.0
19,cap_maximizer,2021-04-01T01:00:00+03:00,-160.0,0.0,1,1,0,0,0.0
19,cap_maximizer,2021-05-03T01:00:00+03:00,-230.0,0.0,1,1,0,0,0.0
19,cap_maximizer,2021-06-01T01:00:00+03:00,-195.0,0.0,1,1,0,0,0.0
19,cap_maximizer,2021-07-01T01:00:00+03:00,-160.0,0.0,1,1,0,0,0.0
19,cap_maximizer,2021-08-02T01:00:00+03:00,-195.0,0.0,1,1,0,0,0.0
19,cap_maximizer,2021-09-01T01:00:00+03:00,-160.0,0.0,1,1,0,0,0.0
19,cap_maximizer,2021-10-01T01:00:00+03:00,-160.0,0.0,1,1,0,0,0.0
19,cap_maximizer,2021-11-01T01:00:00+02:00,-160.0,0.0,1,1,0,0,0.0
19,cap_maximizer,2021-12-01T01:00:00+02:00,-200.0,1500.0,1,1,0,1,0.0
19,cap_maximizer,2022-01-03T01:00:00+02:00,-170.0,1500.0,3,3,0,1,0.0
19,cap_maximizer,2022-02-01T01:00:00+02:00,-135.0,1500.0,3,3,0,1,0.0
19,cap_maximizer,2022-03-01T01:00:00+02:00,-195.0,0.0,1,1,0,0,0.0
19,cap_maximizer,2022-04-01T01:00:00+03:00,-160.0,0.0,1,1,0,0,0.0
19,cap_maximizer,2022-05-02T01:00:00+03:00,-200.0,1500.0,1,1,0,1,0.0
19,cap_maximizer,2022-06-01T01:00:00+03:00,-165.0,1500.0,1,1,0,1,0.0
19,cap_maximizer,2022-07-01T01:00:00+03:00,-130.0,1500.0,1,1,0,1,0.0
19,cap_maximizer,2022-08-01T01:00:00+03:00,-160.0,0.0,1,1,0,0,0.0
19,cap_maximizer,2022-09-01T01:00:00+03:00,-195.0,0.0,1,1,0,0,0.0
19,cap_maximizer,2022-10-03T01:00:00+03:00,-160.0,0.0,1,1,0,0,0.0
19,cap_maximizer,2022-11-01T01:00:00+02:00,-270.0,1500.0,1,1,0,1,0.0
19,cap_maximizer,2022-12-01T01:00:00+02:00,-235.0,1500.0,1,1,0,1,0.0
19,cap_maximizer,2023-01-03T01:00:00+02:00,-265.0,0.0,1,1,0,0,0.0
19,cap_maximizer,2023-02-01T01:00:00+02:00,-230.0,0.0,1,1,0,0,0.0
19,cap_maximizer,2023-03-01T01:00:00+02:00,-130.0,1500.0,1,1,0,1,0.0
19,cap_maximizer,2023-04-03T01:00:00+03:00,-160.0,0.0,1,1,0,0,0.0
19,cap_maximizer,2023-05-01T01:00:00+03:00,-195.0,0.0,1,1,0,0,0.0
19,cap_maximizer,2023-06-01T01:00:00+03:00,-160.0,0.0,1,1,0,0,0.0
19,cap_maximizer,2023-07-03T01:00:00+03:00,-160.0,0.0,1,1,0,0,0.0
19,cap_maximizer,2023-08-01T01:00:00+03:00,-290.0,3000.0,14,14,1,2,0.0
19,cap_maximizer,2023-09-01T01:00:00+03:00,-220.0,3000.0,14,14,1,2,0.0
19,cap_maximizer,2023-10-02T01:00:00+03:00,79630.0,94500.0,61,42,6,63,657.75
19,cap_maximizer,2023-11-01T01:00:00+02:00,81165.0,96000.0,61,42,6,64,42750.4
19,cap_maximizer,2023-12-01T01:00:00+02:00,109700.0,124500.0,61,42,6,83,25047.15
19,cap_maximizer,2024-01-02T01:00:00+02:00,-150.0,3000.0,14,14,1,2,0.0
19,cap_maximizer,2024-02-01T01:00:00+02:00,-145.0,3000.0,19,19,3,2,0.0
19,cap_maximizer,2024-03-01T01:00:00+02:00,-195.0,0.0,1,1,0,0,0.0
19,cap_maximizer,2024-04-01T01:00:00+03:00,-160.0,0.0,1,1,0,0,0.0
19,cap_maximizer,2024-05-01T01:00:00+03:00,-145.0,1500.0,7,7,1,1,0.0
19,cap_maximizer,2024-06-03T01:00:00+03:00,104575.0,124500.0,88,71,7,83,27209.85
19,cap_maximizer,2024-07-01T01:00:00+03:00,-160.0,0.0,1,1,0,0,0.0
19,half_of_maximum,2020-01-02T01:00:00+02:00,-195.0,0.0,1,1,0,0,0.0
19,half_of_maximum,2020-02-03T01:00:00+02:00,-245.0,1500.0,5,5,1,3,0.0
19,half_of_maximum,2020-03-02T01:00:00+02:00,-160.0,0.0,1,1,0,0,0.0
19,half_of_maximum,2020-04-01T01:00:00+03:00,-175.0,1500.0,5,5,1,3,0.0
19,half_of_maximum,2020-05-01T01:00:00+03:00,-140.0,1500.0,5,5,1,3,0.0
19,half_of_maximum,2020-06-01T01:00:00+03:00,-230.0,0.0,1,1,0,0,0.0
19,half_of_maximum,2020-07-01T01:00:00+03:00,-195.0,0.0,1,1,0,0,0.0
19,half_of_maximum,2020-08-03T01:00:00+03:00,-160.0,0.0,1,1,0,0,0.0
19,half_of_maximum,2020-09-01T01:00:00+03:00,-230.0,0.0,1,1,0,0,0.0
19,half_of_maximum,2020-10-01T01:00:00+03:00,-195.0,0.0,1,1,0,0,0.0
19,half_of_maximum,2020-11-02T01:00:00+02:00,-160.0,0.0,1,1,0,0,0.0
19,half_of_maximum,2020-12-01T01:00:00+02:00,-195.0,0.0,1,1,0,0,0.0
19,half_of_maximum,2021-01-04T01:00:00+02:00,-160.0,0.0,1,1,0,0,0.0
19,half_of_maximum,2021-02-01T01:00:00+02:00,-160.0,0.0,1,1,0,0,0.0
19,half_of_maximum,2021-03-01T01:00:00+02:00,-195.0,0.0,1,1,0,0,0.0
19,half_of_maximum,2021-04-01T01:00:00+03:00,-160.0,0.0,1,1,0,0,0.0
19,half_of_maximum,2021-05-03T01:00:00+03:00,-220.0,500.0,1,1,0,1,0.0
19,half_of_maximum,2021-06-01T01:00:00+03:00,-185.0,500.0,1,1,0,1,0.0
19,half_of_maximum,2021-07-01T01:00:00+03:00,-150.0,500.0,1,1,0,1,0.0
19,half_of_maximum,2021-08-02T01:00:00+03:00,-195.0,0.0,1,1,0,0,0.0
19,half_of_maximum,2021-09-01T01:00:00+03:00,-160.0,0.0,1,1,0,0,0.0
19,half_of_maximum,2021-10-01T01:00:00+03:00,-150.0,500.0,1,1,0,1,0.0
19,half_of_maximum,2021-11-01T01:00:00+02:00,-160.0,0.0,1,1,0,0,0.0
19,half_of_maximum,2021-12-01T01:00:00+02:00,-220.0,500.0,1,1,0,1,0.0
19,half_of_maximum,2022-01-03T01:00:00+02:00,-185.0,500.0,1,1,0,1,0.0
19,half_of_maximum,2022-02-01T01:00:00+02:00,-150.0,500.0,1,1,0,1,0.0
19,half_of_maximum,2022-03-01T01:00:00+02:00,-195.0,0.0,1,1,0,0,0.0
19,half_of_maximum,2022-04-01T01:00:00+03:00,-160.0,0.0,1,1,0,0,0.0
19,half_of_maximum,2022-05-02T01:00:00+03:00,-205.5,2264.5,15,15,1,4,0.0
19,half_of_maximum,2022-06-01T01:00:00+03:00,-170.5,2264.5,15,15,1,4,0.0
19,half_of_maximum,2022-07-01T01:00:00+03:00,-135.5,2264.5,15,15,1,4,0.0
19,half_of_maximum,2022-08-01T01:00:00+03:00,-160.0,0.0,1,1,0,0,0.0
19,half_of_maximum,2022-09-01T01:00:00+03:00,-195.0,0.0,1,1,0,0,0.0
19,half_of_maximum,2022-10-03T01:00:00+03:00,-160.0,0.0,1,1,0,0,0.0
19,half_of_maximum,2022-11-01T01:00:00+02:00,-280.0,1500.0,5,5,1,3,0.0
19,half_of_maximum,2022-12-01T01:00:00+02:00,-245.0,1500.0,5,5,1,3,0.0
19,half_of_maximum,2023-01-03T01:00:00+02:00,-265.0,0.0,1,1,0,0,0.0
19,half_of_maximum,2023-02-01T01:00:00+02:00,-230.0,0.0,1,1,0,0,0.0
19,half_of_maximum,2023-03-01T01:00:00+02:00,-140.0,1500.0,5,5,1,3,0.0
19,half_of_maximum,2023-04-03T01:00:00+03:00,-160.0,0.0,1,1,0,0,0.0
19,half_of_maximum,2023-05-01T01:00:00+03:00,-195.0,0.0,1,1,0,0,0.0
19,half_of_maximum,2023-06-01T01:00:00+03:00,-160.0,0.0,1,1,0,0,0.0
19,half_of_maximum,2023-07-03T01:00:00+03:00,-160.0,0.0,1,1,0,0,0.0
19,half_of_maximum,2023-08-01T01:00:00+03:00,-269.4,3005.6,15,15,1,5,0.0
19,half_of_maximum,2023-09-01T01:00:00+03:00,-200.0,3000.0,13,13,2,5,0.0
19,half_of_maximum,2023-10-02T01:00:00+03:00,-205.0,3000.0,15,15,1,5,0.0
19,half_of_maximum,2023-11-01T01:00:00+02:00,-170.0,3000.0,15,15,1,5,0.0
19,half_of_maximum,2023-12-01T01:00:00+02:00,-135.0,3000.0,15,15,1,5,0.0
19,half_of_maximum,2024-01-02T01:00:00+02:00,-136.43,1503.57,5,5,1,3,0.0
19,half_of_maximum,2024-02-01T01:00:00+02:00,104080.07,123030.07,90,83,10,203,3176.95
19,half_of_maximum,2024-03-01T01:00:00+02:00,-195.0,0.0,1,1,0,0,0.0
19,half_of_maximum,2024-04-01T01:00:00+03:00,-160.0,0.0,1,1,0,0,0.0
19,half_of_maximum,2024-05-01T01:00:00+03:00,-155.9,1724.1,10,10,2,3,0.0
19,half_of_maximum,2024-06-03T01:00:00+03:00,-150.0,1000.0,5,5,1,2,0.0
19,half_of_maximum,2024-07-01T01:00:00+03:00,-160.0,0.0,1,1,0,0,0.0
19,maximum_always,2020-01-02T01:00:00+02:00,-195.0,0.0,1,1,0,0,0.0
19,maximum_always,2020-02-03T01:00:00+02:00,-250.15,1449.85,1,1,0,2,0.0
19,maximum_always,2020-03-02T01:00:00+02:00,-160.0,0.0,1,1,0,0,0.0
19,maximum_always,2020-04-01T01:00:00+03:00,-168.2,1496.8,1,1,0,2,0.0
19,maximum_always,2020-05-01T01:00:00+03:00,-133.2,1496.8,1,1,0,2,0.0
19,maximum_always,2020-06-01T01:00:00+03:00,-230.0,0.0,1,1,0,0,0.0
19,maximum_always,2020-07-01T01:00:00+03:00,-195.0,0.0,1,1,0,0,0.0
19,maximum_always,2020-08-03T01:00:00+03:00,-160.0,0.0,1,1,0,0,0.0
19,maximum_always,2020-09-01T01:00:00+03:00,-230.0,0.0,1,1,0,0,0.0
19,maximum_always,2020-10-01T01:00:00+03:00,-195.0,0.0,1,1,0,0,0.0
19,maximum_always,2020-11-02T01:00:00+02:00,-160.0,0.0,1,1,0,0,0.0
19,maximum_always,2020-12-01T01:00:00+02:00,-195.0,0.0,1,1,0,0,0.0
19,maximum_always,2021-01-04T01:00:00+02:00,-160.0,0.0,1,1,0,0,0.0
19,maximum_always,2021-02-01T01:00:00+02:00,-160.0,0.0,1,1,0,0,0.0
19,maximum_always,2021-03-01T01:00:00+02:00,-195.0,0.0,1,1,0,0,0.0
19,maximum_always,2021-04-01T01:00:00+03:00,-160.0,0.0,1,1,0,0,0.0
19,maximum_always,2021-05-03T01:00:00+03:00,-229.45,770.55,1,1,0,1,0.0
19,maximum_always,2021-06-01T01:00:00+03:00,-194.45,770.55,1,1,0,1,0.0
19,maximum_always,2021-07-01T01:00:00+03:00,-159.45,770.55,1,1,0,1,0.0
19,maximum_always,2021-08-02T01:00:00+03:00,-195.0,0.0,1,1,0,0,0.0
19,maximum_always,2021-09-01T01:00:00+03:00,-160.0,0.0,1,1,0,0,0.0
19,maximum_always,2021-10-01T01:00:00+03:00,-149.1,500.9,1,1,0,1,0.0
19,maximum_always,2021-11-01T01:00:00+02:00,-160.0,0.0,1,1,0,0,0.0
19,maximum_always,2021-12-01T01:00:00+02:00,-218.1,641.9,1,1,0,1,0.0
19,maximum_always,2022-01-03T01:00:00+02:00,-167.35,517.65,1,1,0,1,0.0
19,maximum_always,2022-02-01T01:00:00+02:00,-132.35,517.65,1,1,0,1,0.0
19,maximum_always,2022-03-01T01:00:00+02:00,-195.0,0.0,1,1,0,0,0.0
19,maximum_always,2022-04-01T01:00:00+03:00,-160.0,0.0,1,1,0,0,0.0
19,maximum_always,2022-05-02T01:00:00+03:00,-207.65,2062.35,12,12,1,3,0.0
19,maximum_always,2022-06-01T01:00:00+03:00,-172.65,2062.35,12,12,1,3,0.0
19,maximum_always,2022-07-01T01:00:00+03:00,-137.65,2062.35,12,12,1,3,0.0
19,maximum_always,2022-08-01T01:00:00+03:00,-160.0,0.0,1,1,0,0,0.0
19,maximum_always,2022-09-01T01:00:00+03:00,-195.0,0.0,1,1,0,0,0.0
19,maximum_always,2022-10-03T01:00:00+03:00,-160.0,0.0,1,1,0,0,0.0
19,maximum_always,2022-11-01T01:00:00+02:00,-272.5,1217.5,1,1,0,2,0.0
19,maximum_always,2022-12-01T01:00:00+02:00,-237.5,1217.5,1,1,0,2,0.0
19,maximum_always,2023-01-03T01:00:00+02:00,-265.0,0.0,1,1,0,0,0.0
19,maximum_always,2023-02-01T01:00:00+02:00,-230.0,0.0,1,1,0,0,0.0
19,maximum_always,2023-03-01T01:00:00+02:00,-132.5,1217.5,1,1,0,2,0.0
19,maximum_always,2023-04-03T01:00:00+03:00,-160.0,0.0,1,1,0,0,0.0
19,maximum_always,2023-05-01T01:00:00+03:00,-195.0,0.0,1,1,0,0,0.0
19,maximum_always,2023-06-01T01:00:00+03:00,-160.0,0.0,1,1,0,0,0.0
19,maximum_always,2023-07-03T01:00:00+03:00,-160.0,0.0,1,1,0,0,0.0
19,maximum_always,2023-08-01T01:00:00+03:00,-292.65,3587.35,19,19,1,4,0.0
19,maximum_always,2023-09-01T01:00:00+03:00,-202.4,3507.6,14,14,1,4,0.0
19,maximum_always,2023-10-02T01:00:00+03:00,-195.8,3509.2,19,19,1,4,0.0
19,maximum_always,2023-11-01T01:00:00+02:00,-160.8,3509.2,19,19,1,4,0.0
19,maximum_always,2023-12-01T01:00:00+02:00,-125.8,3509.2,19,19,1,4,0.0
19,maximum_always,2024-01-02T01:00:00+02:00,-147.85,2007.15,8,8,1,3,0.0
19,maximum_always,2024-02-01T01:00:00+02:00,115679.9,133894.9,76,76,8,166,0.0
19,maximum_always,2024-03-01T01:00:00+02:00,-195.0,0.0,1,1,0,0,0.0
19,maximum_always,2024-04-01T01:00:00+03:00,-160.0,0.0,1,1,0,0,0.0
19,maximum_always,2024-05-01T01:00:00+03:00,-126.8,2448.2,15,15,2,3,0.0
19,maximum_always,2024-06-03T01:00:00+03:00,-136.5,688.5,1,1,0,1,0.0
19,maximum_always,2024-07-01T01:00:00+03:00,-160.0,0.0,1,1,0,0,0.0
19,minimum_500_always,2020-01-02T01:00:00+02:00,-195.0,0.0,1,1,0,0,0.0
19,minimum_500_always,2020-02-03T01:00:00+02:00,-245.0,1500.0,5,5,1,3,0.0
19,minimum_500_always,2020-03-02T01:00:00+02:00,-160.0,0.0,1,1,0,0,0.0
19,minimum_500_always,2020-04-01T01:00:00+03:00,-175.0,1500.0,5,5,1,3,0.0
19,minimum_500_always,2020-05-01T01:00:00+03:00,-140.0,1500.0,5,5,1,3,0.0
19,minimum_500_always,2020-06-01T01:00:00+03:00,-230.0,0.0,1,1,0,0,0.0
19,minimum_500_always,2020-07-01T01:00:00+03:00,-195.0,0.0,1,1,0,0,0.0
19,minimum_500_always,2020-08-03T01:00:00+03:00,-160.0,0.0,1,1,0,0,0.0
19,minimum_500_always,2020-09-01T01:00:00+03:00,-230.0,0.0,1,1,0,0,0.0
19,minimum_500_always,2020-10-01T01:00:00+03:00,-195.0,0.0,1,1,0,0,0.0
19,minimum_500_always,2020-11-02T01:00:00+02:00,-160.0,0.0,1,1,0,0,0.0
19,minimum_500_always,2020-12-01T01:00:00+02:00,-195.0,0.0,1,1,0,0,0.0
19,minimum_500_always,2021-01-04T01:00:00+02:00,-160.0,0.0,1,1,0,0,0.0
19,minimum_500_always,2021-02-01T01:00:00+02:00,-160.0,0.0,1,1,0,0,0.0
19,minimum_500_always,2021-03-01T01:00:00+02:00,-195.0,0.0,1,1,0,0,0.0
19,minimum_500_always,2021-04-01T01:00:00+03:00,-160.0,0.0,1,1,0,0,0.0
19,minimum_500_always,2021-05-03T01:00:00+03:00,-220.0,500.0,1,1,0,1,0.0
19,minimum_500_always,2021-06-01T01:00:00+03:00,-185.0,500.0,1,1,0,1,0.0
19,minimum_500_always,2021-07-01T01:00:00+03:00,-150.0,500.0,1,1,0,1,0.0
19,minimum_500_always,2021-08-02T01:00:00+03:00,-195.0,0.0,1,1,0,0,0.0
19,minimum_500_always,2021-09-01T01:00:00+03:00,-160.0,0.0,1,1,0,0,0.0
19,minimum_500_always,2021-10-01T01:00:00+03:00,-150.0,500.0,1,1,0,1,0.0
19,minimum_500_always,2021-11-01T01:00:00+02:00,-160.0,0.0,1,1,0,0,0.0
19,minimum_500_always,2021-12-01T01:00:00+02:00,-220.0,500.0,1,1,0,1,0.0
19,minimum_500_always,2022-01-03T01:00:00+02:00,-185.0,500.0,1,1,0,1,0.0
19,minimum_500_always,2022-02-01T01:00:00+02:00,-150.0,500.0,1,1,0,1,0.0
19,minimum_500_always,2022-03-01T01:00:00+02:00,-195.0,0.0,1,1,0,0,0.0
19,minimum_500_always,2022-04-01T01:00:00+03:00,-160.0,0.0,1,1,0,0,0.0
19,minimum_500_always,2022-05-02T01:00:00+03:00,-220.0,2000.0,13,13,1,4,0.0
19,minimum_500_always,2022-06-01T01:00:00+03:00,-185.0,2000.0,13,13,1,4,0.0
19,minimum_500_always,2022-07-01T01:00:00+03:00,-150.0,2000.0,13,13,1,4,0.0
19,minimum_500_always,2022-08-01T01:00:00+03:00,-160.0,0.0,1,1,0,0,0.0
19,minimum_500_always,2022-09-01T01:00:00+03:00,-195.0,0.0,1,1,0,0,0.0
19,minimum_500_always,2022-10-03T01:00:00+03:00,-160.0,0.0,1,1,0,0,0.0
19,minimum_500_always,2022-11-01T01:00:00+02:00,-280.0,1500.0,5,5,1,3,0.0
19,minimum_500_always,2022-12-01T01:00:00+02:00,-245.0,1500.0,5,5,1,3,0.0
19,minimum_500_always,2023-01-03T01:00:00+02:00,-265.0,0.0,1,1,0,0,0.0
19,minimum_500_always,2023-02-01T01:00:00+02:00,-230.0,0.0,1,1,0,0,0.0
19,minimum_500_always,2023-03-01T01:00:00+02:00,-140.0,1500.0,5,5,1,3,0.0
19,minimum_500_always,2023-04-03T01:00:00+03:00,-160.0,0.0,1,1,0,0,0.0
19,minimum_500_always,2023-05-01T01:00:00+03:00,-195.0,0.0,1,1,0,0,0.0
19,minimum_500_always,2023-06-01T01:00:00+03:00,-160.0,0.0,1,1,0,0,0.0
19,minimum_500_always,2023-07-03T01:00:00+03:00,-160.0,0.0,1,1,0,0,0.0
19,minimum_500_always,2023-08-01T01:00:00+03:00,-275.0,4500.0,27,27,3,9,0.0
19,minimum_500_always,2023-09-01T01:00:00+03:00,77360.0,94000.0,83,64,12,188,5543.55
19,minimum_500_always,2023-10-02T01:00:00+03:00,-205.0,4500.0,27,27,3,9,0.0
19,minimum_500_always,2023-11-01T01:00:00+02:00,-170.0,4500.0,27,27,3,9,0.0
19,minimum_500_always,2023-12-01T01:00:00+02:00,-135.0,4500.0,27,27,3,9,0.0
19,minimum_500_always,2024-01-02T01:00:00+02:00,-140.0,1500.0,5,5,1,3,0.0
19,minimum_500_always,2024-02-01T01:00:00+02:00,99435.0,118000.0,97,86,12,236,4752.8
19,minimum_500_always,2024-03-01T01:00:00+02:00,-195.0,0.0,1,1,0,0,0.0
19,minimum_500_always,2024-04-01T01:00:00+03:00,-160.0,0.0,1,1,0,0,0.0
19,minimum_500_always,2024-05-01T01:00:00+03:00,-150.0,1500.0,9,9,2,3,0.0
19,minimum_500_always,2024-06-03T01:00:00+03:00,-150.0,1000.0,5,5,1,2,0.0
19,minimum_500_always,2024-07-01T01:00:00+03:00,-160.0,0.0,1,1,0,0,0.0
19,preserve_safety_net,2020-01-02T01:00:00+02:00,-195.0,0.0,1,1,0,0,0.0
19,preserve_safety_net,2020-02-03T01:00:00+02:00,-257.4,1162.6,1,1,0,2,0.0
19,preserve_safety_net,2020-03-02T01:00:00+02:00,-160.0,0.0,1,1,0,0,0.0
19,preserve_safety_net,2020-04-01T01:00:00+03:00,-175.45,1209.55,1,1,0,2,0.0
19,preserve_safety_net,2020-05-01T01:00:00+03:00,-140.45,1209.55,1,1,0,2,0.0
19,preserve_safety_net,2020-06-01T01:00:00+03:00,-230.0,0.0,1,1,0,0,0.0
19,preserve_safety_net,2020-07-01T01:00:00+03:00,-195.0,0.0,1,1,0,0,0.0
19,preserve_safety_net,2020-08-03T01:00:00+03:00,-160.0,0.0,1,1,0,0,0.0
19,preserve_safety_net,2020-09-01T01:00:00+03:00,-230.0,0.0,1,1,0,0,0.0
19,preserve_safety_net,2020-10-01T01:00:00+03:00,-195.0,0.0,1,1,0,0,0.0
19,preserve_safety_net,2020-11-02T01:00:00+02:00,-160.0,0.0,1,1,0,0,0.0
19,preserve_safety_net,2020-12-01T01:00:00+02:00,-195.0,0.0,1,1,0,0,0.0
19,preserve_safety_net,2021-01-04T01:00:00+02:00,-160.0,0.0,1,1,0,0,0.0
19,preserve_safety_net,2021-02-01T01:00:00+02:00,-160.0,0.0,1,1,0,0,0.0
19,preserve_safety_net,2021-03-01T01:00:00+02:00,-195.0,0.0,1,1,0,0,0.0
19,preserve_safety_net,2021-04-01T01:00:00+03:00,-160.0,0.0,1,1,0,0,0.0
19,preserve_safety_net,2021-05-03T01:00:00+03:00,-230.0,0.0,1,1,0,0,0.0
19,preserve_safety_net,2021-06-01T01:00:00+03:00,-195.0,0.0,1,1,0,0,0.0
19,preserve_safety_net,2021-07-01T01:00:00+03:00,-160.0,0.0,1,1,0,0,0.0
19,preserve_safety_net,2021-08-02T01:00:00+03:00,-195.0,0.0,1,1,0,0,0.0
19,preserve_safety_net,2021-09-01T01:00:00+03:00,-160.0,0.0,1,1,0,0,0.0
19,preserve_safety_net,2021-10-01T01:00:00+03:00,-160.0,0.0,1,1,0,0,0.0
19,preserve_safety_net,2021-11-01T01:00:00+02:00,-160.0,0.0,1,1,0,0,0.0
19,preserve_safety_net,2021-12-01T01:00:00+02:00,-224.45,705.55,1,1,0,1,0.0
19,preserve_safety_net,2022-01-03T01:00:00+02:00,-160.85,559.15,1,1,0,1,0.0
19,preserve_safety_net,2022-02-01T01:00:00+02:00,-125.85,559.15,1,1,0,1,0.0
19,preserve_safety_net,2022-03-01T01:00:00+02:00,-195.0,0.0,1,1,0,0,0.0
19,preserve_safety_net,2022-04-01T01:00:00+03:00,-160.0,0.0,1,1,0,0,0.0
19,preserve_safety_net,2022-05-02T01:00:00+03:00,-229.45,1755.55,10,10,1,3,0.0
19,preserve_safety_net,2022-06-01T01:00:00+03:00,-194.45,1755.55,10,10,1,3,0.0
19,preserve_safety_net,2022-07-01T01:00:00+03:00,-159.45,1755.55,10,10,1,3,0.0
19,preserve_safety_net,2022-08-01T01:00:00+03:00,-160.0,0.0,1,1,0,0,0.0
19,preserve_safety_net,2022-09-01T01:00:00+03:00,-195.0,0.0,1,1,0,0,0.0
19,preserve_safety_net,2022-10-03T01:00:00+03:00,-160.0,0.0,1,1,0,0,0.0
19,preserve_safety_net,2022-11-01T01:00:00+02:00,-268.5,1056.5,5,5,1,2,0.0
19,preserve_safety_net,2022-12-01T01:00:00+02:00,-233.5,1056.5,5,5,1,2,0.0
19,preserve_safety_net,2023-01-03T01:00:00+02:00,-265.0,0.0,1,1,0,0,0.0
19,preserve_safety_net,2023-02-01T01:00:00+02:00,-230.0,0.0,1,1,0,0,0.0
19,preserve_safety_net,2023-03-01T01:00:00+02:00,-128.5,1056.5,5,5,1,2,0.0
19,preserve_safety_net,2023-04-03T01:00:00+03:00,-160.0,0.0,1,1,0,0,0.0
19,preserve_safety_net,2023-05-01T01:00:00+03:00,-195.0,0.0,1,1,0,0,0.0
19,preserve_safety_net,2023-06-01T01:00:00+03:00,-160.0,0.0,1,1,0,0,0.0
19,preserve_safety_net,2023-07-03T01:00:00+03:00,-160.0,0.0,1,1,0,0,0.0
19,preserve_safety_net,2023-08-01T01:00:00+03:00,98655.6,110775.6,53,48,6,144,5430.1
19,preserve_safety_net,2023-09-01T01:00:00+03:00,-224.95,2720.05,16,16,2,4,0.0
19,preserve_safety_net,2023-10-02T01:00:00+03:00,91807.85,107032.85,70,51,6,139,488.4
19,preserve_safety_net,2023-11-01T01:00:00+02:00,102672.45,117862.45,70,51,6,158,33251.45
19,preserve_safety_net,2023-12-01T01:00:00+02:00,115425.85,130580.85,70,51,6,178,31329.8
19,preserve_safety_net,2024-01-02T01:00:00+02:00,-157.85,1507.15,8,8,1,2,0.0
19,preserve_safety_net,2024-02-01T01:00:00+02:00,110792.05,124502.05,59,41,4,171,30668.8
19,preserve_safety_net,2024-03-01T01:00:00+02:00,-195.0,0.0,1,1,0,0,0.0
19,preserve_safety_net,2024-04-01T01:00:00+03:00,-160.0,0.0,1,1,0,0,0.0
19,preserve_safety_net,2024-05-01T01:00:00+03:00,-125.6,1594.4,9,9,1,2,0.0
19,preserve_safety_net,2024-06-03T01:00:00+03:00,-130.1,519.9,1,1,0,1,0.0
19,preserve_safety_net,2024-07-01T01:00:00+03:00,-160.0,0.0,1,1,0,0,0.0
19,rush_to_uncapped,2020-01-02T01:00:00+02:00,-195.0,0.0,1,1,0,0,0.0
19,rush_to_uncapped,2020-02-03T01:00:00+02:00,-245.0,1500.0,5,5,1,3,0.0
19,rush_to_uncapped,2020-03-02T01:00:00+02:00,-160.0,0.0,1,1,0,0,0.0
19,rush_to_uncapped,2020-04-01T01:00:00+03:00,-175.0,1500.0,5,5,1,3,0.0
19,rush_to_uncapped,2020-05-01T01:00:00+03:00,-140.0,1500.0,5,5,1,3,0.0
19,rush_to_uncapped,2020-06-01T01:00:00+03:00,-230.0,0.0,1,1,0,0,0.0
19,rush_to_uncapped,2020-07-01T01:00:00+03:00,-195.0,0.0,1,1,0,0,0.0
19,rush_to_uncapped,2020-08-03T01:00:00+03:00,-160.0,0.0,1,1,0,0,0.0
19,rush_to_uncapped,2020-09-01T01:00:00+03:00,-230.0,0.0,1,1,0,0,0.0
19,rush_to_uncapped,2020-10-01T01:00:00+03:00,-195.0,0.0,1,1,0,0,0.0
19,rush_to_uncapped,2020-11-02T01:00:00+02:00,-160.0,0.0,1,1,0,0,0.0
19,rush_to_uncapped,2020-12-01T01:00:00+02:00,-195.0,0.0,1,1,0,0,0.0
19,rush_to_uncapped,2021-01-04T01:00:00+02:00,-160.0,0.0,1,1,0,0,0.0
19,rush_to_uncapped,2021-02-01T01:00:00+02:00,-160.0,0.0,1,1,0,0,0.0
19,rush_to_uncapped,2021-03-01T01:00:00+02:00,-195.0,0.0,1,1,0,0,0.0
19,rush_to_uncapped,2021-04-01T01:00:00+03:00,-160.0,0.0,1,1,0,0,0.0
19,rush_to_uncapped,2021-05-03T01:00:00+03:00,-220.0,500.0,1,1,0,1,0.0
19,rush_to_uncapped,2021-06-01T01:00:00+03:00,-185.0,500.0,1,1,0,1,0.0
19,rush_to_uncapped,2021-07-01T01:00:00+03:00,-150.0,500.0,1,1,0,1,0.0
19,rush_to_uncapped,2021-08-02T01:00:00+03:00,-195.0,0.0,1,1,0,0,0.0
19,rush_to_uncapped,2021-09-01T01:00:00+03:00,-160.0,0.0,1,1,0,0,0.0
19,rush_to_uncapped,2021-10-01T01:00:00+03:00,-150.0,500.0,1,1,0,1,0.0
19,rush_to_uncapped,2021-11-01T01:00:00+02:00,-160.0,0.0,1,1,0,0,0.0
19,rush_to_uncapped,2021-12-01T01:00:00+02:00,-220.0,500.0,1,1,0,1,0.0
19,rush_to_uncapped,2022-01-03T01:00:00+02:00,-185.0,500.0,1,1,0,1,0.0
19,rush_to_uncapped,2022-02-01T01:00:00+02:00,-150.0,500.0,1,1,0,1,0.0
19,rush_to_uncapped,2022-03-01T01:00:00+02:00,-195.0,0.0,1,1,0,0,0.0
19,rush_to_uncapped,2022-04-01T01:00:00+03:00,-160.0,0.0,1,1,0,0,0.0
19,rush_to_uncapped,2022-05-02T01:00:00+03:00,-220.0,2000.0,13,13,1,4,0.0
19,rush_to_uncapped,2022-06-01T01:00:00+03:00,-185.0,2000.0,13,13,1,4,0.0
19,rush_to_uncapped,2022-07-01T01:00:00+03:00,-150.0,2000.0,13,13,1,4,0.0
19,rush_to_uncapped,2022-08-01T01:00:00+03:00,-160.0,0.0,1,1,0,0,0.0
19,rush_to_uncapped,2022-09-01T01:00:00+03:00,-195.0,0.0,1,1,0,0,0.0
19,rush_to_uncapped,2022-10-03T01:00:00+03:00,-160.0,0.0,1,1,0,0,0.0
19,rush_to_uncapped,2022-11-01T01:00:00+02:00,-280.0,1500.0,5,5,1,3,0.0
19,rush_to_uncapped,2022-12-01T01:00:00+02:00,-245.0,1500.0,5,5,1,3,0.0
19,rush_to_uncapped,2023-01-03T01:00:00+02:00,-265.0,0.0,1,1,0,0,0.0
19,rush_to_uncapped,2023-02-01T01:00:00+02:00,-230.0,0.0,1,1,0,0,0.0
19,rush_to_uncapped,2023-03-01T01:00:00+02:00,-140.0,1500.0,5,5,1,3,0.0
19,rush_to_uncapped,2023-04-03T01:00:00+03:00,-160.0,0.0,1,1,0,0,0.0
19,rush_to_uncapped,2023-05-01T01:00:00+03:00,-195.0,0.0,1,1,0,0,0.0
19,rush_to_uncapped,2023-06-01T01:00:00+03:00,-160.0,0.0,1,1,0,0,0.0
19,rush_to_uncapped,2023-07-03T01:00:00+03:00,-160.0,0.0,1,1,0,0,0.0
19,rush_to_uncapped,2023-08-01T01:00:00+03:00,-275.0,4500.0,27,27,3,9,0.0
19,rush_to_uncapped,2023-09-01T01:00:00+03:00,75177.21,93817.21,85,66,11,152,5363.8
19,rush_to_uncapped,2023-10-02T01:00:00+03:00,-205.0,4500.0,27,27,3,9,0.0
19,rush_to_uncapped,2023-11-01T01:00:00+02:00,-170.0,4500.0,27,27,3,9,0.0
19,rush_to_uncapped,2023-12-01T01:00:00+02:00,-135.0,4500.0,27,27,3,9,0.0
19,rush_to_uncapped,2024-01-02T01:00:00+02:00,-140.0,1500.0,5,5,1,3,0.0
19,rush_to_uncapped,2024-02-01T01:00:00+02:00,92188.1,112313.1,98,87,13,198,4752.8
19,rush_to_uncapped,2024-03-01T01:00:00+02:00,-195.0,0.0,1,1,0,0,0.0
19,rush_to_uncapped,2024-04-01T01:00:00+03:00,-160.0,0.0,1,1,0,0,0.0
19,rush_to_uncapped,2024-05-01T01:00:00+03:00,-150.0,1500.0,9,9,2,3,0.0
19,rush_to_uncapped,2024-06-03T01:00:00+03:00,-150.0,1000.0,5,5,1,2,0.0
19,rush_to_uncapped,2024-07-01T01:00:00+03:00,-160.0,0.0,1,1,0,0,0.0
20,cap_maximizer,2020-01-02T01:00:00+02:00,-195.0,0.0,1,1,0,0,0.0
20,cap_maximizer,2020-02-03T01:00:00+02:00,-255.0,1500.0,2,2,0,1,0.0
20,cap_maximizer,2020-03-02T01:00:00+02:00,-160.0,0.0,1,1,0,0,0.0
20,cap_maximizer,2020-04-01T01:00:00+03:00,-185.0,1500.0,2,2,0,1,0.0
20,cap_maximizer,2020-05-01T01:00:00+03:00,-150.0,1500.0,2,2,0,1,0.0
20,cap_maximizer,2020-06-01T01:00:00+03:00,-230.0,0.0,1,1,0,0,0.0
20,cap_maximizer,2020-07-01T01:00:00+03:00,-195.0,0.0,1,1,0,0,0.0
20,cap_maximizer,2020-08-03T01:00:00+03:00,-160.0,0.0,1,1,0,0,0.0
20,cap_maximizer,2020-09-01T01:00:00+03:00,-230.0,0.0,1,1,0,0,0.0
20,cap_maximizer,2020-10-01T01:00:00+03:00,-195.0,0.0,1,1,0,0,0.0
20,cap_maximizer,2020-11-02T01:00:00+02:00,-160.0,0.0,1,1,0,0,0.0
20,cap_maximizer,2020-12-01T01:00:00+02:00,-195.0,0.0,1,1,0,0,0.0
20,cap_maximizer,2021-01-04T01:00:00+02:00,-160.0,0.0,1,1,0,0,0.0
20,cap_maximizer,2021-02-01T01:00:00+02:00,-160.0,0.0,1,1,0,0,0.0
20,cap_maximizer,2021-03-01T01:00:00+02:00,-195.0,0.0,1,1,0,0,0.0
20,cap_maximizer,2021-04-01T01:00:00+03:00,-160.0,0.0,1,1,0,0,0.0
20,cap_maximizer,2021-05-03T01:00:00+03:00,-230.0,0.0,1,1,0,0,0.0
20,cap_maximizer,2021-06-01T01:00:00+03:00,-195.0,0.0,1,1,0,0,0.0
20,cap_maximizer,2021-07-01T01:00:00+03:00,-160.0,0.0,1,1,0,0,0.0
20,cap_maximizer,2021-08-02T01:00:00+03:00,-195.0,0.0,1,1,0,0,0.0
20,cap_maximizer,2021-09-01T01:00:00+03:00,-160.0,0.0,1,1,0,0,0.0
20,cap_maximizer,2021-10-01T01:00:00+03:00,-160.0,0.0,1,1,0,0,0.0
20,cap_maximizer,2021-11-01T01:00:00+02:00,-160.0,0.0,1,1,0,0,0.0
20,cap_maximizer,2021-12-01T01:00:00+02:00,-200.0,1500.0,1,1,0,1,0.0
20,cap_maximizer,2022-01-03T01:00:00+02:00,-175.0,1500.0,5,5,2,1,0.0
20,cap_maximizer,2022-02-01T01:00:00+02:00,-140.0,1500.0,5,5,2,1,0.0
20,cap_maximizer,2022-03-01T01:00:00+02:00,-195.0,0.0,1,1,0,0,0.0
20,cap_maximizer,2022-04-01T01:00:00+03:00,-160.0,0.0,1,1,0,0,0.0
20,cap_maximizer,2022-05-02T01:00:00+03:00,-200.0,1500.0,1,1,0,1,0.0
20,cap_maximizer,2022-06-01T01:00:00+03:00,-165.0,1500.0,1,1,0,1,0.0
20,cap_maximizer,2022-07-01T01:00:00+03:00,-130.0,1500.0,1,1,0,1,0.0
20,cap_maximizer,2022-08-01T01:00:00+03:00,-160.0,0.0,1,1,0,0,0.0
20,cap_maximizer,2022-09-01T01:00:00+03:00,-195.0,0.0,1,1,0,0,0.0
20,cap_maximizer,2022-10-03T01:00:00+03:00,-160.0,0.0,1,1,0,0,0.0
20,cap_maximizer,2022-11-01T01:00:00+02:00,-270.0,1500.0,1,1,0,1,0.0
20,cap_maximizer,2022-12-01T01:00:00+02:00,-235.0,1500.0,1,1,0,1,0.0
20,cap_maximizer,2023-01-03T01:00:00+02:00,-265.0,0.0,1,1,0,0,0.0
20,cap_maximizer,2023-02-01T01:00:00+02:00,-230.0,0.0,1,1,0,0,0.0
20,cap_maximizer,2023-03-01T01:00:00+02:00,-130.0,1500.0,1,1,0,1,0.0
20,cap_maximizer,2023-04-03T01:00:00+03:00,-160.0,0.0,1,1,0,0,0.0
20,cap_maximizer,2023-05-01T01:00:00+03:00,-195.0,0.0,1,1,0,0,0.0
20,cap_maximizer,2023-06-01T01:00:00+03:00,-160.0,0.0,1,1,0,0,0.0
20,cap_maximizer,2023-07-03T01:00:00+03:00,-160.0,0.0,1,1,0,0,0.0
20,cap_maximizer,2023-08-01T01:00:00+03:00,-290.0,3000.0,14,14,1,2,0.0
20,cap_maximizer,2023-09-01T01:00:00+03:00,-220.0,3000.0,14,14,1,2,0.0
20,cap_maximizer,2023-10-02T01:00:00+03:00,86280.0,102000.0,65,45,6,68,661.0
20,cap_maximizer,2023-11-01T01:00:00+02:00,87815.0,103500.0,65,45,6,69,45048.0
20,cap_maximizer,2023-12-01T01:00:00+02:00,117850.0,133500.0,65,45,6,89,26413.0
20,cap_maximizer,2024-01-02T01:00:00+02:00,-150.0,3000.0,14,14,1,2,0.0
20,cap_maximizer,2024-02-01T01:00:00+02:00,-145.0,3000.0,19,19,3,2,0.0
20,cap_maximizer,2024-03-01T01:00:00+02:00,-195.0,0.0,1,1,0,0,0.0
20,cap_maximizer,2024-04-01T01:00:00+03:00,-160.0,0.0,1,1,0,0,0.0
20,cap_maximizer,2024-05-01T01:00:00+03:00,-145.0,1500.0,7,7,1,1,0.0
20,cap_maximizer,2024-06-03T01:00:00+03:00,107995.0,129000.0,93,75,7,86,27863.2
20,cap_maximizer,2024-07-01T01:00:00+03:00,-160.0,0.0,1,1,0,0,0.0
20,half_of_maximum,2020-01-02T01:00:00+02:00,-195.0,0.0,1,1,0,0,0.0
20,half_of_maximum,2020-02-03T01:00:00+02:00,-245.0,1500.0,5,5,1,3,0.0
20,half_of_maximum,2020-03-02T01:00:00+02:00,-160.0,0.0,1,1,0,0,0.0
20,half_of_maximum,2020-04-01T01:00:00+03:00,-175.0,1500.0,5,5,1,3,0.0
20,half_of_maximum,2020-05-01T01:00:00+03:00,-140.0,1500.0,5,5,1,3,0.0
20,half_of_maximum,2020-06-01T01:00:00+03:00,-230.0,0.0,1,1,0,0,0.0
20,half_of_maximum,2020-07-01T01:00:00+03:00,-195.0,0.0,1,1,0,0,0.0
20,half_of_maximum,2020-08-03T01:00:00+03:00,-160.0,0.0,1,1,0,0,0.0
20,half_of_maximum,2020-09-01T01:00:00+03:00,-230.0,0.0,1,1,0,0,0.0
20,half_of_maximum,2020-10-01T01:00:00+03:00,-195.0,0.0,1,1,0,0,0.0
20,half_of_maximum,2020-11-02T01:00:00+02:00,-160.0,0.0,1,1,0,0,0.0
20,half_of_maximum,2020-12-01T01:00:00+02:00,-195.0,0.0,1,1,0,0,0.0
20,half_of_maximum,2021-01-04T01:00:00+02:00,-160.0,0.0,1,1,0,0,0.0
20,half_of_maximum,2021-02-01T01:00:00+02:00,-160.0,0.0,1,1,0,0,0.0
20,half_of_maximum,2021-03-01T01:00:00+02:00,-195.0,0.0,1,1,0,0,0.0
20,half_of_maximum,2021-04-01T01:00:00+03:00,-160.0,0.0,1,1,0,0,0.0
20,half_of_maximum,2021-05-03T01:00:00+03:00,-220.0,500.0,1,1,0,1,0.0
20,half_of_maximum,2021-06-01T01:00:00+03:00,-185.0,500.0,1,1,0,1,0.0
20,half_of_maximum,2021-07-01T01:00:00+03:00,-150.0,500.0,1,1,0,1,0.0
20,half_of_maximum,2021-08-02T01:00:00+03:00,-195.0,0.0,1,1,0,0,0.0
20,half_of_maximum,2021-09-01T01:00:00+03:00,-160.0,0.0,1,1,0,0,0.0
20,half_of_maximum,2021-10-01T01:00:00+03:00,-150.0,500.0,1,1,0,1,0.0
20,half_of_maximum,2021-11-01T01:00:00+02:00,-160.0,0.0,1,1,0,0,0.0
20,half_of_maximum,2021-12-01T01:00:00+02:00,-220.0,500.0,1,1,0,1,0.0
20,half_of_maximum,2022-01-03T01:00:00+02:00,-185.0,500.0,1,1,0,1,0.0
20,half_of_maximum,2022-02-01T01:00:00+02:00,-150.0,500.0,1,1,0,1,0.0
20,half_of_maximum,2022-03-01T01:00:00+02:00,-195.0,0.0,1,1,0,0,0.0
20,half_of_maximum,2022-04-01T01:00:00+03:00,-160.0,0.0,1,1,0,0,0.0
20,half_of_maximum,2022-05-02T01:00:00+03:00,-205.5,2264.5,15,15,1,4,0.0
20,half_of_maximum,2022-06-01T01:00:00+03:00,-170.5,2264.5,15,15,1,4,0.0
20,half_of_maximum,2022-07-01T01:00:00+03:00,-135.5,2264.5,15,15,1,4,0.0
20,half_of_maximum,2022-08-01T01:00:00+03:00,-160.0,0.0,1,1,0,0,0.0
20,half_of_maximum,2022-09-01T01:00:00+03:00,-195.0,0.0,1,1,0,0,0.0
20,half_of_maximum,2022-10-03T01:00:00+03:00,-160.0,0.0,1,1,0,0,0.0
20,half_of_maximum,2022-11-01T01:00:00+02:00,-280.0,1500.0,5,5,1,3,0.0
20,half_of_maximum,2022-12-01T01:00:00+02:00,-245.0,1500.0,5,5,1,3,0.0
20,half_of_maximum,2023-01-03T01:00:00+02:00,-265.0,0.0,1,1,0,0,0.0
20,half_of_maximum,2023-02-01T01:00:00+02:00,-230.0,0.0,1,1,0,0,0.0
20,half_of_maximum,2023-03-01T01:00:00+02:00,-140.0,1500.0,5,5,1,3,0.0
20,half_of_maximum,2023-04-03T01:00:00+03:00,-160.0,0.0,1,1,0,0,0.0
20,half_of_maximum,2023-05-01T01:00:00+03:00,-195.0,0.0,1,1,0,0,0.0
20,half_of_maximum,2023-06-01T01:00:00+03:00,-160.0,0.0,1,1,0,0,0.0
20,half_of_maximum,2023-07-03T01:00:00+03:00,-160.0,0.0,1,1,0,0,0.0
20,half_of_maximum,2023-08-01T01:00:00+03:00,-269.4,3005.6,15,15,1,5,0.0
20,half_of_maximum,2023-09-01T01:00:00+03:00,-220.0,3000.0,14,14,2,5,0.0
20,half_of_maximum,2023-10-02T01:00:00+03:00,-205.0,3000.0,15,15,1,5,0.0
20,half_of_maximum,2023-11-01T01:00:00+02:00,-170.0,3000.0,15,15,1,5,0.0
20,half_of_maximum,2023-12-01T01:00:00+02:00,-135.0,3000.0,15,15,1,5,0.0
20,half_of_maximum,2024-01-02T01:00:00+02:00,-136.43,1503.57,5,5,1,3,0.0
20,half_of_maximum,2024-02-01T01:00:00+02:00,108837.89,128727.89,95,88,10,213,3176.95
20,half_of_maximum,2024-03-01T01:00:00+02:00,-195.0,0.0,1,1,0,0,0.0
20,half_of_maximum,2024-04-01T01:00:00+03:00,-160.0,0.0,1,1,0,0,0.0
20,half_of_maximum,2024-05-01T01:00:00+03:00,-155.9,1724.1,10,10,2,3,0.0
20,half_of_maximum,2024-06-03T01:00:00+03:00,-150.0,1000.0,5,5,1,2,0.0
20,half_of_maximum,2024-07-01T01:00:00+03:00,-160.0,0.0,1,1,0,0,0.0
20,maximum_always,2020-01-02T01:00:00+02:00,-195.0,0.0,1,1,0,0,0.0
20,maximum_always,2020-02-03T01:00:00+02:00,-250.15,1449.85,1,1,0,2,0.0
20,maximum_always,2020-03-02T01:00:00+02:00,-160.0,0.0,1,1,0,0,0.0
20,maximum_always,2020-04-01T01:00:00+03:00,-168.2,1496.8,1,1,0,2,0.0
20,maximum_always,2020-05-01T01:00:00+03:00,-133.2,1496.8,1,1,0,2,0.0
20,maximum_always,2020-06-01T01:00:00+03:00,-230.0,0.0,1,1,0,0,0.0
20,maximum_always,2020-07-01T01:00:00+03:00,-195.0,0.0,1,1,0,0,0.0
20,maximum_always,2020-08-03T01:00:00+03:00,-160.0,0.0,1,1,0,0,0.0
20,maximum_always,2020-09-01T01:00:00+03:00,-230.0,0.0,1,1,0,0,0.0
20,maximum_always,2020-10-01T01:00:00+03:00,-195.0,0.0,1,1,0,0,0.0
20,maximum_always,2020-11-02T01:00:00+02:00,-160.0,0.0,1,1,0,0,0.0
20,maximum_always,2020-12-01T01:00:00+02:00,-195.0,0.0,1,1,0,0,0.0
20,maximum_always,2021-01-04T01:00:00+02:00,-160.0,0.0,1,1,0,0,0.0
20,maximum_always,2021-02-01T01:00:00+02:00,-160.0,0.0,1,1,0,0,0.0
20,maximum_always,2021-03-01T01:00:00+02:00,-195.0,0.0,1,1,0,0,0.0
20,maximum_always,2021-04-01T01:00:00+03:00,-160.0,0.0,1,1,0,0,0.0
20,maximum_always,2021-05-03T01:00:00+03:00,-229.45,770.55,1,1,0,1,0.0
20,maximum_always,2021-06-01T01:00:00+03:00,-194.45,770.55,1,1,0,1,0.0
20,maximum_always,2021-07-01T01:00:00+03:00,-159.45,770.55,1,1,0,1,0.0
20,maximum_always,2021-08-02T01:00:00+03:00,-195.0,0.0,1,1,0,0,0.0
20,maximum_always,2021-09-01T01:00:00+03:00,-160.0,0.0,1,1,0,0,0.0
20,maximum_always,2021-10-01T01:00:00+03:00,-149.1,500.9,1,1,0,1,0.0
20,maximum_always,2021-11-01T01:00:00+02:00,-160.0,0.0,1,1,0,0,0.0
20,maximum_always,2021-12-01T01:00:00+02:00,-218.1,641.9,1,1,0,1,0.0
20,maximum_always,2022-01-03T01:00:00+02:00,-167.35,517.65,1,1,0,1,0.0
20,maximum_always,2022-02-01T01:00:00+02:00,-132.35,517.65,1,1,0,1,0.0
20,maximum_always,2022-03-01T01:00:00+02:00,-195.0,0.0,1,1,0,0,0.0
20,maximum_always,2022-04-01T01:00:00+03:00,-160.0,0.0,1,1,0,0,0.0
20,maximum_always,2022-05-02T01:00:00+03:00,-207.65,2062.35,12,12,1,3,0.0
20,maximum_always,2022-06-01T01:00:00+03:00,-172.65,2062.35,12,12,1,3,0.0
20,maximum_always,2022-07-01T01:00:00+03:00,-137.65,2062.35,12,12,1,3,0.0
20,maximum_always,2022-08-01T01:00:00+03:00,-160.0,0.0,1,1,0,0,0.0
20,maximum_always,2022-09-01T01:00:00+03:00,-195.0,0.0,1,1,0,0,0.0
20,maximum_always,2022-10-03T01:00:00+03:00,-160.0,0.0,1,1,0,0,0.0
20,maximum_always,2022-11-01T01:00:00+02:00,-272.5,1217.5,1,1,0,2,0.0
20,maximum_always,2022-12-01T01:00:00+02:00,-237.5,1217.5,1,1,0,2,0.0
20,maximum_always,2023-01-03T01:00:00+02:00,-265.0,0.0,1,1,0,0,0.0
20,maximum_always,2023-02-01T01:00:00+02:00,-230.0,0.0,1,1,0,0,0.0
20,maximum_always,2023-03-01T01:00:00+02:00,-132.5,1217.5,1,1,0,2,0.0
20,maximum_always,2023-04-03T01:00:00+03:00,-160.0,0.0,1,1,0,0,0.0
20,maximum_always,2023-05-01T01:00:00+03:00,-195.0,0.0,1,1,0,0,0.0
20,maximum_always,2023-06-01T01:00:00+03:00,-160.0,0.0,1,1,0,0,0.0
20,maximum_always,2023-07-03T01:00:00+03:00,-160.0,0.0,1,1,0,0,0.0
20,maximum_always,2023-08-01T01:00:00+03:00,-277.65,3587.35,20,20,1,4,0.0
20,maximum_always,2023-09-01T01:00:00+03:00,-202.4,3507.6,14,14,1,4,0.0
20,maximum_always,2023-10-02T01:00:00+03:00,-195.8,3509.2,19,19,1,4,0.0
20,maximum_always,2023-11-01T01:00:00+02:00,-160.8,3509.2,19,19,1,4,0.0
20,maximum_always,2023-12-01T01:00:00+02:00,-125.8,3509.2,19,19,1,4,0.0
20,maximum_always,2024-01-02T01:00:00+02:00,-147.85,2007.15,8,8,1,3,0.0
20,maximum_always,2024-02-01T01:00:00+02:00,123132.25,142267.25,80,80,8,176,0.0
20,maximum_always,2024-03-01T01:00:00+02:00,-195.0,0.0,1,1,0,0,0.0
20,maximum_always,2024-04-01T01:00:00+03:00,-160.0,0.0,1,1,0,0,0.0
20,maximum_always,2024-05-01T01:00:00+03:00,-126.8,2448.2,15,15,2,3,0.0
20,maximum_always,2024-06-03T01:00:00+03:00,-136.5,688.5,1,1,0,1,0.0
20,maximum_always,2024-07-01T01:00:00+03:00,-160.0,0.0,1,1,0,0,0.0
20,minimum_500_always,2020-01-02T01:00:00+02:00,-195.0,0.0,1,1,0,0,0.0
20,minimum_500_always,2020-02-03T01:00:00+02:00,-245.0,1500.0,5,5,1,3,0.0
20,minimum_500_always,2020-03-02T01:00:00+02:00,-160.0,0.0,1,1,0,0,0.0
20,minimum_500_always,2020-04-01T01:00:00+03:00,-175.0,1500.0,5,5,1,3,0.0
20,minimum_500_always,2020-05-01T01:00:00+03:00,-140.0,1500.0,5,5,1,3,0.0
20,minimum_500_always,2020-06-01T01:00:00+03:00,-230.0,0.0,1,1,0,0,0.0
20,minimum_500_always,2020-07-01T01:00:00+03:00,-195.0,0.0,1,1,0,0,0.0
20,minimum_500_always,2020-08-03T01:00:00+03:00,-160.0,0.0,1,1,0,0,0.0
20,minimum_500_always,2020-09-01T01:00:00+03:00,-230.0,0.0,1,1,0,0,0.0
20,minimum_500_always,2020-10-01T01:00:00+03:00,-195.0,0.0,1,1,0,0,0.0
20,minimum_500_always,2020-11-02T01:00:00+02:00,-160.0,0.0,1,1,0,0,0.0
20,minimum_500_always,2020-12-01T01:00:00+02:00,-195.0,0.0,1,1,0,0,0.0
20,minimum_500_always,2021-01-04T01:00:00+02:00,-160.0,0.0,1,1,0,0,0.0
20,minimum_500_always,2021-02-01T01:00:00+02:00,-160.0,0.0,1,1,0,0,0.0
20,minimum_500_always,2021-03-01T01:00:00+02:00,-195.0,0.0,1,1,0,0,0.0
20,minimum_500_always,2021-04-01T01:00:00+03:00,-160.0,0.0,1,1,0,0,0.0
20,minimum_500_always,2021-05-03T01:00:00+03:00,-220.0,500.0,1,1,0,1,0.0
20,minimum_500_always,2021-06-01T01:00:00+03:00,-185.0,500.0,1,1,0,1,0.0
20,minimum_500_always,2021-07-01T01:00:00+03:00,-150.0,500.0,1,1,0,1,0.0
20,minimum_500_always,2021-08-02T01:00:00+03:00,-195.0,0.0,1,1,0,0,0.0
20,minimum_500_always,2021-09-01T01:00:00+03:00,-160.0,0.0,1,1,0,0,0.0
20,minimum_500_always,2021-10-01T01:00:00+03:00,-150.0,500.0,1,1,0,1,0.0
20,minimum_500_always,2021-11-01T01:00:00+02:00,-160.0,0.0,1,1,0,0,0.0
20,minimum_500_always,2021-12-01T01:00:00+02:00,-220.0,500.0,1,1,0,1,0.0
20,minimum_500_always,2022-01-03T01:00:00+02:00,-185.0,500.0,1,1,0,1,0.0
20,minimum_500_always,2022-02-01T01:00:00+02:00,-150.0,500.0,1,1,0,1,0.0
20,minimum_500_always,2022-03-01T01:00:00+02:00,-195.0,0.0,1,1,0,0,0.0
20,minimum_500_always,2022-04-01T01:00:00+03:00,-160.0,0.0,1,1,0,0,0.0
20,minimum_500_always,2022-05-02T01:00:00+03:00,-220.0,2000.0,13,13,1,4,0.0
20,minimum_500_always,2022-06-01T01:00:00+03:00,-185.0,2000.0,13,13,1,4,0.0
20,minimum_500_always,2022-07-01T01:00:00+03:00,-150.0,2000.0,13,13,1,4,0.0
20,minimum_500_always,2022-08-01T01:00:00+03:00,-160.0,0.0,1,1,0,0,0.0
20,minimum_500_always,2022-09-01T01:00:00+03:00,-195.0,0.0,1,1,0,0,0.0
20,minimum_500_always,2022-10-03T01:00:00+03:00,-160.0,0.0,1,1,0,0,0.0
20,minimum_500_always,2022-11-01T01:00:00+02:00,-280.0,1500.0,5,5,1,3,0.0
20,minimum_500_always,2022-12-01T01:00:00+02:00,-245.0,1500.0,5,5,1,3,0.0
20,minimum_500_always,2023-01-03T01:00:00+02:00,-265.0,0.0,1,1,0,0,0.0
20,minimum_500_always,2023-02-01T01:00:00+02:00,-230.0,0.0,1,1,0,0,0.0
20,minimum_500_always,2023-03-01T01:00:00+02:00,-140.0,1500.0,5,5,1,3,0.0
20,minimum_500_always,2023-04-03T01:00:00+03:00,-160.0,0.0,1,1,0,0,0.0
20,minimum_500_always,2023-05-01T01:00:00+03:00,-195.0,0.0,1,1,0,0,0.0
20,minimum_500_always,2023-06-01T01:00:00+03:00,-160.0,0.0,1,1,0,0,0.0
20,minimum_500_always,2023-07-03T01:00:00+03:00,-160.0,0.0,1,1,0,0,0.0
20,minimum_500_always,2023-08-01T01:00:00+03:00,-290.0,4500.0,26,26,3,9,0.0
20,minimum_500_always,2023-09-01T01:00:00+03:00,82060.0,99500.0,88,68,13,199,5838.1
20,minimum_500_always,2023-10-02T01:00:00+03:00,-220.0,4500.0,26,26,3,9,0.0
20,minimum_500_always,2023-11-01T01:00:00+02:00,-185.0,4500.0,26,26,3,9,0.0
20,minimum_500_always,2023-12-01T01:00:00+02:00,-150.0,4500.0,26,26,3,9,0.0
20,minimum_500_always,2024-01-02T01:00:00+02:00,-140.0,1500.0,5,5,1,3,0.0
20,minimum_500_always,2024-02-01T01:00:00+02:00,100245.0,120000.0,104,93,13,240,4752.8
20,minimum_500_always,2024-03-01T01:00:00+02:00,-195.0,0.0,1,1,0,0,0.0
20,minimum_500_always,2024-04-01T01:00:00+03:00,-160.0,0.0,1,1,0,0,0.0
20,minimum_500_always,2024-05-01T01:00:00+03:00,-150.0,1500.0,9,9,2,3,0.0
20,minimum_500_always,2024-06-03T01:00:00+03:00,-150.0,1000.0,5,5,1,2,0.0
20,minimum_500_always,2024-07-01T01:00:00+03:00,-160.0,0.0,1,1,0,0,0.0
20,preserve_safety_net,2020-01-02T01:00:00+02:00,-195.0,0.0,1,1,0,0,0.0
20,preserve_safety_net,2020-02-03T01:00:00+02:00,-257.4,1162.6,1,1,0,2,0.0
20,preserve_safety_net,2020-03-02T01:00:00+02:00,-160.0,0.0,1,1,0,0,0.0
20,preserve_safety_net,2020-04-01T01:00:00+03:00,-175.45,1209.55,1,1,0,2,0.0
20,preserve_safety_net,2020-05-01T01:00:00+03:00,-140.45,1209.55,1,1,0,2,0.0
20,preserve_safety_net,2020-06-01T01:00:00+03:00,-230.0,0.0,1,1,0,0,0.0
20,preserve_safety_net,2020-07-01T01:00:00+03:00,-195.0,0.0,1,1,0,0,0.0
20,preserve_safety_net,2020-08-03T01:00:00+03:00,-160.0,0.0,1,1,0,0,0.0
20,preserve_safety_net,2020-09-01T01:00:00+03:00,-230.0,0.0,1,1,0,0,0.0
20,preserve_safety_net,2020-10-01T01:00:00+03:00,-195.0,0.0,1,1,0,0,0.0
20,preserve_safety_net,2020-11-02T01:00:00+02:00,-160.0,0.0,1,1,0,0,0.0
20,preserve_safety_net,2020-12-01T01:00:00+02:00,-195.0,0.0,1,1,0,0,0.0
20,preserve_safety_net,2021-01-04T01:00:00+02:00,-160.0,0.0,1,1,0,0,0.0
20,preserve_safety_net,2021-02-01T01:00:00+02:00,-160.0,0.0,1,1,0,0,0.0
20,preserve_safety_net,2021-03-01T01:00:00+02:00,-195.0,0.0,1,1,0,0,0.0
20,preserve_safety_net,2021-04-01T01:00:00+03:00,-160.0,0.0,1,1,0,0,0.0
20,preserve_safety_net,2021-05-03T01:00:00+03:00,-230.0,0.0,1,1,0,0,0.0
20,preserve_safety_net,2021-06-01T01:00:00+03:00,-195.0,0.0,1,1,0,0,0.0
20,preserve_safety_net,2021-07-01T01:00:00+03:00,-160.0,0.0,1,1,0,0,0.0
20,preserve_safety_net,2021-08-02T01:00:00+03:00,-195.0,0.0,1,1,0,0,0.0
20,preserve_safety_net,2021-09-01T01:00:00+03:00,-160.0,0.0,1,1,0,0,0.0
20,preserve_safety_net,2021-10-01T01:00:00+03:00,-160.0,0.0,1,1,0,0,0.0
20,preserve_safety_net,2021-11-01T01:00:00+02:00,-160.0,0.0,1,1,0,0,0.0
20,preserve_safety_net,2021-12-01T01:00:00+02:00,-224.45,705.55,1,1,0,1,0.0
20,preserve_safety_net,2022-01-03T01:00:00+02:00,-160.85,559.15,1,1,0,1,0.0
20,preserve_safety_net,2022-02-01T01:00:00+02:00,-125.85,559.15,1,1,0,1,0.0
20,preserve_safety_net,2022-03-01T01:00:00+02:00,-195.0,0.0,1,1,0,0,0.0
20,preserve_safety_net,2022-04-01T01:00:00+03:00,-160.0,0.0,1,1,0,0,0.0
20,preserve_safety_net,2022-05-02T01:00:00+03:00,-229.45,1755.55,10,10,1,3,0.0
20,preserve_safety_net,2022-06-01T01:00:00+03:00,-194.45,1755.55,10,10,1,3,0.0
20,preserve_safety_net,2022-07-01T01:00:00+03:00,-159.45,1755.55,10,10,1,3,0.0
20,preserve_safety_net,2022-08-01T01:00:00+03:00,-160.0,0.0,1,1,0,0,0.0
20,preserve_safety_net,2022-09-01T01:00:00+03:00,-195.0,0.0,1,1,0,0,0.0
20,preserve_safety_net,2022-10-03T01:00:00+03:00,-160.0,0.0,1,1,0,0,0.0
20,preserve_safety_net,2022-11-01T01:00:00+02:00,-268.5,1056.5,5,5,1,2,0.0
20,preserve_safety_net,2022-12-01T01:00:00+02:00,-233.5,1056.5,5,5,1,2,0.0
20,preserve_safety_net,2023-01-03T01:00:00+02:00,-265.0,0.0,1,1,0,0,0.0
20,preserve_safety_net,2023-02-01T01:00:00+02:00,-230.0,0.0,1,1,0,0,0.0
20,preserve_safety_net,2023-03-01T01:00:00+02:00,-128.5,1056.5,5,5,1,2,0.0
20,preserve_safety_net,2023-04-03T01:00:00+03:00,-160.0,0.0,1,1,0,0,0.0
20,preserve_safety_net,2023-05-01T01:00:00+03:00,-195.0,0.0,1,1,0,0,0.0
20,preserve_safety_net,2023-06-01T01:00:00+03:00,-160.0,0.0,1,1,0,0,0.0
20,preserve_safety_net,2023-07-03T01:00:00+03:00,-160.0,0.0,1,1,0,0,0.0
20,preserve_safety_net,2023-08-01T01:00:00+03:00,104380.25,117085.25,56,50,6,152,6378.8
20,preserve_safety_net,2023-09-01T01:00:00+03:00,-224.95,2720.05,16,16,2,4,0.0
20,preserve_safety_net,2023-10-02T01:00:00+03:00,96721.7,112726.7,74,54,6,146,491.65
20,preserve_safety_net,2023-11-01T01:00:00+02:00,108120.6,124090.6,74,54,6,166,35014.75
20,preserve_safety_net,2023-12-01T01:00:00+02:00,121488.5,137423.5,74,54,6,187,33046.85
20,preserve_safety_net,2024-01-02T01:00:00+02:00,-157.85,1507.15,8,8,1,2,0.0
20,preserve_safety_net,2024-02-01T01:00:00+02:00,115898.8,130263.8,62,43,4,179,32406.2
20,preserve_safety_net,2024-03-01T01:00:00+02:00,-195.0,0.0,1,1,0,0,0.0
20,preserve_safety_net,2024-04-01T01:00:00+03:00,-160.0,0.0,1,1,0,0,0.0
20,preserve_safety_net,2024-05-01T01:00:00+03:00,-125.6,1594.4,9,9,1,2,0.0
20,preserve_safety_net,2024-06-03T01:00:00+03:00,-130.1,519.9,1,1,0,1,0.0
20,preserve_safety_net,2024-07-01T01:00:00+03:00,-160.0,0.0,1,1,0,0,0.0
20,rush_to_uncapped,2020-01-02T01:00:00+02:00,-195.0,0.0,1,1,0,0,0.0
20,rush_to_uncapped,2020-02-03T01:00:00+02:00,-245.0,1500.0,5,5,1,3,0.0
20,rush_to_uncapped,2020-03-02T01:00:00+02:00,-160.0,0.0,1,1,0,0,0.0
20,rush_to_uncapped,2020-04-01T01:00:00+03:00,-175.0,1500.0,5,5,1,3,0.0
20,rush_to_uncapped,2020-05-01T01:00:00+03:00,-140.0,1500.0,5,5,1,3,0.0
20,rush_to_uncapped,2020-06-01T01:00:00+03:00,-230.0,0.0,1,1,0,0,0.0
20,rush_to_uncapped,2020-07-01T01:00:00+03:00,-195.0,0.0,1,1,0,0,0.0
20,rush_to_uncapped,2020-08-03T01:00:00+03:00,-160.0,0.0,1,1,0,0,0.0
20,rush_to_uncapped,2020-09-01T01:00:00+03:00,-230.0,0.0,1,1,0,0,0.0
20,rush_to_uncapped,2020-10-01T01:00:00+03:00,-195.0,0.0,1,1,0,0,0.0
20,rush_to_uncapped,2020-11-02T01:00:00+02:00,-160.0,0.0,1,1,0,0,0.0
20,rush_to_uncapped,2020-12-01T01:00:00+02:00,-195.0,0.0,1,1,0,0,0.0
20,rush_to_uncapped,2021-01-04T01:00:00+02:00,-160.0,0.0,1,1,0,0,0.0
20,rush_to_uncapped,2021-02-01T01:00:00+02:00,-160.0,0.0,1,1,0,0,0.0
20,rush_to_uncapped,2021-03-01T01:00:00+02:00,-195.0,0.0,1,1,0,0,0.0
20,rush_to_uncapped,2021-04-01T01:00:00+03:00,-160.0,0.0,1,1,0,0,0.0
20,rush_to_uncapped,2021-05-03T01:00:00+03:00,-220.0,500.0,1,1,0,1,0.0
20,rush_to_uncapped,2021-06-01T01:00:00+03:00,-185.0,500.0,1,1,0,1,0.0
20,rush_to_uncapped,2021-07-01T01:00:00+03:00,-150.0,500.0,1,1,0,1,0.0
20,rush_to_uncapped,2021-08-02T01:00:00+03:00,-195.0,0.0,1,1,0,0,0.0
20,rush_to_uncapped,2021-09-01T01:00:00+03:00,-160.0,0.0,1,1,0,0,0.0
20,rush_to_uncapped,2021-10-01T01:00:00+03:00,-150.0,500.0,1,1,0,1,0.0
20,rush_to_uncapped,2021-11-01T01:00:00+02:00,-160.0,0.0,1,1,0,0,0.0
20,rush_to_uncapped,2021-12-01T01:00:00+02:00,-220.0,500.0,1,1,0,1,0.0
20,rush_to_uncapped,2022-01-03T01:00:00+02:00,-185.0,500.0,1,1,0,1,0.0
20,rush_to_uncapped,2022-02-01T01:00:00+02:00,-150.0,500.0,1,1,0,1,0.0
20,rush_to_uncapped,2022-03-01T01:00:00+02:00,-195.0,0.0,1,1,0,0,0.0
20,rush_to_uncapped,2022-04-01T01:00:00+03:00,-160.0,0.0,1,1,0,0,0.0
20,rush_to_uncapped,2022-05-02T01:00:00+03:00,-220.0,2000.0,13,13,1,4,0.0
20,rush_to_uncapped,2022-06-01T01:00:00+03:00,-185.0,2000.0,13,13,1,4,0.0
20,rush_to_uncapped,2022-07-01T01:00:00+03:00,-150.0,2000.0,13,13,1,4,0.0
20,rush_to_uncapped,2022-08-01T01:00:00+03:00,-160.0,0.0,1,1,0,0,0.0
20,rush_to_uncapped,2022-09-01T01:00:00+03:00,-195.0,0.0,1,1,0,0,0.0
20,rush_to_uncapped,2022-10-03T01:00:00+03:00,-160.0,0.0,1,1,0,0,0.0
20,rush_to_uncapped,2022-11-01T01:00:00+02:00,-280.0,1500.0,5,5,1,3,0.0
20,rush_to_uncapped,2022-12-01T01:00:00+02:00,-245.0,1500.0,5,5,1,3,0.0
20,rush_to_uncapped,2023-01-03T01:00:00+02:00,-265.0,0.0,1,1,0,0,0.0
20,rush_to_uncapped,2023-02-01T01:00:00+02:00,-230.0,0.0,1,1,0,0,0.0
20,rush_to_uncapped,2023-03-01T01:00:00+02:00,-140.0,1500.0,5,5,1,3,0.0
20,rush_to_uncapped,2023-04-03T01:00:00+03:00,-160.0,0.0,1,1,0,0,0.0
20,rush_to_uncapped,2023-05-01T01:00:00+03:00,-195.0,0.0,1,1,0,0,0.0
20,rush_to_uncapped,2023-06-01T01:00:00+03:00,-160.0,0.0,1,1,0,0,0.0
20,rush_to_uncapped,2023-07-03T01:00:00+03:00,-160.0,0.0,1,1,0,0,0.0
20,rush_to_uncapped,2023-08-01T01:00:00+03:00,-290.0,4500.0,26,26,3,9,0.0
20,rush_to_uncapped,2023-09-01T01:00:00+03:00,79010.7,98555.7,90,70,11,159,5560.45
20,rush_to_uncapped,2023-10-02T01:00:00+03:00,-220.0,4500.0,26,26,3,9,0.0
20,rush_to_uncapped,2023-11-01T01:00:00+02:00,-185.0,4500.0,26,26,3,9,0.0
20,rush_to_uncapped,2023-12-01T01:00:00+02:00,-150.0,4500.0,26,26,3,9,0.0
20,rush_to_uncapped,2024-01-02T01:00:00+02:00,-140.0,1500.0,5,5,1,3,0.0
20,rush_to_uncapped,2024-02-01T01:00:00+02:00,95301.12,116336.12,105,94,13,211,4752.8
20,rush_to_uncapped,2024-03-01T01:00:00+02:00,-195.0,0.0,1,1,0,0,0.0
20,rush_to_uncapped,2024-04-01T01:00:00+03:00,-160.0,0.0,1,1,0,0,0.0
20,rush_to_uncapped,2024-05-01T01:00:00+03:00,-150.0,1500.0,9,9,2,3,0.0
20,rush_to_uncapped,2024-06-03T01:00:00+03:00,-150.0,1000.0,5,5,1,2,0.0
20,rush_to_uncapped,2024-07-01T01:00:00+03:00,-160.0,0.0,1,1,0,0,0.0
