n,payout_policy_id,path_stress_arm,event_order_mode,execution_model_id,start_at,horizon_end_at,retained_usd,owner_capital_usd,ending_cash_usd,fees_paid_usd,harvest_usd,unwithdrawn_usd,evaluations_purchased,renewals_paid,renewals_unfunded,activated,deaths,correlated_death_events,max_simultaneous_deaths,survivors,payouts,payouts_deferred,first_pa_activated_at,cash_bound_days,pipeline_bound_days,book_full_days,growth_ready_days,dormant_slot_days,horizon_open_batches
1,cap_maximizer,source_constrained_then_seeded_coin,canonical_settle_realize_spend_commit,one_tick_per_side_sensitivity,2020-01-02T01:00:00+02:00,2021-12-22T01:00:00+02:00,-230.0,230.0,0.0,230.0,0.0,0.0,1,2,0,1,1,0,0,0,0,1,2020-03-02T23:00:00+02:00,649.162,60.917,9.921,0.0,6.206,0
1,cap_maximizer,source_constrained_then_seeded_coin,canonical_settle_realize_spend_commit,one_tick_per_side_sensitivity,2020-02-03T01:00:00+02:00,2022-01-23T01:00:00+02:00,-265.0,265.0,0.0,265.0,0.0,0.0,1,3,0,1,1,0,0,0,0,4,2020-05-08T08:30:00+03:00,477.087,95.312,147.6,0.0,62.377,0
1,cap_maximizer,source_constrained_then_seeded_coin,canonical_settle_realize_spend_commit,one_tick_per_side_sensitivity,2020-03-02T01:00:00+02:00,2022-02-20T01:00:00+02:00,-160.0,160.0,0.0,160.0,0.0,0.0,1,0,0,1,1,0,0,0,0,1,2020-03-02T23:00:00+02:00,709.162,0.917,9.921,0.0,0.0,0
1,cap_maximizer,source_constrained_then_seeded_coin,canonical_settle_realize_spend_commit,one_tick_per_side_sensitivity,2020-04-01T01:00:00+03:00,2022-03-22T01:00:00+02:00,-195.0,195.0,0.0,195.0,0.0,0.0,1,1,0,1,1,0,0,0,0,4,2020-05-08T08:30:00+03:00,535.087,37.312,147.6,0.0,23.088,1
1,cap_maximizer,source_constrained_then_seeded_coin,canonical_settle_realize_spend_commit,one_tick_per_side_sensitivity,2020-05-01T01:00:00+03:00,2022-04-21T01:00:00+03:00,-160.0,160.0,0.0,160.0,0.0,0.0,1,0,0,1,1,0,0,0,0,4,2020-05-08T08:30:00+03:00,565.087,7.312,147.6,0.0,0.0,0
1,cap_maximizer,source_constrained_then_seeded_coin,canonical_settle_realize_spend_commit,one_tick_per_side_sensitivity,2020-06-01T01:00:00+03:00,2022-05-22T01:00:00+03:00,-230.0,230.0,0.0,230.0,0.0,0.0,1,2,0,1,1,0,0,0,0,0,2020-08-06T21:30:00+03:00,596.087,66.854,57.059,0.0,33.644,0
1,cap_maximizer,source_constrained_then_seeded_coin,canonical_settle_realize_spend_commit,one_tick_per_side_sensitivity,2020-07-01T01:00:00+03:00,2022-06-21T01:00:00+03:00,-195.0,195.0,0.0,195.0,0.0,0.0,1,1,0,1,1,0,0,0,0,0,2020-08-06T21:30:00+03:00,626.087,36.854,57.059,0.0,14.293,0
1,cap_maximizer,source_constrained_then_seeded_coin,canonical_settle_realize_spend_commit,one_tick_per_side_sensitivity,2020-08-03T01:00:00+03:00,2022-07-24T01:00:00+03:00,-160.0,160.0,0.0,160.0,0.0,0.0,1,0,0,1,1,0,0,0,0,0,2020-08-07T11:00:00+03:00,659.087,4.417,56.496,0.0,0.0,0
1,cap_maximizer,source_constrained_then_seeded_coin,canonical_settle_realize_spend_commit,one_tick_per_side_sensitivity,2020-09-01T01:00:00+03:00,2022-08-22T01:00:00+03:00,-230.0,230.0,0.0,230.0,0.0,0.0,1,2,0,1,1,0,0,0,0,2,2020-11-04T05:00:00+02:00,549.329,64.167,106.504,0.0,54.741,0
1,cap_maximizer,source_constrained_then_seeded_coin,canonical_settle_realize_spend_commit,one_tick_per_side_sensitivity,2020-10-01T01:00:00+03:00,2022-09-21T01:00:00+03:00,-195.0,195.0,0.0,195.0,0.0,0.0,1,1,0,1,1,0,0,0,0,2,2020-11-04T05:00:00+02:00,579.329,34.167,106.504,0.0,28.512,0
1,cap_maximizer,source_constrained_then_seeded_coin,canonical_settle_realize_spend_commit,one_tick_per_side_sensitivity,2020-11-02T01:00:00+02:00,2022-10-23T01:00:00+03:00,-160.0,160.0,0.0,160.0,0.0,0.0,1,0,0,1,1,0,0,0,0,2,2020-11-04T05:00:00+02:00,611.329,2.167,106.504,0.0,0.0,0
1,cap_maximizer,source_constrained_then_seeded_coin,canonical_settle_realize_spend_commit,one_tick_per_side_sensitivity,2020-12-01T01:00:00+02:00,2022-11-21T01:00:00+02:00,-195.0,195.0,0.0,195.0,0.0,0.0,1,1,0,1,1,0,0,0,0,2,2021-01-08T02:30:00+02:00,640.329,38.062,41.608,0.0,0.0,0
1,cap_maximizer,source_constrained_then_seeded_coin,canonical_settle_realize_spend_commit,one_tick_per_side_sensitivity,2021-01-04T01:00:00+02:00,2022-12-25T01:00:00+02:00,-160.0,160.0,0.0,160.0,0.0,0.0,1,0,0,1,1,0,0,0,0,2,2021-01-07T17:00:00+02:00,674.329,3.667,42.004,0.0,0.0,0
1,cap_maximizer,source_constrained_then_seeded_coin,canonical_settle_realize_spend_commit,one_tick_per_side_sensitivity,2021-02-01T01:00:00+02:00,2023-01-22T01:00:00+02:00,-230.0,230.0,0.0,230.0,0.0,0.0,1,2,0,1,1,0,0,0,0,0,2021-04-15T17:30:00+03:00,614.256,73.688,32.057,0.0,41.563,0
1,cap_maximizer,source_constrained_then_seeded_coin,canonical_settle_realize_spend_commit,one_tick_per_side_sensitivity,2021-03-01T01:00:00+02:00,2023-02-19T01:00:00+02:00,-300.0,300.0,0.0,300.0,0.0,0.0,1,4,0,1,1,0,0,0,0,8,2021-07-07T14:30:00+03:00,439.062,128.562,152.375,0.0,89.595,0
1,cap_maximizer,source_constrained_then_seeded_coin,canonical_settle_realize_spend_commit,one_tick_per_side_sensitivity,2021-04-01T01:00:00+03:00,2023-03-22T01:00:00+02:00,-265.0,265.0,0.0,265.0,0.0,0.0,1,3,0,1,1,0,0,0,0,8,2021-07-09T18:00:00+03:00,473.083,99.708,147.208,0.0,51.582,0
1,cap_maximizer,source_constrained_then_seeded_coin,canonical_settle_realize_spend_commit,one_tick_per_side_sensitivity,2021-05-03T01:00:00+03:00,2023-04-23T01:00:00+03:00,-230.0,230.0,0.0,230.0,0.0,0.0,1,2,0,1,1,0,0,0,0,8,2021-07-12T15:30:00+03:00,505.083,70.604,144.312,0.0,44.571,0
1,cap_maximizer,source_constrained_then_seeded_coin,canonical_settle_realize_spend_commit,one_tick_per_side_sensitivity,2021-06-01T01:00:00+03:00,2023-05-22T01:00:00+03:00,-195.0,195.0,0.0,195.0,0.0,0.0,1,1,0,1,1,0,0,0,0,8,2021-07-09T18:00:00+03:00,534.083,38.708,147.208,0.0,23.347,0
1,cap_maximizer,source_constrained_then_seeded_coin,canonical_settle_realize_spend_commit,one_tick_per_side_sensitivity,2021-07-01T01:00:00+03:00,2023-06-21T01:00:00+03:00,-160.0,160.0,0.0,160.0,0.0,0.0,1,0,0,1,1,0,0,0,0,8,2021-07-09T18:00:00+03:00,564.083,8.708,147.208,0.0,0.0,0
1,cap_maximizer,source_constrained_then_seeded_coin,canonical_settle_realize_spend_commit,one_tick_per_side_sensitivity,2021-08-02T01:00:00+03:00,2023-07-23T01:00:00+03:00,-195.0,195.0,0.0,195.0,0.0,0.0,1,1,0,1,1,0,0,0,0,7,2021-09-13T11:30:00+03:00,596.139,42.438,81.423,0.0,0.0,0
1,cap_maximizer,source_constrained_then_seeded_coin,canonical_settle_realize_spend_commit,one_tick_per_side_sensitivity,2021-09-01T01:00:00+03:00,2023-08-22T01:00:00+03:00,-195.0,195.0,0.0,195.0,0.0,0.0,1,1,0,1,1,0,0,0,0,7,2021-10-07T09:30:00+03:00,626.083,36.354,57.562,0.0,14.167,0
1,cap_maximizer,source_constrained_then_seeded_coin,canonical_settle_realize_spend_commit,one_tick_per_side_sensitivity,2021-10-01T01:00:00+03:00,2023-09-21T01:00:00+03:00,-160.0,160.0,0.0,160.0,0.0,0.0,1,0,0,1,1,0,0,0,0,7,2021-10-07T09:30:00+03:00,656.083,6.354,57.562,0.0,0.0,0
1,cap_maximizer,source_constrained_then_seeded_coin,canonical_settle_realize_spend_commit,one_tick_per_side_sensitivity,2021-11-01T01:00:00+02:00,2023-10-22T01:00:00+03:00,-160.0,160.0,0.0,160.0,0.0,0.0,1,0,0,1,1,0,0,0,0,5,2021-11-04T00:30:00+02:00,687.139,2.979,29.881,0.0,0.0,0
1,cap_maximizer,source_constrained_then_seeded_coin,canonical_settle_realize_spend_commit,one_tick_per_side_sensitivity,2021-12-01T01:00:00+02:00,2023-11-21T01:00:00+02:00,-230.0,230.0,0.0,230.0,0.0,0.0,1,2,0,1,1,0,0,0,0,6,2022-02-04T07:30:00+02:00,558.204,65.271,96.525,0.0,53.636,0
1,cap_maximizer,source_constrained_then_seeded_coin,canonical_settle_realize_spend_commit,one_tick_per_side_sensitivity,2022-01-03T01:00:00+02:00,2023-12-24T01:00:00+02:00,-195.0,195.0,0.0,195.0,0.0,0.0,1,1,0,1,1,0,0,0,0,6,2022-02-04T21:00:00+02:00,592.167,32.833,95.0,0.0,26.646,0
1,cap_maximizer,source_constrained_then_seeded_coin,canonical_settle_realize_spend_commit,one_tick_per_side_sensitivity,2022-02-01T01:00:00+02:00,2024-01-22T01:00:00+02:00,-160.0,160.0,0.0,160.0,0.0,0.0,1,0,0,1,1,0,0,0,0,6,2022-02-04T21:00:00+02:00,621.167,3.833,95.0,0.0,0.0,0
1,cap_maximizer,source_constrained_then_seeded_coin,canonical_settle_realize_spend_commit,one_tick_per_side_sensitivity,2022-03-01T01:00:00+02:00,2024-02-19T01:00:00+02:00,-195.0,195.0,0.0,195.0,0.0,0.0,1,1,0,1,1,0,0,0,0,0,2022-04-12T16:00:00+03:00,657.349,42.625,20.026,0.0,26.654,0
1,cap_maximizer,source_constrained_then_seeded_coin,canonical_settle_realize_spend_commit,one_tick_per_side_sensitivity,2022-04-01T01:00:00+03:00,2024-03-21T01:00:00+02:00,-160.0,160.0,0.0,160.0,0.0,0.0,1,0,0,1,1,0,0,0,0,0,2022-04-08T09:00:00+03:00,688.349,7.333,24.318,0.0,0.0,0
1,cap_maximizer,source_constrained_then_seeded_coin,canonical_settle_realize_spend_commit,one_tick_per_side_sensitivity,2022-05-02T01:00:00+03:00,2024-04-21T01:00:00+03:00,335.0,230.0,565.0,1165.0,1500.0,0.0,5,14,0,4,4,0,0,0,1,2,2022-07-06T10:30:00+03:00,0.0,454.383,265.617,0.0,328.335,0
1,cap_maximizer,source_constrained_then_seeded_coin,canonical_settle_realize_spend_commit,one_tick_per_side_sensitivity,2022-06-01T01:00:00+03:00,2024-05-21T01:00:00+03:00,245.0,195.0,440.0,1255.0,1500.0,750.7,5,13,0,5,4,0,0,1,1,2,2022-07-06T10:30:00+03:00,0.0,430.091,289.909,0.0,299.179,0
1,cap_maximizer,source_constrained_then_seeded_coin,canonical_settle_realize_spend_commit,one_tick_per_side_sensitivity,2022-07-01T01:00:00+03:00,2024-06-20T01:00:00+03:00,280.0,160.0,440.0,1220.0,1500.0,1875.0,5,12,0,5,4,0,0,1,1,2,2022-07-06T10:30:00+03:00,0.0,400.091,319.909,0.0,272.117,0
1,cap_maximizer,source_constrained_then_seeded_coin,canonical_settle_realize_spend_commit,one_tick_per_side_sensitivity,2022-08-01T01:00:00+03:00,2024-07-21T01:00:00+03:00,-160.0,160.0,0.0,160.0,0.0,0.0,1,0,0,1,1,0,0,0,0,1,2022-08-03T20:30:00+03:00,625.386,2.812,91.802,0.0,0.0,0
1,cap_maximizer,source_constrained_then_seeded_coin,canonical_settle_realize_spend_commit,one_tick_per_side_sensitivity,2022-09-01T01:00:00+03:00,2024-08-21T01:00:00+03:00,-195.0,195.0,0.0,195.0,0.0,0.0,1,1,0,1,1,0,0,0,0,1,2022-10-06T15:00:00+03:00,656.386,35.583,28.031,0.0,28.109,0
1,cap_maximizer,source_constrained_then_seeded_coin,canonical_settle_realize_spend_commit,one_tick_per_side_sensitivity,2022-10-03T01:00:00+03:00,2024-09-22T01:00:00+03:00,-160.0,160.0,0.0,160.0,0.0,0.0,1,0,0,1,1,0,0,0,0,1,2022-10-06T15:00:00+03:00,688.386,3.583,28.031,0.0,0.0,0
1,cap_maximizer,source_constrained_then_seeded_coin,canonical_settle_realize_spend_commit,one_tick_per_side_sensitivity,2022-11-01T01:00:00+02:00,2024-10-21T01:00:00+03:00,-335.0,335.0,0.0,335.0,0.0,0.0,1,5,0,1,1,0,0,0,0,2,2023-04-13T21:00:00+03:00,362.352,163.833,193.815,0.0,119.049,0
1,cap_maximizer,source_constrained_then_seeded_coin,canonical_settle_realize_spend_commit,one_tick_per_side_sensitivity,2022-12-01T01:00:00+02:00,2024-11-20T01:00:00+02:00,-300.0,300.0,0.0,300.0,0.0,0.0,1,4,0,1,1,0,0,0,0,2,2023-04-13T21:00:00+03:00,392.352,133.833,193.815,0.0,91.503,0
1,cap_maximizer,source_constrained_then_seeded_coin,canonical_settle_realize_spend_commit,one_tick_per_side_sensitivity,2023-01-03T01:00:00+02:00,2024-12-23T01:00:00+02:00,3745.0,545.0,4290.0,755.0,4500.0,0.0,2,16,0,1,1,0,0,0,3,13,2023-12-11T17:00:00+02:00,0.0,493.002,226.998,0.0,315.947,0
1,cap_maximizer,source_constrained_then_seeded_coin,canonical_settle_realize_spend_commit,one_tick_per_side_sensitivity,2023-02-01T01:00:00+02:00,2025-01-21T01:00:00+02:00,3780.0,510.0,4290.0,720.0,4500.0,0.0,2,15,0,1,1,0,0,0,3,13,2023-12-12T21:00:00+02:00,0.0,494.168,225.832,0.0,310.753,0
1,cap_maximizer,source_constrained_then_seeded_coin,canonical_settle_realize_spend_commit,one_tick_per_side_sensitivity,2023-03-01T01:00:00+02:00,2025-02-18T01:00:00+02:00,-195.0,195.0,0.0,195.0,0.0,0.0,1,1,0,1,1,0,0,0,0,2,2023-04-13T21:00:00+03:00,482.352,43.833,193.815,0.0,17.333,1
1,cap_maximizer,source_constrained_then_seeded_coin,canonical_settle_realize_spend_commit,one_tick_per_side_sensitivity,2023-04-03T01:00:00+03:00,2025-03-23T01:00:00+02:00,3655.0,440.0,4095.0,845.0,4500.0,0.0,3,14,0,2,2,0,0,0,3,14,2023-12-11T17:00:00+02:00,0.0,448.856,271.144,0.0,276.762,1
1,cap_maximizer,source_constrained_then_seeded_coin,canonical_settle_realize_spend_commit,one_tick_per_side_sensitivity,2023-05-01T01:00:00+03:00,2025-04-20T01:00:00+03:00,-230.0,230.0,0.0,230.0,0.0,0.0,1,2,0,1,1,0,0,0,0,0,2023-07-18T21:30:00+03:00,543.352,78.854,97.794,0.0,35.308,0
1,cap_maximizer,source_constrained_then_seeded_coin,canonical_settle_realize_spend_commit,one_tick_per_side_sensitivity,2023-06-01T01:00:00+03:00,2025-05-21T01:00:00+03:00,3655.0,370.0,4025.0,845.0,4500.0,0.0,3,14,0,2,2,0,0,0,3,14,2023-12-12T21:00:00+02:00,0.0,450.022,269.978,0.0,301.56,0
1,cap_maximizer,source_constrained_then_seeded_coin,canonical_settle_realize_spend_commit,one_tick_per_side_sensitivity,2023-07-03T01:00:00+03:00,2025-06-22T01:00:00+03:00,3565.0,300.0,3865.0,935.0,4500.0,-409.05,3,13,0,3,2,0,0,1,3,19,2023-11-03T18:30:00+02:00,0.0,400.335,319.665,0.0,294.827,0
1,cap_maximizer,source_constrained_then_seeded_coin,canonical_settle_realize_spend_commit,one_tick_per_side_sensitivity,2023-08-01T01:00:00+03:00,2025-07-21T01:00:00+03:00,3565.0,300.0,3865.0,935.0,4500.0,792.7,3,13,0,3,2,0,0,1,3,15,2023-12-11T17:00:00+02:00,0.0,409.272,310.728,0.0,297.103,0
1,cap_maximizer,source_constrained_then_seeded_coin,canonical_settle_realize_spend_commit,one_tick_per_side_sensitivity,2023-09-01T01:00:00+03:00,2025-08-21T01:00:00+03:00,3475.0,230.0,3705.0,1025.0,4500.0,245.55,4,11,0,4,3,0,0,1,3,19,2023-11-03T18:30:00+02:00,0.0,346.066,373.934,0.0,270.917,0
1,cap_maximizer,source_constrained_then_seeded_coin,canonical_settle_realize_spend_commit,one_tick_per_side_sensitivity,2023-10-02T01:00:00+03:00,2025-09-21T01:00:00+03:00,3475.0,230.0,3705.0,1025.0,4500.0,-171.75,4,11,0,4,3,0,0,1,3,16,2023-12-13T16:00:00+02:00,0.0,354.962,365.038,0.0,277.006,0
1,cap_maximizer,source_constrained_then_seeded_coin,canonical_settle_realize_spend_commit,one_tick_per_side_sensitivity,2023-11-01T01:00:00+02:00,2025-10-21T01:00:00+03:00,3510.0,195.0,3705.0,990.0,4500.0,2009.6,4,10,0,4,3,0,0,1,3,16,2023-12-13T16:00:00+02:00,0.0,324.962,395.038,0.0,249.248,0
1,cap_maximizer,source_constrained_then_seeded_coin,canonical_settle_realize_spend_commit,one_tick_per_side_sensitivity,2023-12-01T01:00:00+02:00,2025-11-20T01:00:00+02:00,5045.0,160.0,5205.0,955.0,6000.0,952.85,4,9,0,4,3,0,0,1,4,18,2023-12-13T16:00:00+02:00,0.0,294.962,425.038,0.0,234.169,0
1,cap_maximizer,source_constrained_then_seeded_coin,canonical_settle_realize_spend_commit,one_tick_per_side_sensitivity,2024-01-02T01:00:00+02:00,2025-12-22T01:00:00+02:00,3440.0,195.0,3635.0,1060.0,4500.0,0.0,5,11,0,4,4,0,0,0,3,17,2024-02-02T19:30:00+02:00,0.0,344.742,375.258,0.0,290.264,0
1,cap_maximizer,source_constrained_then_seeded_coin,canonical_settle_realize_spend_commit,one_tick_per_side_sensitivity,2024-02-01T01:00:00+02:00,2026-01-21T01:00:00+02:00,3440.0,160.0,3600.0,1060.0,4500.0,0.0,5,11,0,4,4,0,0,0,3,17,2024-02-02T19:30:00+02:00,0.0,344.742,375.258,0.0,286.056,0
1,cap_maximizer,source_constrained_then_seeded_coin,canonical_settle_realize_spend_commit,one_tick_per_side_sensitivity,2024-03-01T01:00:00+02:00,2026-02-19T01:00:00+02:00,-195.0,195.0,0.0,195.0,0.0,0.0,1,1,0,1,1,0,0,0,0,0,2024-04-03T17:30:00+03:00,671.083,33.688,15.229,0.0,18.354,0
1,cap_maximizer,source_constrained_then_seeded_coin,canonical_settle_realize_spend_commit,one_tick_per_side_sensitivity,2024-04-01T01:00:00+03:00,2026-03-22T01:00:00+02:00,-160.0,160.0,0.0,160.0,0.0,0.0,1,0,0,1,1,0,0,0,0,0,2024-04-03T17:30:00+03:00,702.083,2.688,15.229,0.0,0.0,0
1,cap_maximizer,source_constrained_then_seeded_coin,canonical_settle_realize_spend_commit,one_tick_per_side_sensitivity,2024-05-01T01:00:00+03:00,2026-04-21T01:00:00+03:00,1425.0,160.0,1585.0,1575.0,3000.0,167.5,7,13,0,7,6,0,0,1,2,7,2024-05-03T16:00:00+03:00,0.0,411.445,308.555,0.0,342.728,0
1,cap_maximizer,source_constrained_then_seeded_coin,canonical_settle_realize_spend_commit,one_tick_per_side_sensitivity,2024-06-03T01:00:00+03:00,2026-05-24T01:00:00+03:00,-160.0,160.0,0.0,160.0,0.0,0.0,1,0,0,1,1,0,0,0,0,2,2024-06-05T05:30:00+03:00,666.208,2.188,51.604,0.0,0.0,0
1,cap_maximizer,source_constrained_then_seeded_coin,canonical_settle_realize_spend_commit,one_tick_per_side_sensitivity,2024-07-01T01:00:00+03:00,2026-06-21T01:00:00+03:00,-160.0,160.0,0.0,160.0,0.0,0.0,1,0,0,1,1,0,0,0,0,2,2024-07-02T20:30:00+03:00,695.666,1.812,22.522,0.0,0.0,1
1,cap_maximizer,source_constrained_then_seeded_coin,canonical_settle_realize_spend_commit,perfect_linear_no_slippage_phase_1,2020-01-02T01:00:00+02:00,2021-12-22T01:00:00+02:00,-195.0,195.0,0.0,195.0,0.0,0.0,1,1,0,1,1,0,0,0,0,5,2020-02-06T06:30:00+02:00,649.162,35.229,35.609,0.0,0.0,0
1,cap_maximizer,source_constrained_then_seeded_coin,canonical_settle_realize_spend_commit,perfect_linear_no_slippage_phase_1,2020-02-03T01:00:00+02:00,2022-01-23T01:00:00+02:00,525.0,265.0,790.0,975.0,1500.0,-680.4,5,5,0,5,4,0,0,1,1,15,2020-05-08T08:30:00+03:00,0.0,203.115,516.885,0.0,112.327,0
1,cap_maximizer,source_constrained_then_seeded_coin,canonical_settle_realize_spend_commit,perfect_linear_no_slippage_phase_1,2020-03-02T01:00:00+02:00,2022-02-20T01:00:00+02:00,-160.0,160.0,0.0,160.0,0.0,0.0,1,0,0,1,1,0,0,0,0,1,2020-03-02T23:00:00+02:00,709.162,0.917,9.921,0.0,0.0,0
1,cap_maximizer,source_constrained_then_seeded_coin,canonical_settle_realize_spend_commit,perfect_linear_no_slippage_phase_1,2020-04-01T01:00:00+03:00,2022-03-22T01:00:00+02:00,2060.0,195.0,2255.0,940.0,3000.0,0.0,6,3,0,5,5,0,0,0,2,15,2020-05-08T04:00:00+03:00,0.0,152.071,567.929,0.0,78.616,1
1,cap_maximizer,source_constrained_then_seeded_coin,canonical_settle_realize_spend_commit,perfect_linear_no_slippage_phase_1,2020-05-01T01:00:00+03:00,2022-04-21T01:00:00+03:00,1935.0,160.0,2095.0,1065.0,3000.0,-150.1,6,3,0,6,5,0,0,1,2,15,2020-05-08T04:00:00+03:00,0.0,151.654,568.346,0.0,78.385,0
1,cap_maximizer,source_constrained_then_seeded_coin,canonical_settle_realize_spend_commit,perfect_linear_no_slippage_phase_1,2020-06-01T01:00:00+03:00,2022-05-22T01:00:00+03:00,-230.0,230.0,0.0,230.0,0.0,0.0,1,2,0,1,1,0,0,0,0,0,2020-08-05T10:00:00+03:00,592.062,65.375,62.562,0.0,33.587,0
1,cap_maximizer,source_constrained_then_seeded_coin,canonical_settle_realize_spend_commit,perfect_linear_no_slippage_phase_1,2020-07-01T01:00:00+03:00,2022-06-21T01:00:00+03:00,-195.0,195.0,0.0,195.0,0.0,0.0,1,1,0,1,1,0,0,0,0,0,2020-08-05T10:00:00+03:00,622.062,35.375,62.562,0.0,14.293,0
1,cap_maximizer,source_constrained_then_seeded_coin,canonical_settle_realize_spend_commit,perfect_linear_no_slippage_phase_1,2020-08-03T01:00:00+03:00,2022-07-24T01:00:00+03:00,-160.0,160.0,0.0,160.0,0.0,0.0,1,0,0,1,1,0,0,0,0,0,2020-08-07T11:00:00+03:00,655.062,4.417,60.521,0.0,0.0,0
1,cap_maximizer,source_constrained_then_seeded_coin,canonical_settle_realize_spend_commit,perfect_linear_no_slippage_phase_1,2020-09-01T01:00:00+03:00,2022-08-22T01:00:00+03:00,-230.0,230.0,0.0,230.0,0.0,0.0,1,2,0,1,1,0,0,0,0,2,2020-11-04T05:00:00+02:00,545.346,64.167,110.488,0.0,54.741,0
1,cap_maximizer,source_constrained_then_seeded_coin,canonical_settle_realize_spend_commit,perfect_linear_no_slippage_phase_1,2020-10-01T01:00:00+03:00,2022-09-21T01:00:00+03:00,-195.0,195.0,0.0,195.0,0.0,0.0,1,1,0,1,1,0,0,0,0,2,2020-11-04T05:00:00+02:00,575.346,34.167,110.488,0.0,28.512,0
1,cap_maximizer,source_constrained_then_seeded_coin,canonical_settle_realize_spend_commit,perfect_linear_no_slippage_phase_1,2020-11-02T01:00:00+02:00,2022-10-23T01:00:00+03:00,-160.0,160.0,0.0,160.0,0.0,0.0,1,0,0,1,1,0,0,0,0,2,2020-11-04T05:00:00+02:00,607.346,2.167,110.488,0.0,0.0,0
1,cap_maximizer,source_constrained_then_seeded_coin,canonical_settle_realize_spend_commit,perfect_linear_no_slippage_phase_1,2020-12-01T01:00:00+02:00,2022-11-21T01:00:00+02:00,-195.0,195.0,0.0,195.0,0.0,0.0,1,1,0,1,1,0,0,0,0,2,2021-01-07T17:00:00+02:00,636.346,37.667,45.988,0.0,0.0,0
1,cap_maximizer,source_constrained_then_seeded_coin,canonical_settle_realize_spend_commit,perfect_linear_no_slippage_phase_1,2021-01-04T01:00:00+02:00,2022-12-25T01:00:00+02:00,-160.0,160.0,0.0,160.0,0.0,0.0,1,0,0,1,1,0,0,0,0,2,2021-01-07T17:00:00+02:00,670.346,3.667,45.988,0.0,0.0,0
1,cap_maximizer,source_constrained_then_seeded_coin,canonical_settle_realize_spend_commit,perfect_linear_no_slippage_phase_1,2021-02-01T01:00:00+02:00,2023-01-22T01:00:00+02:00,-160.0,160.0,0.0,160.0,0.0,0.0,1,0,0,1,1,0,0,0,0,1,2021-02-11T09:30:00+02:00,688.24,10.354,21.406,0.0,0.0,0
1,cap_maximizer,source_constrained_then_seeded_coin,canonical_settle_realize_spend_commit,perfect_linear_no_slippage_phase_1,2021-03-01T01:00:00+02:00,2023-02-19T01:00:00+02:00,-195.0,195.0,0.0,195.0,0.0,0.0,1,1,0,1,1,0,0,0,0,0,2021-04-15T17:30:00+03:00,641.088,45.688,33.225,0.0,26.849,0
1,cap_maximizer,source_constrained_then_seeded_coin,canonical_settle_realize_spend_commit,perfect_linear_no_slippage_phase_1,2021-04-01T01:00:00+03:00,2023-03-22T01:00:00+02:00,-160.0,160.0,0.0,160.0,0.0,0.0,1,0,0,1,1,0,0,0,0,0,2021-04-19T05:30:00+03:00,672.088,18.188,29.725,0.0,0.0,0
1,cap_maximizer,source_constrained_then_seeded_coin,canonical_settle_realize_spend_commit,perfect_linear_no_slippage_phase_1,2021-05-03T01:00:00+03:00,2023-04-23T01:00:00+03:00,-230.0,230.0,0.0,230.0,0.0,0.0,1,2,0,1,1,0,0,0,0,8,2021-07-09T18:00:00+03:00,470.306,67.708,181.985,0.0,43.791,0
1,cap_maximizer,source_constrained_then_seeded_coin,canonical_settle_realize_spend_commit,perfect_linear_no_slippage_phase_1,2021-06-01T01:00:00+03:00,2023-05-22T01:00:00+03:00,-195.0,195.0,0.0,195.0,0.0,0.0,1,1,0,1,1,0,0,0,0,8,2021-07-09T18:00:00+03:00,499.306,38.708,181.985,0.0,21.684,0
1,cap_maximizer,source_constrained_then_seeded_coin,canonical_settle_realize_spend_commit,perfect_linear_no_slippage_phase_1,2021-07-01T01:00:00+03:00,2023-06-21T01:00:00+03:00,-160.0,160.0,0.0,160.0,0.0,0.0,1,0,0,1,1,0,0,0,0,8,2021-07-09T18:00:00+03:00,529.306,8.708,181.985,0.0,0.0,0
1,cap_maximizer,source_constrained_then_seeded_coin,canonical_settle_realize_spend_commit,perfect_linear_no_slippage_phase_1,2021-08-02T01:00:00+03:00,2023-07-23T01:00:00+03:00,-195.0,195.0,0.0,195.0,0.0,0.0,1,1,0,1,1,0,0,0,0,7,2021-09-09T17:00:00+03:00,582.062,38.667,99.271,0.0,0.0,0
1,cap_maximizer,source_constrained_then_seeded_coin,canonical_settle_realize_spend_commit,perfect_linear_no_slippage_phase_1,2021-09-01T01:00:00+03:00,2023-08-22T01:00:00+03:00,-160.0,160.0,0.0,160.0,0.0,0.0,1,0,0,1,1,0,0,0,0,7,2021-09-13T11:30:00+03:00,626.083,12.438,81.479,0.0,0.0,0
1,cap_maximizer,source_constrained_then_seeded_coin,canonical_settle_realize_spend_commit,perfect_linear_no_slippage_phase_1,2021-10-01T01:00:00+03:00,2023-09-21T01:00:00+03:00,-160.0,160.0,0.0,160.0,0.0,0.0,1,0,0,1,1,0,0,0,0,7,2021-10-07T09:30:00+03:00,639.648,6.354,73.998,0.0,0.0,0
1,cap_maximizer,source_constrained_then_seeded_coin,canonical_settle_realize_spend_commit,perfect_linear_no_slippage_phase_1,2021-11-01T01:00:00+02:00,2023-10-22T01:00:00+03:00,-160.0,160.0,0.0,160.0,0.0,0.0,1,0,0,1,1,0,0,0,0,5,2021-11-04T00:30:00+02:00,687.083,2.979,29.938,0.0,0.0,0
1,cap_maximizer,source_constrained_then_seeded_coin,canonical_settle_realize_spend_commit,perfect_linear_no_slippage_phase_1,2021-12-01T01:00:00+02:00,2023-11-21T01:00:00+02:00,3880.0,230.0,4110.0,620.0,4500.0,1050.6,3,4,0,3,2,0,0,1,3,25,2022-02-04T07:30:00+02:00,0.0,131.063,588.937,0.0,108.44,0
1,cap_maximizer,source_constrained_then_seeded_coin,canonical_settle_realize_spend_commit,perfect_linear_no_slippage_phase_1,2022-01-03T01:00:00+02:00,2023-12-24T01:00:00+02:00,2380.0,195.0,2575.0,620.0,3000.0,1648.95,3,4,0,3,2,0,0,1,2,26,2022-02-04T21:00:00+02:00,0.0,127.557,592.443,0.0,107.401,0
1,cap_maximizer,source_constrained_then_seeded_coin,canonical_settle_realize_spend_commit,perfect_linear_no_slippage_phase_1,2022-02-01T01:00:00+02:00,2024-01-22T01:00:00+02:00,3915.0,160.0,4075.0,585.0,4500.0,1394.25,3,3,0,3,2,0,0,1,3,27,2022-02-04T21:00:00+02:00,0.0,98.557,621.443,0.0,80.755,0
1,cap_maximizer,source_constrained_then_seeded_coin,canonical_settle_realize_spend_commit,perfect_linear_no_slippage_phase_1,2022-03-01T01:00:00+02:00,2024-02-19T01:00:00+02:00,-195.0,195.0,0.0,195.0,0.0,0.0,1,1,0,1,1,0,0,0,0,0,2022-04-12T16:00:00+03:00,657.349,42.625,20.026,0.0,26.654,0
1,cap_maximizer,source_constrained_then_seeded_coin,canonical_settle_realize_spend_commit,perfect_linear_no_slippage_phase_1,2022-04-01T01:00:00+03:00,2024-03-21T01:00:00+02:00,-160.0,160.0,0.0,160.0,0.0,0.0,1,0,0,1,1,0,0,0,0,0,2022-04-08T09:00:00+03:00,688.349,7.333,24.318,0.0,0.0,0
1,cap_maximizer,source_constrained_then_seeded_coin,canonical_settle_realize_spend_commit,perfect_linear_no_slippage_phase_1,2022-05-02T01:00:00+03:00,2024-04-21T01:00:00+03:00,7075.0,230.0,7305.0,425.0,7500.0,0.0,3,2,0,2,2,0,0,0,5,31,2022-07-06T10:30:00+03:00,0.0,71.423,648.577,0.0,58.409,0
1,cap_maximizer,source_constrained_then_seeded_coin,canonical_settle_realize_spend_commit,perfect_linear_no_slippage_phase_1,2022-06-01T01:00:00+03:00,2024-05-21T01:00:00+03:00,7075.0,195.0,7270.0,425.0,7500.0,0.0,3,2,0,2,2,0,0,0,5,31,2022-07-06T10:30:00+03:00,0.0,71.423,648.577,0.0,54.191,0
1,cap_maximizer,source_constrained_then_seeded_coin,canonical_settle_realize_spend_commit,perfect_linear_no_slippage_phase_1,2022-07-01T01:00:00+03:00,2024-06-20T01:00:00+03:00,6985.0,160.0,7145.0,515.0,7500.0,713.45,3,1,0,3,2,0,0,1,5,31,2022-07-06T10:30:00+03:00,0.0,56.881,663.119,0.0,27.129,0
1,cap_maximizer,source_constrained_then_seeded_coin,canonical_settle_realize_spend_commit,perfect_linear_no_slippage_phase_1,2022-08-01T01:00:00+03:00,2024-07-21T01:00:00+03:00,-160.0,160.0,0.0,160.0,0.0,0.0,1,0,0,1,1,0,0,0,0,1,2022-08-03T20:30:00+03:00,624.297,2.812,92.89,0.0,0.0,0
1,cap_maximizer,source_constrained_then_seeded_coin,canonical_settle_realize_spend_commit,perfect_linear_no_slippage_phase_1,2022-09-01T01:00:00+03:00,2024-08-21T01:00:00+03:00,-195.0,195.0,0.0,195.0,0.0,0.0,1,1,0,1,1,0,0,0,0,1,2022-10-06T03:00:00+03:00,656.127,35.083,28.79,0.0,28.109,0
1,cap_maximizer,source_constrained_then_seeded_coin,canonical_settle_realize_spend_commit,perfect_linear_no_slippage_phase_1,2022-10-03T01:00:00+03:00,2024-09-22T01:00:00+03:00,-160.0,160.0,0.0,160.0,0.0,0.0,1,0,0,1,1,0,0,0,0,1,2022-10-06T03:00:00+03:00,688.127,3.083,28.79,0.0,0.0,0
1,cap_maximizer,source_constrained_then_seeded_coin,canonical_settle_realize_spend_commit,perfect_linear_no_slippage_phase_1,2022-11-01T01:00:00+02:00,2024-10-21T01:00:00+03:00,5365.0,300.0,5665.0,635.0,6000.0,0.0,3,8,0,2,2,0,0,0,4,24,2023-03-09T17:00:00+02:00,0.0,293.145,426.855,0.0,225.314,0
1,cap_maximizer,source_constrained_then_seeded_coin,canonical_settle_realize_spend_commit,perfect_linear_no_slippage_phase_1,2022-12-01T01:00:00+02:00,2024-11-20T01:00:00+02:00,5365.0,265.0,5630.0,635.0,6000.0,0.0,3,8,0,2,2,0,0,0,4,24,2023-03-09T17:00:00+02:00,0.0,293.145,426.855,0.0,221.828,0
1,cap_maximizer,source_constrained_then_seeded_coin,canonical_settle_realize_spend_commit,perfect_linear_no_slippage_phase_1,2023-01-03T01:00:00+02:00,2024-12-23T01:00:00+02:00,-265.0,265.0,0.0,265.0,0.0,0.0,1,3,0,1,1,0,0,0,0,2,2023-04-13T21:00:00+03:00,424.262,100.833,194.905,0.0,76.265,0
1,cap_maximizer,source_constrained_then_seeded_coin,canonical_settle_realize_spend_commit,perfect_linear_no_slippage_phase_1,2023-02-01T01:00:00+02:00,2025-01-21T01:00:00+02:00,-230.0,230.0,0.0,230.0,0.0,0.0,1,2,0,1,1,0,0,0,0,2,2023-04-13T21:00:00+03:00,453.262,71.833,194.905,0.0,46.667,0
1,cap_maximizer,source_constrained_then_seeded_coin,canonical_settle_realize_spend_commit,perfect_linear_no_slippage_phase_1,2023-03-01T01:00:00+02:00,2025-02-18T01:00:00+02:00,5240.0,160.0,5400.0,760.0,6000.0,1781.7,3,8,0,3,2,0,0,1,4,25,2023-03-09T17:00:00+02:00,0.0,266.812,453.188,0.0,199.758,1
1,cap_maximizer,source_constrained_then_seeded_coin,canonical_settle_realize_spend_commit,perfect_linear_no_slippage_phase_1,2023-04-03T01:00:00+03:00,2025-03-23T01:00:00+02:00,-160.0,160.0,0.0,160.0,0.0,0.0,1,0,0,1,1,0,0,0,0,2,2023-04-13T21:00:00+03:00,514.262,10.833,194.905,0.0,0.0,1
1,cap_maximizer,source_constrained_then_seeded_coin,canonical_settle_realize_spend_commit,perfect_linear_no_slippage_phase_1,2023-05-01T01:00:00+03:00,2025-04-20T01:00:00+03:00,-195.0,195.0,0.0,195.0,0.0,0.0,1,1,0,1,1,0,0,0,0,1,2023-06-16T11:30:00+03:00,542.262,46.438,131.3,0.0,26.079,0
1,cap_maximizer,source_constrained_then_seeded_coin,canonical_settle_realize_spend_commit,perfect_linear_no_slippage_phase_1,2023-06-01T01:00:00+03:00,2025-05-21T01:00:00+03:00,-160.0,160.0,0.0,160.0,0.0,0.0,1,0,0,1,1,0,0,0,0,1,2023-06-16T11:30:00+03:00,573.262,15.438,131.3,0.0,0.0,0
1,cap_maximizer,source_constrained_then_seeded_coin,canonical_settle_realize_spend_commit,perfect_linear_no_slippage_phase_1,2023-07-03T01:00:00+03:00,2025-06-22T01:00:00+03:00,-160.0,160.0,0.0,160.0,0.0,0.0,1,0,0,1,1,0,0,0,0,0,2023-07-19T09:30:00+03:00,605.262,16.354,98.384,0.0,0.0,0
1,cap_maximizer,source_constrained_then_seeded_coin,canonical_settle_realize_spend_commit,perfect_linear_no_slippage_phase_1,2023-08-01T01:00:00+03:00,2025-07-21T01:00:00+03:00,8135.0,300.0,8435.0,865.0,9000.0,0.0,4,10,0,3,3,0,0,0,6,19,2023-12-11T17:00:00+02:00,0.0,355.827,364.173,0.0,244.606,0
1,cap_maximizer,source_constrained_then_seeded_coin,canonical_settle_realize_spend_commit,perfect_linear_no_slippage_phase_1,2023-09-01T01:00:00+03:00,2025-08-21T01:00:00+03:00,10955.0,230.0,11185.0,1045.0,12000.0,294.55,5,7,0,5,4,0,0,1,8,27,2023-11-03T18:30:00+02:00,0.0,234.064,485.936,0.0,161.956,0
1,cap_maximizer,source_constrained_then_seeded_coin,canonical_settle_realize_spend_commit,perfect_linear_no_slippage_phase_1,2023-10-02T01:00:00+03:00,2025-09-21T01:00:00+03:00,9740.0,230.0,9970.0,760.0,10500.0,74.7,3,8,0,3,2,0,0,1,7,20,2023-12-12T21:00:00+02:00,0.0,263.515,456.485,0.0,208.312,0
1,cap_maximizer,source_constrained_then_seeded_coin,canonical_settle_realize_spend_commit,perfect_linear_no_slippage_phase_1,2023-11-01T01:00:00+02:00,2025-10-21T01:00:00+03:00,9775.0,195.0,9970.0,725.0,10500.0,2369.05,3,7,0,3,2,0,0,1,7,20,2023-12-12T21:00:00+02:00,0.0,233.515,486.485,0.0,180.641,0
1,cap_maximizer,source_constrained_then_seeded_coin,canonical_settle_realize_spend_commit,perfect_linear_no_slippage_phase_1,2023-12-01T01:00:00+02:00,2025-11-20T01:00:00+02:00,11310.0,160.0,11470.0,690.0,12000.0,1437.3,3,6,0,3,2,0,0,1,8,22,2023-12-12T21:00:00+02:00,0.0,203.515,516.485,0.0,165.562,0
1,cap_maximizer,source_constrained_then_seeded_coin,canonical_settle_realize_spend_commit,perfect_linear_no_slippage_phase_1,2024-01-02T01:00:00+02:00,2025-12-22T01:00:00+02:00,9455.0,160.0,9615.0,1045.0,10500.0,0.0,6,6,0,5,5,0,0,0,7,22,2024-01-09T18:30:00+02:00,0.0,212.029,507.971,0.0,170.671,0
1,cap_maximizer,source_constrained_then_seeded_coin,canonical_settle_realize_spend_commit,perfect_linear_no_slippage_phase_1,2024-02-01T01:00:00+02:00,2026-01-21T01:00:00+02:00,11080.0,160.0,11240.0,920.0,12000.0,0.0,5,7,0,4,4,0,0,0,8,25,2024-02-02T19:30:00+02:00,0.0,219.613,500.387,0.0,177.729,0
1,cap_maximizer,source_constrained_then_seeded_coin,canonical_settle_realize_spend_commit,perfect_linear_no_slippage_phase_1,2024-03-01T01:00:00+02:00,2026-02-19T01:00:00+02:00,-195.0,195.0,0.0,195.0,0.0,0.0,1,1,0,1,1,0,0,0,0,0,2024-04-03T17:30:00+03:00,670.946,33.688,15.366,0.0,18.354,0
1,cap_maximizer,source_constrained_then_seeded_coin,canonical_settle_realize_spend_commit,perfect_linear_no_slippage_phase_1,2024-04-01T01:00:00+03:00,2026-03-22T01:00:00+02:00,-160.0,160.0,0.0,160.0,0.0,0.0,1,0,0,1,1,0,0,0,0,0,2024-04-03T17:30:00+03:00,701.946,2.688,15.366,0.0,0.0,0
1,cap_maximizer,source_constrained_then_seeded_coin,canonical_settle_realize_spend_commit,perfect_linear_no_slippage_phase_1,2024-05-01T01:00:00+03:00,2026-04-21T01:00:00+03:00,9350.0,160.0,9510.0,1150.0,10500.0,0.0,6,9,0,5,5,0,0,0,7,11,2024-05-03T16:00:00+03:00,0.0,308.272,411.728,0.0,260.475,0
1,cap_maximizer,source_constrained_then_seeded_coin,canonical_settle_realize_spend_commit,perfect_linear_no_slippage_phase_1,2024-06-03T01:00:00+03:00,2026-05-24T01:00:00+03:00,6315.0,160.0,6475.0,1185.0,7500.0,1970.45,5,11,0,5,4,0,0,1,5,11,2024-06-05T05:30:00+03:00,0.0,350.395,369.605,0.0,305.858,0
1,cap_maximizer,source_constrained_then_seeded_coin,canonical_settle_realize_spend_commit,perfect_linear_no_slippage_phase_1,2024-07-01T01:00:00+03:00,2026-06-21T01:00:00+03:00,-160.0,160.0,0.0,160.0,0.0,0.0,1,0,0,1,1,0,0,0,0,2,2024-07-02T20:30:00+03:00,695.666,1.812,22.522,0.0,0.0,1
3,cap_maximizer,source_constrained_then_seeded_coin,canonical_settle_realize_spend_commit,one_tick_per_side_sensitivity,2020-01-02T01:00:00+02:00,2021-12-22T01:00:00+02:00,-230.0,230.0,0.0,230.0,0.0,0.0,1,2,0,1,1,0,0,0,0,1,2020-03-02T23:00:00+02:00,720.0,0.0,0.0,0.0,6.206,0
3,cap_maximizer,source_constrained_then_seeded_coin,canonical_settle_realize_spend_commit,one_tick_per_side_sensitivity,2020-02-03T01:00:00+02:00,2022-01-23T01:00:00+02:00,-265.0,265.0,0.0,265.0,0.0,0.0,1,3,0,1,1,0,0,0,0,4,2020-05-08T08:30:00+03:00,720.0,0.0,0.0,0.0,62.377,0
3,cap_maximizer,source_constrained_then_seeded_coin,canonical_settle_realize_spend_commit,one_tick_per_side_sensitivity,2020-03-02T01:00:00+02:00,2022-02-20T01:00:00+02:00,-160.0,160.0,0.0,160.0,0.0,0.0,1,0,0,1,1,0,0,0,0,1,2020-03-02T23:00:00+02:00,720.0,0.0,0.0,0.0,0.0,0
3,cap_maximizer,source_constrained_then_seeded_coin,canonical_settle_realize_spend_commit,one_tick_per_side_sensitivity,2020-04-01T01:00:00+03:00,2022-03-22T01:00:00+02:00,-195.0,195.0,0.0,195.0,0.0,0.0,1,1,0,1,1,0,0,0,0,4,2020-05-08T08:30:00+03:00,720.0,0.0,0.0,0.0,23.088,1
3,cap_maximizer,source_constrained_then_seeded_coin,canonical_settle_realize_spend_commit,one_tick_per_side_sensitivity,2020-05-01T01:00:00+03:00,2022-04-21T01:00:00+03:00,-160.0,160.0,0.0,160.0,0.0,0.0,1,0,0,1,1,0,0,0,0,4,2020-05-08T08:30:00+03:00,720.0,0.0,0.0,0.0,0.0,0
3,cap_maximizer,source_constrained_then_seeded_coin,canonical_settle_realize_spend_commit,one_tick_per_side_sensitivity,2020-06-01T01:00:00+03:00,2022-05-22T01:00:00+03:00,-230.0,230.0,0.0,230.0,0.0,0.0,1,2,0,1,1,0,0,0,0,0,2020-08-06T21:30:00+03:00,720.0,0.0,0.0,0.0,33.644,0
3,cap_maximizer,source_constrained_then_seeded_coin,canonical_settle_realize_spend_commit,one_tick_per_side_sensitivity,2020-07-01T01:00:00+03:00,2022-06-21T01:00:00+03:00,-195.0,195.0,0.0,195.0,0.0,0.0,1,1,0,1,1,0,0,0,0,0,2020-08-06T21:30:00+03:00,720.0,0.0,0.0,0.0,14.293,0
3,cap_maximizer,source_constrained_then_seeded_coin,canonical_settle_realize_spend_commit,one_tick_per_side_sensitivity,2020-08-03T01:00:00+03:00,2022-07-24T01:00:00+03:00,-160.0,160.0,0.0,160.0,0.0,0.0,1,0,0,1,1,0,0,0,0,0,2020-08-07T11:00:00+03:00,720.0,0.0,0.0,0.0,0.0,0
3,cap_maximizer,source_constrained_then_seeded_coin,canonical_settle_realize_spend_commit,one_tick_per_side_sensitivity,2020-09-01T01:00:00+03:00,2022-08-22T01:00:00+03:00,-230.0,230.0,0.0,230.0,0.0,0.0,1,2,0,1,1,0,0,0,0,2,2020-11-04T05:00:00+02:00,720.0,0.0,0.0,0.0,54.741,0
3,cap_maximizer,source_constrained_then_seeded_coin,canonical_settle_realize_spend_commit,one_tick_per_side_sensitivity,2020-10-01T01:00:00+03:00,2022-09-21T01:00:00+03:00,-195.0,195.0,0.0,195.0,0.0,0.0,1,1,0,1,1,0,0,0,0,2,2020-11-04T05:00:00+02:00,720.0,0.0,0.0,0.0,28.512,0
3,cap_maximizer,source_constrained_then_seeded_coin,canonical_settle_realize_spend_commit,one_tick_per_side_sensitivity,2020-11-02T01:00:00+02:00,2022-10-23T01:00:00+03:00,-160.0,160.0,0.0,160.0,0.0,0.0,1,0,0,1,1,0,0,0,0,2,2020-11-04T05:00:00+02:00,720.0,0.0,0.0,0.0,0.0,0
3,cap_maximizer,source_constrained_then_seeded_coin,canonical_settle_realize_spend_commit,one_tick_per_side_sensitivity,2020-12-01T01:00:00+02:00,2022-11-21T01:00:00+02:00,-195.0,195.0,0.0,195.0,0.0,0.0,1,1,0,1,1,0,0,0,0,2,2021-01-08T02:30:00+02:00,720.0,0.0,0.0,0.0,0.0,0
3,cap_maximizer,source_constrained_then_seeded_coin,canonical_settle_realize_spend_commit,one_tick_per_side_sensitivity,2021-01-04T01:00:00+02:00,2022-12-25T01:00:00+02:00,-160.0,160.0,0.0,160.0,0.0,0.0,1,0,0,1,1,0,0,0,0,2,2021-01-07T17:00:00+02:00,720.0,0.0,0.0,0.0,0.0,0
3,cap_maximizer,source_constrained_then_seeded_coin,canonical_settle_realize_spend_commit,one_tick_per_side_sensitivity,2021-02-01T01:00:00+02:00,2023-01-22T01:00:00+02:00,-230.0,230.0,0.0,230.0,0.0,0.0,1,2,0,1,1,0,0,0,0,0,2021-04-15T17:30:00+03:00,720.0,0.0,0.0,0.0,41.563,0
3,cap_maximizer,source_constrained_then_seeded_coin,canonical_settle_realize_spend_commit,one_tick_per_side_sensitivity,2021-03-01T01:00:00+02:00,2023-02-19T01:00:00+02:00,-300.0,300.0,0.0,300.0,0.0,0.0,1,4,0,1,1,0,0,0,0,8,2021-07-07T14:30:00+03:00,720.0,0.0,0.0,0.0,89.595,0
3,cap_maximizer,source_constrained_then_seeded_coin,canonical_settle_realize_spend_commit,one_tick_per_side_sensitivity,2021-04-01T01:00:00+03:00,2023-03-22T01:00:00+02:00,-265.0,265.0,0.0,265.0,0.0,0.0,1,3,0,1,1,0,0,0,0,8,2021-07-09T18:00:00+03:00,720.0,0.0,0.0,0.0,51.582,0
3,cap_maximizer,source_constrained_then_seeded_coin,canonical_settle_realize_spend_commit,one_tick_per_side_sensitivity,2021-05-03T01:00:00+03:00,2023-04-23T01:00:00+03:00,-230.0,230.0,0.0,230.0,0.0,0.0,1,2,0,1,1,0,0,0,0,8,2021-07-12T15:30:00+03:00,720.0,0.0,0.0,0.0,44.571,0
3,cap_maximizer,source_constrained_then_seeded_coin,canonical_settle_realize_spend_commit,one_tick_per_side_sensitivity,2021-06-01T01:00:00+03:00,2023-05-22T01:00:00+03:00,-195.0,195.0,0.0,195.0,0.0,0.0,1,1,0,1,1,0,0,0,0,8,2021-07-09T18:00:00+03:00,720.0,0.0,0.0,0.0,23.347,0
3,cap_maximizer,source_constrained_then_seeded_coin,canonical_settle_realize_spend_commit,one_tick_per_side_sensitivity,2021-07-01T01:00:00+03:00,2023-06-21T01:00:00+03:00,-160.0,160.0,0.0,160.0,0.0,0.0,1,0,0,1,1,0,0,0,0,8,2021-07-09T18:00:00+03:00,720.0,0.0,0.0,0.0,0.0,0
3,cap_maximizer,source_constrained_then_seeded_coin,canonical_settle_realize_spend_commit,one_tick_per_side_sensitivity,2021-08-02T01:00:00+03:00,2023-07-23T01:00:00+03:00,-195.0,195.0,0.0,195.0,0.0,0.0,1,1,0,1,1,0,0,0,0,7,2021-09-13T11:30:00+03:00,720.0,0.0,0.0,0.0,0.0,0
3,cap_maximizer,source_constrained_then_seeded_coin,canonical_settle_realize_spend_commit,one_tick_per_side_sensitivity,2021-09-01T01:00:00+03:00,2023-08-22T01:00:00+03:00,-195.0,195.0,0.0,195.0,0.0,0.0,1,1,0,1,1,0,0,0,0,7,2021-10-07T09:30:00+03:00,720.0,0.0,0.0,0.0,14.167,0
3,cap_maximizer,source_constrained_then_seeded_coin,canonical_settle_realize_spend_commit,one_tick_per_side_sensitivity,2021-10-01T01:00:00+03:00,2023-09-21T01:00:00+03:00,-160.0,160.0,0.0,160.0,0.0,0.0,1,0,0,1,1,0,0,0,0,7,2021-10-07T09:30:00+03:00,720.0,0.0,0.0,0.0,0.0,0
3,cap_maximizer,source_constrained_then_seeded_coin,canonical_settle_realize_spend_commit,one_tick_per_side_sensitivity,2021-11-01T01:00:00+02:00,2023-10-22T01:00:00+03:00,-160.0,160.0,0.0,160.0,0.0,0.0,1,0,0,1,1,0,0,0,0,5,2021-11-04T00:30:00+02:00,720.0,0.0,0.0,0.0,0.0,0
3,cap_maximizer,source_constrained_then_seeded_coin,canonical_settle_realize_spend_commit,one_tick_per_side_sensitivity,2021-12-01T01:00:00+02:00,2023-11-21T01:00:00+02:00,-230.0,230.0,0.0,230.0,0.0,0.0,1,2,0,1,1,0,0,0,0,6,2022-02-04T07:30:00+02:00,720.0,0.0,0.0,0.0,53.636,0
3,cap_maximizer,source_constrained_then_seeded_coin,canonical_settle_realize_spend_commit,one_tick_per_side_sensitivity,2022-01-03T01:00:00+02:00,2023-12-24T01:00:00+02:00,-195.0,195.0,0.0,195.0,0.0,0.0,1,1,0,1,1,0,0,0,0,6,2022-02-04T21:00:00+02:00,720.0,0.0,0.0,0.0,26.646,0
3,cap_maximizer,source_constrained_then_seeded_coin,canonical_settle_realize_spend_commit,one_tick_per_side_sensitivity,2022-02-01T01:00:00+02:00,2024-01-22T01:00:00+02:00,-160.0,160.0,0.0,160.0,0.0,0.0,1,0,0,1,1,0,0,0,0,6,2022-02-04T21:00:00+02:00,720.0,0.0,0.0,0.0,0.0,0
3,cap_maximizer,source_constrained_then_seeded_coin,canonical_settle_realize_spend_commit,one_tick_per_side_sensitivity,2022-03-01T01:00:00+02:00,2024-02-19T01:00:00+02:00,-195.0,195.0,0.0,195.0,0.0,0.0,1,1,0,1,1,0,0,0,0,0,2022-04-12T16:00:00+03:00,720.0,0.0,0.0,0.0,26.654,0
3,cap_maximizer,source_constrained_then_seeded_coin,canonical_settle_realize_spend_commit,one_tick_per_side_sensitivity,2022-04-01T01:00:00+03:00,2024-03-21T01:00:00+02:00,-160.0,160.0,0.0,160.0,0.0,0.0,1,0,0,1,1,0,0,0,0,0,2022-04-08T09:00:00+03:00,720.0,0.0,0.0,0.0,0.0,0
3,cap_maximizer,source_constrained_then_seeded_coin,canonical_settle_realize_spend_commit,one_tick_per_side_sensitivity,2022-05-02T01:00:00+03:00,2024-04-21T01:00:00+03:00,-230.0,230.0,0.0,1730.0,1500.0,0.0,7,21,0,6,6,2,2,0,1,7,2022-07-06T10:30:00+03:00,288.309,431.394,0.0,0.297,511.412,0
3,cap_maximizer,source_constrained_then_seeded_coin,canonical_settle_realize_spend_commit,one_tick_per_side_sensitivity,2022-06-01T01:00:00+03:00,2024-05-21T01:00:00+03:00,-195.0,195.0,0.0,1695.0,1500.0,0.0,7,20,0,6,6,2,2,0,1,7,2022-07-06T10:30:00+03:00,288.309,431.394,0.0,0.297,482.256,0
3,cap_maximizer,source_constrained_then_seeded_coin,canonical_settle_realize_spend_commit,one_tick_per_side_sensitivity,2022-07-01T01:00:00+03:00,2024-06-20T01:00:00+03:00,-160.0,160.0,0.0,1660.0,1500.0,0.0,7,19,0,6,6,2,2,0,1,7,2022-07-06T10:30:00+03:00,288.309,431.394,0.0,0.297,455.194,0
3,cap_maximizer,source_constrained_then_seeded_coin,canonical_settle_realize_spend_commit,one_tick_per_side_sensitivity,2022-08-01T01:00:00+03:00,2024-07-21T01:00:00+03:00,-160.0,160.0,0.0,160.0,0.0,0.0,1,0,0,1,1,0,0,0,0,1,2022-08-03T20:30:00+03:00,720.0,0.0,0.0,0.0,0.0,0
3,cap_maximizer,source_constrained_then_seeded_coin,canonical_settle_realize_spend_commit,one_tick_per_side_sensitivity,2022-09-01T01:00:00+03:00,2024-08-21T01:00:00+03:00,-195.0,195.0,0.0,195.0,0.0,0.0,1,1,0,1,1,0,0,0,0,1,2022-10-06T15:00:00+03:00,720.0,0.0,0.0,0.0,28.109,0
3,cap_maximizer,source_constrained_then_seeded_coin,canonical_settle_realize_spend_commit,one_tick_per_side_sensitivity,2022-10-03T01:00:00+03:00,2024-09-22T01:00:00+03:00,-160.0,160.0,0.0,160.0,0.0,0.0,1,0,0,1,1,0,0,0,0,1,2022-10-06T15:00:00+03:00,720.0,0.0,0.0,0.0,0.0,0
3,cap_maximizer,source_constrained_then_seeded_coin,canonical_settle_realize_spend_commit,one_tick_per_side_sensitivity,2022-11-01T01:00:00+02:00,2024-10-21T01:00:00+03:00,-335.0,335.0,0.0,335.0,0.0,0.0,1,5,0,1,1,0,0,0,0,2,2023-04-13T21:00:00+03:00,720.0,0.0,0.0,0.0,119.049,0
3,cap_maximizer,source_constrained_then_seeded_coin,canonical_settle_realize_spend_commit,one_tick_per_side_sensitivity,2022-12-01T01:00:00+02:00,2024-11-20T01:00:00+02:00,-300.0,300.0,0.0,300.0,0.0,0.0,1,4,0,1,1,0,0,0,0,2,2023-04-13T21:00:00+03:00,720.0,0.0,0.0,0.0,91.503,0
3,cap_maximizer,source_constrained_then_seeded_coin,canonical_settle_realize_spend_commit,one_tick_per_side_sensitivity,2023-01-03T01:00:00+02:00,2024-12-23T01:00:00+02:00,11715.0,545.0,12260.0,1785.0,13500.0,2737.2,8,18,0,7,5,2,2,2,9,27,2023-12-11T17:00:00+02:00,415.958,196.881,106.936,0.225,364.674,0
3,cap_maximizer,source_constrained_then_seeded_coin,canonical_settle_realize_spend_commit,one_tick_per_side_sensitivity,2023-02-01T01:00:00+02:00,2025-01-21T01:00:00+02:00,11820.0,510.0,12330.0,1680.0,13500.0,3489.4,8,15,0,7,5,2,2,2,9,27,2023-12-12T21:00:00+02:00,420.958,194.756,104.103,0.184,310.753,0
3,cap_maximizer,source_constrained_then_seeded_coin,canonical_settle_realize_spend_commit,one_tick_per_side_sensitivity,2023-03-01T01:00:00+02:00,2025-02-18T01:00:00+02:00,-195.0,195.0,0.0,195.0,0.0,0.0,1,1,0,1,1,0,0,0,0,2,2023-04-13T21:00:00+03:00,720.0,0.0,0.0,0.0,17.333,1
3,cap_maximizer,source_constrained_then_seeded_coin,canonical_settle_realize_spend_commit,one_tick_per_side_sensitivity,2023-04-03T01:00:00+03:00,2025-03-23T01:00:00+02:00,17555.0,440.0,17995.0,1945.0,19500.0,0.0,11,16,0,8,8,3,2,0,13,30,2023-12-11T17:00:00+02:00,325.958,245.59,148.103,0.349,360.056,1
3,cap_maximizer,source_constrained_then_seeded_coin,canonical_settle_realize_spend_commit,one_tick_per_side_sensitivity,2023-05-01T01:00:00+03:00,2025-04-20T01:00:00+03:00,-230.0,230.0,0.0,230.0,0.0,0.0,1,2,0,1,1,0,0,0,0,0,2023-07-18T21:30:00+03:00,720.0,0.0,0.0,0.0,35.308,0
3,cap_maximizer,source_constrained_then_seeded_coin,canonical_settle_realize_spend_commit,one_tick_per_side_sensitivity,2023-06-01T01:00:00+03:00,2025-05-21T01:00:00+03:00,17485.0,370.0,17855.0,2015.0,19500.0,0.0,11,18,0,8,8,3,2,0,13,30,2023-12-12T21:00:00+02:00,300.958,273.465,145.269,0.308,446.697,0
3,cap_maximizer,source_constrained_then_seeded_coin,canonical_settle_realize_spend_commit,one_tick_per_side_sensitivity,2023-07-03T01:00:00+03:00,2025-06-22T01:00:00+03:00,17255.0,300.0,17555.0,2245.0,19500.0,-409.05,11,21,0,9,8,3,2,1,13,35,2023-11-03T18:30:00+02:00,234.958,336.59,148.103,0.349,545.982,0
3,cap_maximizer,source_constrained_then_seeded_coin,canonical_settle_realize_spend_commit,one_tick_per_side_sensitivity,2023-08-01T01:00:00+03:00,2025-07-21T01:00:00+03:00,17185.0,300.0,17485.0,2315.0,19500.0,792.7,11,23,0,9,8,3,2,1,13,31,2023-12-11T17:00:00+02:00,205.958,365.59,148.103,0.349,596.405,0
3,cap_maximizer,source_constrained_then_seeded_coin,canonical_settle_realize_spend_commit,one_tick_per_side_sensitivity,2023-09-01T01:00:00+03:00,2025-08-21T01:00:00+03:00,16775.0,230.0,17005.0,2725.0,19500.0,736.65,12,23,0,12,9,3,2,3,13,35,2023-11-03T18:30:00+02:00,174.958,383.111,161.582,0.349,594.011,0
3,cap_maximizer,source_constrained_then_seeded_coin,canonical_settle_realize_spend_commit,one_tick_per_side_sensitivity,2023-10-02T01:00:00+03:00,2025-09-21T01:00:00+03:00,16845.0,230.0,17075.0,2655.0,19500.0,-515.25,12,21,0,12,9,3,2,3,13,34,2023-12-13T16:00:00+02:00,177.958,351.985,189.749,0.308,551.373,0
3,cap_maximizer,source_constrained_then_seeded_coin,canonical_settle_realize_spend_commit,one_tick_per_side_sensitivity,2023-11-01T01:00:00+02:00,2025-10-21T01:00:00+03:00,16880.0,195.0,17075.0,2620.0,19500.0,6028.8,12,20,0,12,9,3,2,3,13,34,2023-12-13T16:00:00+02:00,147.958,351.985,219.749,0.308,523.615,0
3,cap_maximizer,source_constrained_then_seeded_coin,canonical_settle_realize_spend_commit,one_tick_per_side_sensitivity,2023-12-01T01:00:00+02:00,2025-11-20T01:00:00+02:00,21415.0,160.0,21575.0,2585.0,24000.0,2858.55,12,19,0,12,9,3,2,3,16,40,2023-12-13T16:00:00+02:00,117.958,351.985,249.749,0.308,508.536,0
3,cap_maximizer,source_constrained_then_seeded_coin,canonical_settle_realize_spend_commit,one_tick_per_side_sensitivity,2024-01-02T01:00:00+02:00,2025-12-22T01:00:00+02:00,12205.0,195.0,12400.0,2795.0,15000.0,0.0,15,22,0,12,12,3,3,0,10,41,2024-02-02T19:30:00+02:00,155.958,373.697,190.01,0.335,598.758,0
3,cap_maximizer,source_constrained_then_seeded_coin,canonical_settle_realize_spend_commit,one_tick_per_side_sensitivity,2024-02-01T01:00:00+02:00,2026-01-21T01:00:00+02:00,12135.0,160.0,12295.0,2865.0,15000.0,0.0,15,24,0,12,12,3,3,0,10,41,2024-02-02T19:30:00+02:00,125.958,403.697,190.01,0.335,638.886,0
3,cap_maximizer,source_constrained_then_seeded_coin,canonical_settle_realize_spend_commit,one_tick_per_side_sensitivity,2024-03-01T01:00:00+02:00,2026-02-19T01:00:00+02:00,-195.0,195.0,0.0,195.0,0.0,0.0,1,1,0,1,1,0,0,0,0,0,2024-04-03T17:30:00+03:00,720.0,0.0,0.0,0.0,18.354,0
3,cap_maximizer,source_constrained_then_seeded_coin,canonical_settle_realize_spend_commit,one_tick_per_side_sensitivity,2024-04-01T01:00:00+03:00,2026-03-22T01:00:00+02:00,-160.0,160.0,0.0,160.0,0.0,0.0,1,0,0,1,1,0,0,0,0,0,2024-04-03T17:30:00+03:00,720.0,0.0,0.0,0.0,0.0,0
3,cap_maximizer,source_constrained_then_seeded_coin,canonical_settle_realize_spend_commit,one_tick_per_side_sensitivity,2024-05-01T01:00:00+03:00,2026-04-21T01:00:00+03:00,10875.0,160.0,11035.0,4125.0,15000.0,502.5,19,31,0,19,16,4,3,3,10,27,2024-05-03T16:00:00+03:00,65.958,481.502,171.163,1.377,819.001,0
3,cap_maximizer,source_constrained_then_seeded_coin,canonical_settle_realize_spend_commit,one_tick_per_side_sensitivity,2024-06-03T01:00:00+03:00,2026-05-24T01:00:00+03:00,-160.0,160.0,0.0,160.0,0.0,0.0,1,0,0,1,1,0,0,0,0,2,2024-06-05T05:30:00+03:00,720.0,0.0,0.0,0.0,0.0,0
3,cap_maximizer,source_constrained_then_seeded_coin,canonical_settle_realize_spend_commit,one_tick_per_side_sensitivity,2024-07-01T01:00:00+03:00,2026-06-21T01:00:00+03:00,-160.0,160.0,0.0,160.0,0.0,0.0,1,0,0,1,1,0,0,0,0,2,2024-07-02T20:30:00+03:00,720.0,0.0,0.0,0.0,0.0,1
3,cap_maximizer,source_constrained_then_seeded_coin,canonical_settle_realize_spend_commit,perfect_linear_no_slippage_phase_1,2020-01-02T01:00:00+02:00,2021-12-22T01:00:00+02:00,-195.0,195.0,0.0,195.0,0.0,0.0,1,1,0,1,1,0,0,0,0,5,2020-02-06T06:30:00+02:00,720.0,0.0,0.0,0.0,0.0,0
3,cap_maximizer,source_constrained_then_seeded_coin,canonical_settle_realize_spend_commit,perfect_linear_no_slippage_phase_1,2020-02-03T01:00:00+02:00,2022-01-23T01:00:00+02:00,-235.0,265.0,30.0,1735.0,1500.0,0.0,10,11,0,8,8,2,3,0,1,41,2020-05-08T08:30:00+03:00,356.0,144.973,217.6,1.427,249.686,0
3,cap_maximizer,source_constrained_then_seeded_coin,canonical_settle_realize_spend_commit,perfect_linear_no_slippage_phase_1,2020-03-02T01:00:00+02:00,2022-02-20T01:00:00+02:00,-160.0,160.0,0.0,160.0,0.0,0.0,1,0,0,1,1,0,0,0,0,1,2020-03-02T23:00:00+02:00,720.0,0.0,0.0,0.0,0.0,0
3,cap_maximizer,source_constrained_then_seeded_coin,canonical_settle_realize_spend_commit,perfect_linear_no_slippage_phase_1,2020-04-01T01:00:00+03:00,2022-03-22T01:00:00+02:00,-165.0,195.0,30.0,1665.0,1500.0,0.0,10,9,0,8,8,2,3,0,1,41,2020-05-08T04:00:00+03:00,356.0,144.973,217.6,1.427,210.871,1
3,cap_maximizer,source_constrained_then_seeded_coin,canonical_settle_realize_spend_commit,perfect_linear_no_slippage_phase_1,2020-05-01T01:00:00+03:00,2022-04-21T01:00:00+03:00,-130.0,160.0,30.0,1630.0,1500.0,0.0,10,8,0,8,8,2,3,0,1,41,2020-05-08T04:00:00+03:00,356.0,144.973,217.6,1.427,187.783,0
3,cap_maximizer,source_constrained_then_seeded_coin,canonical_settle_realize_spend_commit,perfect_linear_no_slippage_phase_1,2020-06-01T01:00:00+03:00,2022-05-22T01:00:00+03:00,-230.0,230.0,0.0,230.0,0.0,0.0,1,2,0,1,1,0,0,0,0,0,2020-08-05T10:00:00+03:00,720.0,0.0,0.0,0.0,33.587,0
3,cap_maximizer,source_constrained_then_seeded_coin,canonical_settle_realize_spend_commit,perfect_linear_no_slippage_phase_1,2020-07-01T01:00:00+03:00,2022-06-21T01:00:00+03:00,-195.0,195.0,0.0,195.0,0.0,0.0,1,1,0,1,1,0,0,0,0,0,2020-08-05T10:00:00+03:00,720.0,0.0,0.0,0.0,14.293,0
3,cap_maximizer,source_constrained_then_seeded_coin,canonical_settle_realize_spend_commit,perfect_linear_no_slippage_phase_1,2020-08-03T01:00:00+03:00,2022-07-24T01:00:00+03:00,-160.0,160.0,0.0,160.0,0.0,0.0,1,0,0,1,1,0,0,0,0,0,2020-08-07T11:00:00+03:00,720.0,0.0,0.0,0.0,0.0,0
3,cap_maximizer,source_constrained_then_seeded_coin,canonical_settle_realize_spend_commit,perfect_linear_no_slippage_phase_1,2020-09-01T01:00:00+03:00,2022-08-22T01:00:00+03:00,-230.0,230.0,0.0,230.0,0.0,0.0,1,2,0,1,1,0,0,0,0,2,2020-11-04T05:00:00+02:00,720.0,0.0,0.0,0.0,54.741,0
3,cap_maximizer,source_constrained_then_seeded_coin,canonical_settle_realize_spend_commit,perfect_linear_no_slippage_phase_1,2020-10-01T01:00:00+03:00,2022-09-21T01:00:00+03:00,-195.0,195.0,0.0,195.0,0.0,0.0,1,1,0,1,1,0,0,0,0,2,2020-11-04T05:00:00+02:00,720.0,0.0,0.0,0.0,28.512,0
3,cap_maximizer,source_constrained_then_seeded_coin,canonical_settle_realize_spend_commit,perfect_linear_no_slippage_phase_1,2020-11-02T01:00:00+02:00,2022-10-23T01:00:00+03:00,-160.0,160.0,0.0,160.0,0.0,0.0,1,0,0,1,1,0,0,0,0,2,2020-11-04T05:00:00+02:00,720.0,0.0,0.0,0.0,0.0,0
3,cap_maximizer,source_constrained_then_seeded_coin,canonical_settle_realize_spend_commit,perfect_linear_no_slippage_phase_1,2020-12-01T01:00:00+02:00,2022-11-21T01:00:00+02:00,-195.0,195.0,0.0,195.0,0.0,0.0,1,1,0,1,1,0,0,0,0,2,2021-01-07T17:00:00+02:00,720.0,0.0,0.0,0.0,0.0,0
3,cap_maximizer,source_constrained_then_seeded_coin,canonical_settle_realize_spend_commit,perfect_linear_no_slippage_phase_1,2021-01-04T01:00:00+02:00,2022-12-25T01:00:00+02:00,-160.0,160.0,0.0,160.0,0.0,0.0,1,0,0,1,1,0,0,0,0,2,2021-01-07T17:00:00+02:00,720.0,0.0,0.0,0.0,0.0,0
3,cap_maximizer,source_constrained_then_seeded_coin,canonical_settle_realize_spend_commit,perfect_linear_no_slippage_phase_1,2021-02-01T01:00:00+02:00,2023-01-22T01:00:00+02:00,-160.0,160.0,0.0,160.0,0.0,0.0,1,0,0,1,1,0,0,0,0,1,2021-02-11T09:30:00+02:00,720.0,0.0,0.0,0.0,0.0,0
3,cap_maximizer,source_constrained_then_seeded_coin,canonical_settle_realize_spend_commit,perfect_linear_no_slippage_phase_1,2021-03-01T01:00:00+02:00,2023-02-19T01:00:00+02:00,-195.0,195.0,0.0,195.0,0.0,0.0,1,1,0,1,1,0,0,0,0,0,2021-04-15T17:30:00+03:00,720.0,0.0,0.0,0.0,26.849,0
3,cap_maximizer,source_constrained_then_seeded_coin,canonical_settle_realize_spend_commit,perfect_linear_no_slippage_phase_1,2021-04-01T01:00:00+03:00,2023-03-22T01:00:00+02:00,-160.0,160.0,0.0,160.0,0.0,0.0,1,0,0,1,1,0,0,0,0,0,2021-04-19T05:30:00+03:00,720.0,0.0,0.0,0.0,0.0,0
3,cap_maximizer,source_constrained_then_seeded_coin,canonical_settle_realize_spend_commit,perfect_linear_no_slippage_phase_1,2021-05-03T01:00:00+03:00,2023-04-23T01:00:00+03:00,-230.0,230.0,0.0,230.0,0.0,0.0,1,2,0,1,1,0,0,0,0,8,2021-07-09T18:00:00+03:00,720.0,0.0,0.0,0.0,43.791,0
3,cap_maximizer,source_constrained_then_seeded_coin,canonical_settle_realize_spend_commit,perfect_linear_no_slippage_phase_1,2021-06-01T01:00:00+03:00,2023-05-22T01:00:00+03:00,-195.0,195.0,0.0,195.0,0.0,0.0,1,1,0,1,1,0,0,0,0,8,2021-07-09T18:00:00+03:00,720.0,0.0,0.0,0.0,21.684,0
3,cap_maximizer,source_constrained_then_seeded_coin,canonical_settle_realize_spend_commit,perfect_linear_no_slippage_phase_1,2021-07-01T01:00:00+03:00,2023-06-21T01:00:00+03:00,-160.0,160.0,0.0,160.0,0.0,0.0,1,0,0,1,1,0,0,0,0,8,2021-07-09T18:00:00+03:00,720.0,0.0,0.0,0.0,0.0,0
3,cap_maximizer,source_constrained_then_seeded_coin,canonical_settle_realize_spend_commit,perfect_linear_no_slippage_phase_1,2021-08-02T01:00:00+03:00,2023-07-23T01:00:00+03:00,-195.0,195.0,0.0,195.0,0.0,0.0,1,1,0,1,1,0,0,0,0,7,2021-09-09T17:00:00+03:00,720.0,0.0,0.0,0.0,0.0,0
3,cap_maximizer,source_constrained_then_seeded_coin,canonical_settle_realize_spend_commit,perfect_linear_no_slippage_phase_1,2021-09-01T01:00:00+03:00,2023-08-22T01:00:00+03:00,-160.0,160.0,0.0,160.0,0.0,0.0,1,0,0,1,1,0,0,0,0,7,2021-09-13T11:30:00+03:00,720.0,0.0,0.0,0.0,0.0,0
3,cap_maximizer,source_constrained_then_seeded_coin,canonical_settle_realize_spend_commit,perfect_linear_no_slippage_phase_1,2021-10-01T01:00:00+03:00,2023-09-21T01:00:00+03:00,-160.0,160.0,0.0,160.0,0.0,0.0,1,0,0,1,1,0,0,0,0,7,2021-10-07T09:30:00+03:00,720.0,0.0,0.0,0.0,0.0,0
3,cap_maximizer,source_constrained_then_seeded_coin,canonical_settle_realize_spend_commit,perfect_linear_no_slippage_phase_1,2021-11-01T01:00:00+02:00,2023-10-22T01:00:00+03:00,-160.0,160.0,0.0,160.0,0.0,0.0,1,0,0,1,1,0,0,0,0,5,2021-11-04T00:30:00+02:00,720.0,0.0,0.0,0.0,0.0,0
3,cap_maximizer,source_constrained_then_seeded_coin,canonical_settle_realize_spend_commit,perfect_linear_no_slippage_phase_1,2021-12-01T01:00:00+02:00,2023-11-21T01:00:00+02:00,8780.0,230.0,9010.0,1720.0,10500.0,3151.8,9,8,0,9,6,2,2,3,7,63,2022-02-04T07:30:00+02:00,139.958,82.594,496.725,0.724,208.751,0
3,cap_maximizer,source_constrained_then_seeded_coin,canonical_settle_realize_spend_commit,perfect_linear_no_slippage_phase_1,2022-01-03T01:00:00+02:00,2023-12-24T01:00:00+02:00,7460.0,195.0,7655.0,1540.0,9000.0,2121.35,7,12,0,7,4,1,2,3,6,52,2022-02-04T21:00:00+02:00,108.958,149.778,461.139,0.125,320.147,0
3,cap_maximizer,source_constrained_then_seeded_coin,canonical_settle_realize_spend_commit,perfect_linear_no_slippage_phase_1,2022-02-01T01:00:00+02:00,2024-01-22T01:00:00+02:00,8995.0,160.0,9155.0,1505.0,10500.0,4357.25,7,11,0,7,4,1,2,3,7,55,2022-02-04T21:00:00+02:00,79.958,149.778,490.139,0.125,293.501,0
3,cap_maximizer,source_constrained_then_seeded_coin,canonical_settle_realize_spend_commit,perfect_linear_no_slippage_phase_1,2022-03-01T01:00:00+02:00,2024-02-19T01:00:00+02:00,-195.0,195.0,0.0,195.0,0.0,0.0,1,1,0,1,1,0,0,0,0,0,2022-04-12T16:00:00+03:00,720.0,0.0,0.0,0.0,26.654,0
3,cap_maximizer,source_constrained_then_seeded_coin,canonical_settle_realize_spend_commit,perfect_linear_no_slippage_phase_1,2022-04-01T01:00:00+03:00,2024-03-21T01:00:00+02:00,-160.0,160.0,0.0,160.0,0.0,0.0,1,0,0,1,1,0,0,0,0,0,2022-04-08T09:00:00+03:00,720.0,0.0,0.0,0.0,0.0,0
3,cap_maximizer,source_constrained_then_seeded_coin,canonical_settle_realize_spend_commit,perfect_linear_no_slippage_phase_1,2022-05-02T01:00:00+03:00,2024-04-21T01:00:00+03:00,8555.0,230.0,8785.0,1945.0,10500.0,2565.3,9,18,0,8,6,2,2,2,7,59,2022-07-06T10:30:00+03:00,106.958,278.386,334.341,0.316,465.309,0
3,cap_maximizer,source_constrained_then_seeded_coin,canonical_settle_realize_spend_commit,perfect_linear_no_slippage_phase_1,2022-06-01T01:00:00+03:00,2024-05-21T01:00:00+03:00,8555.0,195.0,8750.0,1945.0,10500.0,5118.8,9,18,0,8,6,2,2,2,7,59,2022-07-06T10:30:00+03:00,76.958,308.386,334.341,0.316,461.091,0
3,cap_maximizer,source_constrained_then_seeded_coin,canonical_settle_realize_spend_commit,perfect_linear_no_slippage_phase_1,2022-07-01T01:00:00+03:00,2024-06-20T01:00:00+03:00,11465.0,160.0,11625.0,2035.0,13500.0,5308.85,9,17,0,9,6,2,2,3,9,59,2022-07-06T10:30:00+03:00,46.958,323.844,348.882,0.316,434.028,0
3,cap_maximizer,source_constrained_then_seeded_coin,canonical_settle_realize_spend_commit,perfect_linear_no_slippage_phase_1,2022-08-01T01:00:00+03:00,2024-07-21T01:00:00+03:00,-160.0,160.0,0.0,160.0,0.0,0.0,1,0,0,1,1,0,0,0,0,1,2022-08-03T20:30:00+03:00,720.0,0.0,0.0,0.0,0.0,0
3,cap_maximizer,source_constrained_then_seeded_coin,canonical_settle_realize_spend_commit,perfect_linear_no_slippage_phase_1,2022-09-01T01:00:00+03:00,2024-08-21T01:00:00+03:00,-195.0,195.0,0.0,195.0,0.0,0.0,1,1,0,1,1,0,0,0,0,1,2022-10-06T03:00:00+03:00,720.0,0.0,0.0,0.0,28.109,0
3,cap_maximizer,source_constrained_then_seeded_coin,canonical_settle_realize_spend_commit,perfect_linear_no_slippage_phase_1,2022-10-03T01:00:00+03:00,2024-09-22T01:00:00+03:00,-160.0,160.0,0.0,160.0,0.0,0.0,1,0,0,1,1,0,0,0,0,1,2022-10-06T03:00:00+03:00,720.0,0.0,0.0,0.0,0.0,0
3,cap_maximizer,source_constrained_then_seeded_coin,canonical_settle_realize_spend_commit,perfect_linear_no_slippage_phase_1,2022-11-01T01:00:00+02:00,2024-10-21T01:00:00+03:00,13055.0,300.0,13355.0,1945.0,15000.0,1833.5,9,18,0,8,6,2,2,2,10,50,2023-03-09T17:00:00+02:00,307.958,262.998,148.881,0.164,435.888,0
3,cap_maximizer,source_constrained_then_seeded_coin,canonical_settle_realize_spend_commit,perfect_linear_no_slippage_phase_1,2022-12-01T01:00:00+02:00,2024-11-20T01:00:00+02:00,13055.0,265.0,13320.0,1945.0,15000.0,3940.5,9,18,0,8,6,2,2,2,10,52,2023-03-09T17:00:00+02:00,277.958,292.998,148.881,0.164,432.402,0
3,cap_maximizer,source_constrained_then_seeded_coin,canonical_settle_realize_spend_commit,perfect_linear_no_slippage_phase_1,2023-01-03T01:00:00+02:00,2024-12-23T01:00:00+02:00,-265.0,265.0,0.0,265.0,0.0,0.0,1,3,0,1,1,0,0,0,0,2,2023-04-13T21:00:00+03:00,720.0,0.0,0.0,0.0,76.265,0
3,cap_maximizer,source_constrained_then_seeded_coin,canonical_settle_realize_spend_commit,perfect_linear_no_slippage_phase_1,2023-02-01T01:00:00+02:00,2025-01-21T01:00:00+02:00,-230.0,230.0,0.0,230.0,0.0,0.0,1,2,0,1,1,0,0,0,0,2,2023-04-13T21:00:00+03:00,720.0,0.0,0.0,0.0,46.667,0
3,cap_maximizer,source_constrained_then_seeded_coin,canonical_settle_realize_spend_commit,perfect_linear_no_slippage_phase_1,2023-03-01T01:00:00+02:00,2025-02-18T01:00:00+02:00,18930.0,160.0,19090.0,2070.0,21000.0,6567.8,9,18,0,9,6,2,2,3,14,63,2023-03-09T17:00:00+02:00,187.958,356.664,175.214,0.164,410.332,1
3,cap_maximizer,source_constrained_then_seeded_coin,canonical_settle_realize_spend_commit,perfect_linear_no_slippage_phase_1,2023-04-03T01:00:00+03:00,2025-03-23T01:00:00+02:00,-160.0,160.0,0.0,160.0,0.0,0.0,1,0,0,1,1,0,0,0,0,2,2023-04-13T21:00:00+03:00,720.0,0.0,0.0,0.0,0.0,1
3,cap_maximizer,source_constrained_then_seeded_coin,canonical_settle_realize_spend_commit,perfect_linear_no_slippage_phase_1,2023-05-01T01:00:00+03:00,2025-04-20T01:00:00+03:00,-195.0,195.0,0.0,195.0,0.0,0.0,1,1,0,1,1,0,0,0,0,1,2023-06-16T11:30:00+03:00,720.0,0.0,0.0,0.0,26.079,0
3,cap_maximizer,source_constrained_then_seeded_coin,canonical_settle_realize_spend_commit,perfect_linear_no_slippage_phase_1,2023-06-01T01:00:00+03:00,2025-05-21T01:00:00+03:00,-160.0,160.0,0.0,160.0,0.0,0.0,1,0,0,1,1,0,0,0,0,1,2023-06-16T11:30:00+03:00,720.0,0.0,0.0,0.0,0.0,0
3,cap_maximizer,source_constrained_then_seeded_coin,canonical_settle_realize_spend_commit,perfect_linear_no_slippage_phase_1,2023-07-03T01:00:00+03:00,2025-06-22T01:00:00+03:00,-160.0,160.0,0.0,160.0,0.0,0.0,1,0,0,1,1,0,0,0,0,0,2023-07-19T09:30:00+03:00,720.0,0.0,0.0,0.0,0.0,0
3,cap_maximizer,source_constrained_then_seeded_coin,canonical_settle_realize_spend_commit,perfect_linear_no_slippage_phase_1,2023-08-01T01:00:00+03:00,2025-07-21T01:00:00+03:00,24435.0,300.0,24735.0,2565.0,27000.0,0.0,14,20,0,11,11,4,2,0,18,43,2023-12-11T17:00:00+02:00,197.958,282.832,238.798,0.413,519.964,0
3,cap_maximizer,source_constrained_then_seeded_coin,canonical_settle_realize_spend_commit,perfect_linear_no_slippage_phase_1,2023-09-01T01:00:00+03:00,2025-08-21T01:00:00+03:00,26935.0,230.0,27165.0,3065.0,30000.0,883.65,15,19,0,15,12,4,3,3,20,59,2023-11-03T18:30:00+02:00,165.958,206.007,347.561,0.474,459.802,0
3,cap_maximizer,source_constrained_then_seeded_coin,canonical_settle_realize_spend_commit,perfect_linear_no_slippage_phase_1,2023-10-02T01:00:00+03:00,2025-09-21T01:00:00+03:00,25720.0,230.0,25950.0,2780.0,28500.0,81.2,13,20,0,13,10,4,2,3,19,46,2023-12-12T21:00:00+02:00,143.958,253.059,322.518,0.465,508.41,0
3,cap_maximizer,source_constrained_then_seeded_coin,canonical_settle_realize_spend_commit,perfect_linear_no_slippage_phase_1,2023-11-01T01:00:00+02:00,2025-10-21T01:00:00+03:00,25755.0,195.0,25950.0,2745.0,28500.0,6964.25,13,19,0,13,10,4,2,3,19,46,2023-12-12T21:00:00+02:00,113.958,253.059,352.518,0.465,480.739,0
3,cap_maximizer,source_constrained_then_seeded_coin,canonical_settle_realize_spend_commit,perfect_linear_no_slippage_phase_1,2023-12-01T01:00:00+02:00,2025-11-20T01:00:00+02:00,30290.0,160.0,30450.0,2710.0,33000.0,4169.0,13,18,0,13,10,4,2,3,22,52,2023-12-12T21:00:00+02:00,83.958,253.059,382.518,0.465,465.66,0
3,cap_maximizer,source_constrained_then_seeded_coin,canonical_settle_realize_spend_commit,perfect_linear_no_slippage_phase_1,2024-01-02T01:00:00+02:00,2025-12-22T01:00:00+02:00,19795.0,160.0,19955.0,2705.0,22500.0,0.0,14,24,0,11,11,3,3,0,15,44,2024-01-09T18:30:00+02:00,93.958,294.353,331.278,0.411,661.79,0
3,cap_maximizer,source_constrained_then_seeded_coin,canonical_settle_realize_spend_commit,perfect_linear_no_slippage_phase_1,2024-02-01T01:00:00+02:00,2026-01-21T01:00:00+02:00,24240.0,160.0,24400.0,2760.0,27000.0,0.0,15,21,0,12,12,4,3,0,18,47,2024-02-02T19:30:00+02:00,123.958,252.338,343.343,0.362,563.892,0
3,cap_maximizer,source_constrained_then_seeded_coin,canonical_settle_realize_spend_commit,perfect_linear_no_slippage_phase_1,2024-03-01T01:00:00+02:00,2026-02-19T01:00:00+02:00,-195.0,195.0,0.0,195.0,0.0,0.0,1,1,0,1,1,0,0,0,0,0,2024-04-03T17:30:00+03:00,720.0,0.0,0.0,0.0,18.354,0
3,cap_maximizer,source_constrained_then_seeded_coin,canonical_settle_realize_spend_commit,perfect_linear_no_slippage_phase_1,2024-04-01T01:00:00+03:00,2026-03-22T01:00:00+02:00,-160.0,160.0,0.0,160.0,0.0,0.0,1,0,0,1,1,0,0,0,0,0,2024-04-03T17:30:00+03:00,720.0,0.0,0.0,0.0,0.0,0
3,cap_maximizer,source_constrained_then_seeded_coin,canonical_settle_realize_spend_commit,perfect_linear_no_slippage_phase_1,2024-05-01T01:00:00+03:00,2026-04-21T01:00:00+03:00,16230.0,160.0,16390.0,3270.0,19500.0,0.0,16,31,0,13,13,4,3,0,13,29,2024-05-03T16:00:00+03:00,62.958,374.944,281.684,0.414,892.945,0
3,cap_maximizer,source_constrained_then_seeded_coin,canonical_settle_realize_spend_commit,perfect_linear_no_slippage_phase_1,2024-06-03T01:00:00+03:00,2026-05-24T01:00:00+03:00,16690.0,160.0,16850.0,2810.0,19500.0,3940.9,12,29,0,11,9,3,2,2,13,30,2024-06-05T05:30:00+03:00,74.958,388.198,255.542,1.303,803.553,0
3,cap_maximizer,source_constrained_then_seeded_coin,canonical_settle_realize_spend_commit,perfect_linear_no_slippage_phase_1,2024-07-01T01:00:00+03:00,2026-06-21T01:00:00+03:00,-160.0,160.0,0.0,160.0,0.0,0.0,1,0,0,1,1,0,0,0,0,2,2024-07-02T20:30:00+03:00,720.0,0.0,0.0,0.0,0.0,1
8,cap_maximizer,source_constrained_then_seeded_coin,canonical_settle_realize_spend_commit,one_tick_per_side_sensitivity,2020-01-02T01:00:00+02:00,2021-12-22T01:00:00+02:00,-230.0,230.0,0.0,230.0,0.0,0.0,1,2,0,1,1,0,0,0,0,1,2020-03-02T23:00:00+02:00,720.0,0.0,0.0,0.0,6.206,0
8,cap_maximizer,source_constrained_then_seeded_coin,canonical_settle_realize_spend_commit,one_tick_per_side_sensitivity,2020-02-03T01:00:00+02:00,2022-01-23T01:00:00+02:00,-265.0,265.0,0.0,265.0,0.0,0.0,1,3,0,1,1,0,0,0,0,4,2020-05-08T08:30:00+03:00,720.0,0.0,0.0,0.0,62.377,0
8,cap_maximizer,source_constrained_then_seeded_coin,canonical_settle_realize_spend_commit,one_tick_per_side_sensitivity,2020-03-02T01:00:00+02:00,2022-02-20T01:00:00+02:00,-160.0,160.0,0.0,160.0,0.0,0.0,1,0,0,1,1,0,0,0,0,1,2020-03-02T23:00:00+02:00,720.0,0.0,0.0,0.0,0.0,0
8,cap_maximizer,source_constrained_then_seeded_coin,canonical_settle_realize_spend_commit,one_tick_per_side_sensitivity,2020-04-01T01:00:00+03:00,2022-03-22T01:00:00+02:00,-195.0,195.0,0.0,195.0,0.0,0.0,1,1,0,1,1,0,0,0,0,4,2020-05-08T08:30:00+03:00,720.0,0.0,0.0,0.0,23.088,1
8,cap_maximizer,source_constrained_then_seeded_coin,canonical_settle_realize_spend_commit,one_tick_per_side_sensitivity,2020-05-01T01:00:00+03:00,2022-04-21T01:00:00+03:00,-160.0,160.0,0.0,160.0,0.0,0.0,1,0,0,1,1,0,0,0,0,4,2020-05-08T08:30:00+03:00,720.0,0.0,0.0,0.0,0.0,0
8,cap_maximizer,source_constrained_then_seeded_coin,canonical_settle_realize_spend_commit,one_tick_per_side_sensitivity,2020-06-01T01:00:00+03:00,2022-05-22T01:00:00+03:00,-230.0,230.0,0.0,230.0,0.0,0.0,1,2,0,1,1,0,0,0,0,0,2020-08-06T21:30:00+03:00,720.0,0.0,0.0,0.0,33.644,0
8,cap_maximizer,source_constrained_then_seeded_coin,canonical_settle_realize_spend_commit,one_tick_per_side_sensitivity,2020-07-01T01:00:00+03:00,2022-06-21T01:00:00+03:00,-195.0,195.0,0.0,195.0,0.0,0.0,1,1,0,1,1,0,0,0,0,0,2020-08-06T21:30:00+03:00,720.0,0.0,0.0,0.0,14.293,0
8,cap_maximizer,source_constrained_then_seeded_coin,canonical_settle_realize_spend_commit,one_tick_per_side_sensitivity,2020-08-03T01:00:00+03:00,2022-07-24T01:00:00+03:00,-160.0,160.0,0.0,160.0,0.0,0.0,1,0,0,1,1,0,0,0,0,0,2020-08-07T11:00:00+03:00,720.0,0.0,0.0,0.0,0.0,0
8,cap_maximizer,source_constrained_then_seeded_coin,canonical_settle_realize_spend_commit,one_tick_per_side_sensitivity,2020-09-01T01:00:00+03:00,2022-08-22T01:00:00+03:00,-230.0,230.0,0.0,230.0,0.0,0.0,1,2,0,1,1,0,0,0,0,2,2020-11-04T05:00:00+02:00,720.0,0.0,0.0,0.0,54.741,0
8,cap_maximizer,source_constrained_then_seeded_coin,canonical_settle_realize_spend_commit,one_tick_per_side_sensitivity,2020-10-01T01:00:00+03:00,2022-09-21T01:00:00+03:00,-195.0,195.0,0.0,195.0,0.0,0.0,1,1,0,1,1,0,0,0,0,2,2020-11-04T05:00:00+02:00,720.0,0.0,0.0,0.0,28.512,0
8,cap_maximizer,source_constrained_then_seeded_coin,canonical_settle_realize_spend_commit,one_tick_per_side_sensitivity,2020-11-02T01:00:00+02:00,2022-10-23T01:00:00+03:00,-160.0,160.0,0.0,160.0,0.0,0.0,1,0,0,1,1,0,0,0,0,2,2020-11-04T05:00:00+02:00,720.0,0.0,0.0,0.0,0.0,0
8,cap_maximizer,source_constrained_then_seeded_coin,canonical_settle_realize_spend_commit,one_tick_per_side_sensitivity,2020-12-01T01:00:00+02:00,2022-11-21T01:00:00+02:00,-195.0,195.0,0.0,195.0,0.0,0.0,1,1,0,1,1,0,0,0,0,2,2021-01-08T02:30:00+02:00,720.0,0.0,0.0,0.0,0.0,0
8,cap_maximizer,source_constrained_then_seeded_coin,canonical_settle_realize_spend_commit,one_tick_per_side_sensitivity,2021-01-04T01:00:00+02:00,2022-12-25T01:00:00+02:00,-160.0,160.0,0.0,160.0,0.0,0.0,1,0,0,1,1,0,0,0,0,2,2021-01-07T17:00:00+02:00,720.0,0.0,0.0,0.0,0.0,0
8,cap_maximizer,source_constrained_then_seeded_coin,canonical_settle_realize_spend_commit,one_tick_per_side_sensitivity,2021-02-01T01:00:00+02:00,2023-01-22T01:00:00+02:00,-230.0,230.0,0.0,230.0,0.0,0.0,1,2,0,1,1,0,0,0,0,0,2021-04-15T17:30:00+03:00,720.0,0.0,0.0,0.0,41.563,0
8,cap_maximizer,source_constrained_then_seeded_coin,canonical_settle_realize_spend_commit,one_tick_per_side_sensitivity,2021-03-01T01:00:00+02:00,2023-02-19T01:00:00+02:00,-300.0,300.0,0.0,300.0,0.0,0.0,1,4,0,1,1,0,0,0,0,8,2021-07-07T14:30:00+03:00,720.0,0.0,0.0,0.0,89.595,0
8,cap_maximizer,source_constrained_then_seeded_coin,canonical_settle_realize_spend_commit,one_tick_per_side_sensitivity,2021-04-01T01:00:00+03:00,2023-03-22T01:00:00+02:00,-265.0,265.0,0.0,265.0,0.0,0.0,1,3,0,1,1,0,0,0,0,8,2021-07-09T18:00:00+03:00,720.0,0.0,0.0,0.0,51.582,0
8,cap_maximizer,source_constrained_then_seeded_coin,canonical_settle_realize_spend_commit,one_tick_per_side_sensitivity,2021-05-03T01:00:00+03:00,2023-04-23T01:00:00+03:00,-230.0,230.0,0.0,230.0,0.0,0.0,1,2,0,1,1,0,0,0,0,8,2021-07-12T15:30:00+03:00,720.0,0.0,0.0,0.0,44.571,0
8,cap_maximizer,source_constrained_then_seeded_coin,canonical_settle_realize_spend_commit,one_tick_per_side_sensitivity,2021-06-01T01:00:00+03:00,2023-05-22T01:00:00+03:00,-195.0,195.0,0.0,195.0,0.0,0.0,1,1,0,1,1,0,0,0,0,8,2021-07-09T18:00:00+03:00,720.0,0.0,0.0,0.0,23.347,0
8,cap_maximizer,source_constrained_then_seeded_coin,canonical_settle_realize_spend_commit,one_tick_per_side_sensitivity,2021-07-01T01:00:00+03:00,2023-06-21T01:00:00+03:00,-160.0,160.0,0.0,160.0,0.0,0.0,1,0,0,1,1,0,0,0,0,8,2021-07-09T18:00:00+03:00,720.0,0.0,0.0,0.0,0.0,0
8,cap_maximizer,source_constrained_then_seeded_coin,canonical_settle_realize_spend_commit,one_tick_per_side_sensitivity,2021-08-02T01:00:00+03:00,2023-07-23T01:00:00+03:00,-195.0,195.0,0.0,195.0,0.0,0.0,1,1,0,1,1,0,0,0,0,7,2021-09-13T11:30:00+03:00,720.0,0.0,0.0,0.0,0.0,0
8,cap_maximizer,source_constrained_then_seeded_coin,canonical_settle_realize_spend_commit,one_tick_per_side_sensitivity,2021-09-01T01:00:00+03:00,2023-08-22T01:00:00+03:00,-195.0,195.0,0.0,195.0,0.0,0.0,1,1,0,1,1,0,0,0,0,7,2021-10-07T09:30:00+03:00,720.0,0.0,0.0,0.0,14.167,0
8,cap_maximizer,source_constrained_then_seeded_coin,canonical_settle_realize_spend_commit,one_tick_per_side_sensitivity,2021-10-01T01:00:00+03:00,2023-09-21T01:00:00+03:00,-160.0,160.0,0.0,160.0,0.0,0.0,1,0,0,1,1,0,0,0,0,7,2021-10-07T09:30:00+03:00,720.0,0.0,0.0,0.0,0.0,0
8,cap_maximizer,source_constrained_then_seeded_coin,canonical_settle_realize_spend_commit,one_tick_per_side_sensitivity,2021-11-01T01:00:00+02:00,2023-10-22T01:00:00+03:00,-160.0,160.0,0.0,160.0,0.0,0.0,1,0,0,1,1,0,0,0,0,5,2021-11-04T00:30:00+02:00,720.0,0.0,0.0,0.0,0.0,0
8,cap_maximizer,source_constrained_then_seeded_coin,canonical_settle_realize_spend_commit,one_tick_per_side_sensitivity,2021-12-01T01:00:00+02:00,2023-11-21T01:00:00+02:00,-230.0,230.0,0.0,230.0,0.0,0.0,1,2,0,1,1,0,0,0,0,6,2022-02-04T07:30:00+02:00,720.0,0.0,0.0,0.0,53.636,0
8,cap_maximizer,source_constrained_then_seeded_coin,canonical_settle_realize_spend_commit,one_tick_per_side_sensitivity,2022-01-03T01:00:00+02:00,2023-12-24T01:00:00+02:00,-195.0,195.0,0.0,195.0,0.0,0.0,1,1,0,1,1,0,0,0,0,6,2022-02-04T21:00:00+02:00,720.0,0.0,0.0,0.0,26.646,0
8,cap_maximizer,source_constrained_then_seeded_coin,canonical_settle_realize_spend_commit,one_tick_per_side_sensitivity,2022-02-01T01:00:00+02:00,2024-01-22T01:00:00+02:00,-160.0,160.0,0.0,160.0,0.0,0.0,1,0,0,1,1,0,0,0,0,6,2022-02-04T21:00:00+02:00,720.0,0.0,0.0,0.0,0.0,0
8,cap_maximizer,source_constrained_then_seeded_coin,canonical_settle_realize_spend_commit,one_tick_per_side_sensitivity,2022-03-01T01:00:00+02:00,2024-02-19T01:00:00+02:00,-195.0,195.0,0.0,195.0,0.0,0.0,1,1,0,1,1,0,0,0,0,0,2022-04-12T16:00:00+03:00,720.0,0.0,0.0,0.0,26.654,0
8,cap_maximizer,source_constrained_then_seeded_coin,canonical_settle_realize_spend_commit,one_tick_per_side_sensitivity,2022-04-01T01:00:00+03:00,2024-03-21T01:00:00+02:00,-160.0,160.0,0.0,160.0,0.0,0.0,1,0,0,1,1,0,0,0,0,0,2022-04-08T09:00:00+03:00,720.0,0.0,0.0,0.0,0.0,0
8,cap_maximizer,source_constrained_then_seeded_coin,canonical_settle_realize_spend_commit,one_tick_per_side_sensitivity,2022-05-02T01:00:00+03:00,2024-04-21T01:00:00+03:00,-225.0,230.0,5.0,1725.0,1500.0,0.0,10,25,2,4,4,1,2,0,1,3,2022-07-06T10:30:00+03:00,586.062,131.938,0.0,2.0,713.283,0
8,cap_maximizer,source_constrained_then_seeded_coin,canonical_settle_realize_spend_commit,one_tick_per_side_sensitivity,2022-06-01T01:00:00+03:00,2024-05-21T01:00:00+03:00,-190.0,195.0,5.0,1690.0,1500.0,0.0,10,24,2,4,4,1,2,0,1,3,2022-07-06T10:30:00+03:00,586.062,131.938,0.0,2.0,684.128,0
8,cap_maximizer,source_constrained_then_seeded_coin,canonical_settle_realize_spend_commit,one_tick_per_side_sensitivity,2022-07-01T01:00:00+03:00,2024-06-20T01:00:00+03:00,-155.0,160.0,5.0,1655.0,1500.0,0.0,10,23,2,4,4,1,2,0,1,3,2022-07-06T10:30:00+03:00,586.062,131.938,0.0,2.0,657.065,0
8,cap_maximizer,source_constrained_then_seeded_coin,canonical_settle_realize_spend_commit,one_tick_per_side_sensitivity,2022-08-01T01:00:00+03:00,2024-07-21T01:00:00+03:00,-160.0,160.0,0.0,160.0,0.0,0.0,1,0,0,1,1,0,0,0,0,1,2022-08-03T20:30:00+03:00,720.0,0.0,0.0,0.0,0.0,0
8,cap_maximizer,source_constrained_then_seeded_coin,canonical_settle_realize_spend_commit,one_tick_per_side_sensitivity,2022-09-01T01:00:00+03:00,2024-08-21T01:00:00+03:00,-195.0,195.0,0.0,195.0,0.0,0.0,1,1,0,1,1,0,0,0,0,1,2022-10-06T15:00:00+03:00,720.0,0.0,0.0,0.0,28.109,0
8,cap_maximizer,source_constrained_then_seeded_coin,canonical_settle_realize_spend_commit,one_tick_per_side_sensitivity,2022-10-03T01:00:00+03:00,2024-09-22T01:00:00+03:00,-160.0,160.0,0.0,160.0,0.0,0.0,1,0,0,1,1,0,0,0,0,1,2022-10-06T15:00:00+03:00,720.0,0.0,0.0,0.0,0.0,0
8,cap_maximizer,source_constrained_then_seeded_coin,canonical_settle_realize_spend_commit,one_tick_per_side_sensitivity,2022-11-01T01:00:00+02:00,2024-10-21T01:00:00+03:00,-335.0,335.0,0.0,335.0,0.0,0.0,1,5,0,1,1,0,0,0,0,2,2023-04-13T21:00:00+03:00,720.0,0.0,0.0,0.0,119.049,0
8,cap_maximizer,source_constrained_then_seeded_coin,canonical_settle_realize_spend_commit,one_tick_per_side_sensitivity,2022-12-01T01:00:00+02:00,2024-11-20T01:00:00+02:00,-300.0,300.0,0.0,300.0,0.0,0.0,1,4,0,1,1,0,0,0,0,2,2023-04-13T21:00:00+03:00,720.0,0.0,0.0,0.0,91.503,0
8,cap_maximizer,source_constrained_then_seeded_coin,canonical_settle_realize_spend_commit,one_tick_per_side_sensitivity,2023-01-03T01:00:00+02:00,2024-12-23T01:00:00+02:00,18070.0,545.0,18615.0,4430.0,22500.0,9126.35,23,25,0,22,15,3,7,7,15,62,2023-12-11T17:00:00+02:00,463.915,194.626,59.978,1.481,541.091,0
8,cap_maximizer,source_constrained_then_seeded_coin,canonical_settle_realize_spend_commit,one_tick_per_side_sensitivity,2023-02-01T01:00:00+02:00,2025-01-21T01:00:00+02:00,13640.0,510.0,14150.0,4360.0,18000.0,11132.05,25,21,2,22,15,3,7,7,12,62,2023-12-12T21:00:00+02:00,445.561,230.762,41.668,2.009,505.792,0
8,cap_maximizer,source_constrained_then_seeded_coin,canonical_settle_realize_spend_commit,one_tick_per_side_sensitivity,2023-03-01T01:00:00+02:00,2025-02-18T01:00:00+02:00,-195.0,195.0,0.0,195.0,0.0,0.0,1,1,0,1,1,0,0,0,0,2,2023-04-13T21:00:00+03:00,720.0,0.0,0.0,0.0,17.333,1
8,cap_maximizer,source_constrained_then_seeded_coin,canonical_settle_realize_spend_commit,one_tick_per_side_sensitivity,2023-04-03T01:00:00+03:00,2025-03-23T01:00:00+02:00,37235.0,440.0,37675.0,4765.0,42000.0,0.0,31,23,0,23,23,5,7,0,28,71,2023-12-11T17:00:00+02:00,373.915,243.165,101.144,1.776,614.771,1
8,cap_maximizer,source_constrained_then_seeded_coin,canonical_settle_realize_spend_commit,one_tick_per_side_sensitivity,2023-05-01T01:00:00+03:00,2025-04-20T01:00:00+03:00,-230.0,230.0,0.0,230.0,0.0,0.0,1,2,0,1,1,0,0,0,0,0,2023-07-18T21:30:00+03:00,720.0,0.0,0.0,0.0,35.308,0
8,cap_maximizer,source_constrained_then_seeded_coin,canonical_settle_realize_spend_commit,one_tick_per_side_sensitivity,2023-06-01T01:00:00+03:00,2025-05-21T01:00:00+03:00,28905.0,370.0,29275.0,5595.0,34500.0,3205.35,33,34,2,26,23,5,7,3,23,73,2023-12-12T21:00:00+02:00,325.561,308.98,82.835,2.625,963.963,0
8,cap_maximizer,source_constrained_then_seeded_coin,canonical_settle_realize_spend_commit,one_tick_per_side_sensitivity,2023-07-03T01:00:00+03:00,2025-06-22T01:00:00+03:00,36285.0,300.0,36585.0,5715.0,42000.0,-409.05,32,42,0,25,24,5,7,1,28,77,2023-11-03T18:30:00+02:00,282.915,334.165,101.144,1.776,1189.662,0
8,cap_maximizer,source_constrained_then_seeded_coin,canonical_settle_realize_spend_commit,one_tick_per_side_sensitivity,2023-08-01T01:00:00+03:00,2025-07-21T01:00:00+03:00,35950.0,300.0,36250.0,6050.0,42000.0,1881.6,32,48,0,26,24,5,7,2,28,73,2023-12-11T17:00:00+02:00,253.915,363.165,101.144,1.776,1338.104,0
8,cap_maximizer,source_constrained_then_seeded_coin,canonical_settle_realize_spend_commit,one_tick_per_side_sensitivity,2023-09-01T01:00:00+03:00,2025-08-21T01:00:00+03:00,34740.0,230.0,34970.0,7260.0,42000.0,1964.4,34,52,0,34,26,6,7,8,28,77,2023-11-03T18:30:00+02:00,222.915,380.642,114.624,1.82,1387.139,0
8,cap_maximizer,source_constrained_then_seeded_coin,canonical_settle_realize_spend_commit,one_tick_per_side_sensitivity,2023-10-02T01:00:00+03:00,2025-09-21T01:00:00+03:00,26845.0,230.0,27075.0,7655.0,34500.0,-1374.0,40,43,2,38,30,7,7,8,23,85,2023-12-13T16:00:00+02:00,202.561,387.008,127.314,3.117,1198.834,0
8,cap_maximizer,source_constrained_then_seeded_coin,canonical_settle_realize_spend_commit,one_tick_per_side_sensitivity,2023-11-01T01:00:00+02:00,2025-10-21T01:00:00+03:00,26880.0,195.0,27075.0,7620.0,34500.0,16076.8,40,42,2,38,30,7,7,8,23,85,2023-12-13T16:00:00+02:00,172.561,387.008,157.314,3.117,1171.077,0
8,cap_maximizer,source_constrained_then_seeded_coin,canonical_settle_realize_spend_commit,one_tick_per_side_sensitivity,2023-12-01T01:00:00+02:00,2025-11-20T01:00:00+02:00,38915.0,160.0,39075.0,7585.0,46500.0,7622.8,40,41,2,38,30,7,7,8,31,101,2023-12-13T16:00:00+02:00,142.561,387.008,187.314,3.117,1155.998,0
8,cap_maximizer,source_constrained_then_seeded_coin,canonical_settle_realize_spend_commit,one_tick_per_side_sensitivity,2024-01-02T01:00:00+02:00,2025-12-22T01:00:00+02:00,46080.0,195.0,46275.0,6420.0,52500.0,0.0,35,52,0,27,27,4,8,0,35,96,2024-02-02T19:30:00+02:00,155.958,371.845,190.01,2.187,1438.75,0
8,cap_maximizer,source_constrained_then_seeded_coin,canonical_settle_realize_spend_commit,one_tick_per_side_sensitivity,2024-02-01T01:00:00+02:00,2026-01-21T01:00:00+02:00,45835.0,160.0,45995.0,6665.0,52500.0,0.0,35,59,0,27,27,4,8,0,35,96,2024-02-02T19:30:00+02:00,125.958,401.845,190.01,2.187,1590.655,0
8,cap_maximizer,source_constrained_then_seeded_coin,canonical_settle_realize_spend_commit,one_tick_per_side_sensitivity,2024-03-01T01:00:00+02:00,2026-02-19T01:00:00+02:00,-195.0,195.0,0.0,195.0,0.0,0.0,1,1,0,1,1,0,0,0,0,0,2024-04-03T17:30:00+03:00,720.0,0.0,0.0,0.0,18.354,0
8,cap_maximizer,source_constrained_then_seeded_coin,canonical_settle_realize_spend_commit,one_tick_per_side_sensitivity,2024-04-01T01:00:00+03:00,2026-03-22T01:00:00+02:00,-160.0,160.0,0.0,160.0,0.0,0.0,1,0,0,1,1,0,0,0,0,0,2024-04-03T17:30:00+03:00,720.0,0.0,0.0,0.0,0.0,0
8,cap_maximizer,source_constrained_then_seeded_coin,canonical_settle_realize_spend_commit,one_tick_per_side_sensitivity,2024-05-01T01:00:00+03:00,2026-04-21T01:00:00+03:00,22965.0,160.0,23125.0,10035.0,33000.0,670.0,49,77,0,45,41,9,8,4,22,75,2024-05-03T16:00:00+03:00,65.958,502.687,147.012,4.344,2115.458,0
8,cap_maximizer,source_constrained_then_seeded_coin,canonical_settle_realize_spend_commit,one_tick_per_side_sensitivity,2024-06-03T01:00:00+03:00,2026-05-24T01:00:00+03:00,-160.0,160.0,0.0,160.0,0.0,0.0,1,0,0,1,1,0,0,0,0,2,2024-06-05T05:30:00+03:00,720.0,0.0,0.0,0.0,0.0,0
8,cap_maximizer,source_constrained_then_seeded_coin,canonical_settle_realize_spend_commit,one_tick_per_side_sensitivity,2024-07-01T01:00:00+03:00,2026-06-21T01:00:00+03:00,-160.0,160.0,0.0,160.0,0.0,0.0,1,0,0,1,1,0,0,0,0,2,2024-07-02T20:30:00+03:00,720.0,0.0,0.0,0.0,0.0,1
8,cap_maximizer,source_constrained_then_seeded_coin,canonical_settle_realize_spend_commit,perfect_linear_no_slippage_phase_1,2020-01-02T01:00:00+02:00,2021-12-22T01:00:00+02:00,-195.0,195.0,0.0,195.0,0.0,0.0,1,1,0,1,1,0,0,0,0,5,2020-02-06T06:30:00+02:00,720.0,0.0,0.0,0.0,0.0,0
8,cap_maximizer,source_constrained_then_seeded_coin,canonical_settle_realize_spend_commit,perfect_linear_no_slippage_phase_1,2020-02-03T01:00:00+02:00,2022-01-23T01:00:00+02:00,-265.0,265.0,0.0,1765.0,1500.0,0.0,10,19,0,6,6,1,4,0,1,27,2020-05-08T08:30:00+03:00,590.045,127.022,0.0,2.932,453.458,0
8,cap_maximizer,source_constrained_then_seeded_coin,canonical_settle_realize_spend_commit,perfect_linear_no_slippage_phase_1,2020-03-02T01:00:00+02:00,2022-02-20T01:00:00+02:00,-160.0,160.0,0.0,160.0,0.0,0.0,1,0,0,1,1,0,0,0,0,1,2020-03-02T23:00:00+02:00,720.0,0.0,0.0,0.0,0.0,0
8,cap_maximizer,source_constrained_then_seeded_coin,canonical_settle_realize_spend_commit,perfect_linear_no_slippage_phase_1,2020-04-01T01:00:00+03:00,2022-03-22T01:00:00+02:00,-195.0,195.0,0.0,1695.0,1500.0,0.0,10,17,0,6,6,1,4,0,1,27,2020-05-08T04:00:00+03:00,590.045,127.022,0.0,2.932,414.643,1
8,cap_maximizer,source_constrained_then_seeded_coin,canonical_settle_realize_spend_commit,perfect_linear_no_slippage_phase_1,2020-05-01T01:00:00+03:00,2022-04-21T01:00:00+03:00,-160.0,160.0,0.0,1660.0,1500.0,0.0,10,16,0,6,6,1,4,0,1,27,2020-05-08T04:00:00+03:00,590.045,127.022,0.0,2.932,391.556,0
8,cap_maximizer,source_constrained_then_seeded_coin,canonical_settle_realize_spend_commit,perfect_linear_no_slippage_phase_1,2020-06-01T01:00:00+03:00,2022-05-22T01:00:00+03:00,-230.0,230.0,0.0,230.0,0.0,0.0,1,2,0,1,1,0,0,0,0,0,2020-08-05T10:00:00+03:00,720.0,0.0,0.0,0.0,33.587,0
8,cap_maximizer,source_constrained_then_seeded_coin,canonical_settle_realize_spend_commit,perfect_linear_no_slippage_phase_1,2020-07-01T01:00:00+03:00,2022-06-21T01:00:00+03:00,-195.0,195.0,0.0,195.0,0.0,0.0,1,1,0,1,1,0,0,0,0,0,2020-08-05T10:00:00+03:00,720.0,0.0,0.0,0.0,14.293,0
8,cap_maximizer,source_constrained_then_seeded_coin,canonical_settle_realize_spend_commit,perfect_linear_no_slippage_phase_1,2020-08-03T01:00:00+03:00,2022-07-24T01:00:00+03:00,-160.0,160.0,0.0,160.0,0.0,0.0,1,0,0,1,1,0,0,0,0,0,2020-08-07T11:00:00+03:00,720.0,0.0,0.0,0.0,0.0,0
8,cap_maximizer,source_constrained_then_seeded_coin,canonical_settle_realize_spend_commit,perfect_linear_no_slippage_phase_1,2020-09-01T01:00:00+03:00,2022-08-22T01:00:00+03:00,-230.0,230.0,0.0,230.0,0.0,0.0,1,2,0,1,1,0,0,0,0,2,2020-11-04T05:00:00+02:00,720.0,0.0,0.0,0.0,54.741,0
8,cap_maximizer,source_constrained_then_seeded_coin,canonical_settle_realize_spend_commit,perfect_linear_no_slippage_phase_1,2020-10-01T01:00:00+03:00,2022-09-21T01:00:00+03:00,-195.0,195.0,0.0,195.0,0.0,0.0,1,1,0,1,1,0,0,0,0,2,2020-11-04T05:00:00+02:00,720.0,0.0,0.0,0.0,28.512,0
8,cap_maximizer,source_constrained_then_seeded_coin,canonical_settle_realize_spend_commit,perfect_linear_no_slippage_phase_1,2020-11-02T01:00:00+02:00,2022-10-23T01:00:00+03:00,-160.0,160.0,0.0,160.0,0.0,0.0,1,0,0,1,1,0,0,0,0,2,2020-11-04T05:00:00+02:00,720.0,0.0,0.0,0.0,0.0,0
8,cap_maximizer,source_constrained_then_seeded_coin,canonical_settle_realize_spend_commit,perfect_linear_no_slippage_phase_1,2020-12-01T01:00:00+02:00,2022-11-21T01:00:00+02:00,-195.0,195.0,0.0,195.0,0.0,0.0,1,1,0,1,1,0,0,0,0,2,2021-01-07T17:00:00+02:00,720.0,0.0,0.0,0.0,0.0,0
8,cap_maximizer,source_constrained_then_seeded_coin,canonical_settle_realize_spend_commit,perfect_linear_no_slippage_phase_1,2021-01-04T01:00:00+02:00,2022-12-25T01:00:00+02:00,-160.0,160.0,0.0,160.0,0.0,0.0,1,0,0,1,1,0,0,0,0,2,2021-01-07T17:00:00+02:00,720.0,0.0,0.0,0.0,0.0,0
8,cap_maximizer,source_constrained_then_seeded_coin,canonical_settle_realize_spend_commit,perfect_linear_no_slippage_phase_1,2021-02-01T01:00:00+02:00,2023-01-22T01:00:00+02:00,-160.0,160.0,0.0,160.0,0.0,0.0,1,0,0,1,1,0,0,0,0,1,2021-02-11T09:30:00+02:00,720.0,0.0,0.0,0.0,0.0,0
8,cap_maximizer,source_constrained_then_seeded_coin,canonical_settle_realize_spend_commit,perfect_linear_no_slippage_phase_1,2021-03-01T01:00:00+02:00,2023-02-19T01:00:00+02:00,-195.0,195.0,0.0,195.0,0.0,0.0,1,1,0,1,1,0,0,0,0,0,2021-04-15T17:30:00+03:00,720.0,0.0,0.0,0.0,26.849,0
8,cap_maximizer,source_constrained_then_seeded_coin,canonical_settle_realize_spend_commit,perfect_linear_no_slippage_phase_1,2021-04-01T01:00:00+03:00,2023-03-22T01:00:00+02:00,-160.0,160.0,0.0,160.0,0.0,0.0,1,0,0,1,1,0,0,0,0,0,2021-04-19T05:30:00+03:00,720.0,0.0,0.0,0.0,0.0,0
8,cap_maximizer,source_constrained_then_seeded_coin,canonical_settle_realize_spend_commit,perfect_linear_no_slippage_phase_1,2021-05-03T01:00:00+03:00,2023-04-23T01:00:00+03:00,-230.0,230.0,0.0,230.0,0.0,0.0,1,2,0,1,1,0,0,0,0,8,2021-07-09T18:00:00+03:00,720.0,0.0,0.0,0.0,43.791,0
8,cap_maximizer,source_constrained_then_seeded_coin,canonical_settle_realize_spend_commit,perfect_linear_no_slippage_phase_1,2021-06-01T01:00:00+03:00,2023-05-22T01:00:00+03:00,-195.0,195.0,0.0,195.0,0.0,0.0,1,1,0,1,1,0,0,0,0,8,2021-07-09T18:00:00+03:00,720.0,0.0,0.0,0.0,21.684,0
8,cap_maximizer,source_constrained_then_seeded_coin,canonical_settle_realize_spend_commit,perfect_linear_no_slippage_phase_1,2021-07-01T01:00:00+03:00,2023-06-21T01:00:00+03:00,-160.0,160.0,0.0,160.0,0.0,0.0,1,0,0,1,1,0,0,0,0,8,2021-07-09T18:00:00+03:00,720.0,0.0,0.0,0.0,0.0,0
8,cap_maximizer,source_constrained_then_seeded_coin,canonical_settle_realize_spend_commit,perfect_linear_no_slippage_phase_1,2021-08-02T01:00:00+03:00,2023-07-23T01:00:00+03:00,-195.0,195.0,0.0,195.0,0.0,0.0,1,1,0,1,1,0,0,0,0,7,2021-09-09T17:00:00+03:00,720.0,0.0,0.0,0.0,0.0,0
8,cap_maximizer,source_constrained_then_seeded_coin,canonical_settle_realize_spend_commit,perfect_linear_no_slippage_phase_1,2021-09-01T01:00:00+03:00,2023-08-22T01:00:00+03:00,-160.0,160.0,0.0,160.0,0.0,0.0,1,0,0,1,1,0,0,0,0,7,2021-09-13T11:30:00+03:00,720.0,0.0,0.0,0.0,0.0,0
8,cap_maximizer,source_constrained_then_seeded_coin,canonical_settle_realize_spend_commit,perfect_linear_no_slippage_phase_1,2021-10-01T01:00:00+03:00,2023-09-21T01:00:00+03:00,-160.0,160.0,0.0,160.0,0.0,0.0,1,0,0,1,1,0,0,0,0,7,2021-10-07T09:30:00+03:00,720.0,0.0,0.0,0.0,0.0,0
8,cap_maximizer,source_constrained_then_seeded_coin,canonical_settle_realize_spend_commit,perfect_linear_no_slippage_phase_1,2021-11-01T01:00:00+02:00,2023-10-22T01:00:00+03:00,-160.0,160.0,0.0,160.0,0.0,0.0,1,0,0,1,1,0,0,0,0,5,2021-11-04T00:30:00+02:00,720.0,0.0,0.0,0.0,0.0,0
8,cap_maximizer,source_constrained_then_seeded_coin,canonical_settle_realize_spend_commit,perfect_linear_no_slippage_phase_1,2021-12-01T01:00:00+02:00,2023-11-21T01:00:00+02:00,11720.0,230.0,11950.0,4780.0,16500.0,5253.0,25,33,0,22,17,4,5,5,11,110,2022-02-04T07:30:00+02:00,139.958,347.192,229.82,3.03,921.802,0
8,cap_maximizer,source_constrained_then_seeded_coin,canonical_settle_realize_spend_commit,perfect_linear_no_slippage_phase_1,2022-01-03T01:00:00+02:00,2023-12-24T01:00:00+02:00,7600.0,195.0,7795.0,2900.0,10500.0,7546.6,12,28,0,12,4,1,3,8,7,110,2022-02-04T21:00:00+02:00,108.958,380.603,229.73,0.709,754.391,0
8,cap_maximizer,source_constrained_then_seeded_coin,canonical_settle_realize_spend_commit,perfect_linear_no_slippage_phase_1,2022-02-01T01:00:00+02:00,2024-01-22T01:00:00+02:00,15135.0,160.0,15295.0,2865.0,18000.0,10009.0,12,27,0,12,4,1,3,8,12,118,2022-02-04T21:00:00+02:00,79.958,380.603,258.73,0.709,727.745,0
8,cap_maximizer,source_constrained_then_seeded_coin,canonical_settle_realize_spend_commit,perfect_linear_no_slippage_phase_1,2022-03-01T01:00:00+02:00,2024-02-19T01:00:00+02:00,-195.0,195.0,0.0,195.0,0.0,0.0,1,1,0,1,1,0,0,0,0,0,2022-04-12T16:00:00+03:00,720.0,0.0,0.0,0.0,26.654,0
8,cap_maximizer,source_constrained_then_seeded_coin,canonical_settle_realize_spend_commit,perfect_linear_no_slippage_phase_1,2022-04-01T01:00:00+03:00,2024-03-21T01:00:00+02:00,-160.0,160.0,0.0,160.0,0.0,0.0,1,0,0,1,1,0,0,0,0,0,2022-04-08T09:00:00+03:00,720.0,0.0,0.0,0.0,0.0,0
8,cap_maximizer,source_constrained_then_seeded_coin,canonical_settle_realize_spend_commit,perfect_linear_no_slippage_phase_1,2022-05-02T01:00:00+03:00,2024-04-21T01:00:00+03:00,-215.0,230.0,15.0,1715.0,1500.0,0.0,8,16,0,7,7,1,6,0,1,8,2022-07-06T10:30:00+03:00,641.084,78.381,0.0,0.535,389.685,0
8,cap_maximizer,source_constrained_then_seeded_coin,canonical_settle_realize_spend_commit,perfect_linear_no_slippage_phase_1,2022-06-01T01:00:00+03:00,2024-05-21T01:00:00+03:00,-180.0,195.0,15.0,1680.0,1500.0,0.0,8,15,0,7,7,1,6,0,1,8,2022-07-06T10:30:00+03:00,641.084,78.381,0.0,0.535,360.529,0
8,cap_maximizer,source_constrained_then_seeded_coin,canonical_settle_realize_spend_commit,perfect_linear_no_slippage_phase_1,2022-07-01T01:00:00+03:00,2024-06-20T01:00:00+03:00,-145.0,160.0,15.0,1645.0,1500.0,0.0,8,14,0,7,7,1,6,0,1,8,2022-07-06T10:30:00+03:00,641.084,78.381,0.0,0.535,333.467,0
8,cap_maximizer,source_constrained_then_seeded_coin,canonical_settle_realize_spend_commit,perfect_linear_no_slippage_phase_1,2022-08-01T01:00:00+03:00,2024-07-21T01:00:00+03:00,-160.0,160.0,0.0,160.0,0.0,0.0,1,0,0,1,1,0,0,0,0,1,2022-08-03T20:30:00+03:00,720.0,0.0,0.0,0.0,0.0,0
8,cap_maximizer,source_constrained_then_seeded_coin,canonical_settle_realize_spend_commit,perfect_linear_no_slippage_phase_1,2022-09-01T01:00:00+03:00,2024-08-21T01:00:00+03:00,-195.0,195.0,0.0,195.0,0.0,0.0,1,1,0,1,1,0,0,0,0,1,2022-10-06T03:00:00+03:00,720.0,0.0,0.0,0.0,28.109,0
8,cap_maximizer,source_constrained_then_seeded_coin,canonical_settle_realize_spend_commit,perfect_linear_no_slippage_phase_1,2022-10-03T01:00:00+03:00,2024-09-22T01:00:00+03:00,-160.0,160.0,0.0,160.0,0.0,0.0,1,0,0,1,1,0,0,0,0,1,2022-10-06T03:00:00+03:00,720.0,0.0,0.0,0.0,0.0,0
8,cap_maximizer,source_constrained_then_seeded_coin,canonical_settle_realize_spend_commit,perfect_linear_no_slippage_phase_1,2022-11-01T01:00:00+02:00,2024-10-21T01:00:00+03:00,29540.0,300.0,29840.0,4960.0,34500.0,9389.45,24,32,0,24,16,5,5,8,23,110,2023-03-09T17:00:00+02:00,307.958,246.813,163.715,1.514,638.217,0
8,cap_maximizer,source_constrained_then_seeded_coin,canonical_settle_realize_spend_commit,perfect_linear_no_slippage_phase_1,2022-12-01T01:00:00+02:00,2024-11-20T01:00:00+02:00,35255.0,265.0,35520.0,5245.0,40500.0,10478.75,26,31,0,26,18,6,5,8,27,118,2023-03-09T17:00:00+02:00,277.958,252.793,187.656,1.593,610.672,0
8,cap_maximizer,source_constrained_then_seeded_coin,canonical_settle_realize_spend_commit,perfect_linear_no_slippage_phase_1,2023-01-03T01:00:00+02:00,2024-12-23T01:00:00+02:00,-265.0,265.0,0.0,265.0,0.0,0.0,1,3,0,1,1,0,0,0,0,2,2023-04-13T21:00:00+03:00,720.0,0.0,0.0,0.0,76.265,0
8,cap_maximizer,source_constrained_then_seeded_coin,canonical_settle_realize_spend_commit,perfect_linear_no_slippage_phase_1,2023-02-01T01:00:00+02:00,2025-01-21T01:00:00+02:00,-230.0,230.0,0.0,230.0,0.0,0.0,1,2,0,1,1,0,0,0,0,2,2023-04-13T21:00:00+03:00,720.0,0.0,0.0,0.0,46.667,0
8,cap_maximizer,source_constrained_then_seeded_coin,canonical_settle_realize_spend_commit,perfect_linear_no_slippage_phase_1,2023-03-01T01:00:00+02:00,2025-02-18T01:00:00+02:00,62060.0,160.0,62220.0,5440.0,67500.0,7425.35,30,29,0,27,22,7,5,5,45,155,2023-03-09T17:00:00+02:00,187.958,293.878,236.453,1.712,564.981,1
8,cap_maximizer,source_constrained_then_seeded_coin,canonical_settle_realize_spend_commit,perfect_linear_no_slippage_phase_1,2023-04-03T01:00:00+03:00,2025-03-23T01:00:00+02:00,-160.0,160.0,0.0,160.0,0.0,0.0,1,0,0,1,1,0,0,0,0,2,2023-04-13T21:00:00+03:00,720.0,0.0,0.0,0.0,0.0,1
8,cap_maximizer,source_constrained_then_seeded_coin,canonical_settle_realize_spend_commit,perfect_linear_no_slippage_phase_1,2023-05-01T01:00:00+03:00,2025-04-20T01:00:00+03:00,-195.0,195.0,0.0,195.0,0.0,0.0,1,1,0,1,1,0,0,0,0,1,2023-06-16T11:30:00+03:00,720.0,0.0,0.0,0.0,26.079,0
8,cap_maximizer,source_constrained_then_seeded_coin,canonical_settle_realize_spend_commit,perfect_linear_no_slippage_phase_1,2023-06-01T01:00:00+03:00,2025-05-21T01:00:00+03:00,-160.0,160.0,0.0,160.0,0.0,0.0,1,0,0,1,1,0,0,0,0,1,2023-06-16T11:30:00+03:00,720.0,0.0,0.0,0.0,0.0,0
8,cap_maximizer,source_constrained_then_seeded_coin,canonical_settle_realize_spend_commit,perfect_linear_no_slippage_phase_1,2023-07-03T01:00:00+03:00,2025-06-22T01:00:00+03:00,-160.0,160.0,0.0,160.0,0.0,0.0,1,0,0,1,1,0,0,0,0,0,2023-07-19T09:30:00+03:00,720.0,0.0,0.0,0.0,0.0,0
8,cap_maximizer,source_constrained_then_seeded_coin,canonical_settle_realize_spend_commit,perfect_linear_no_slippage_phase_1,2023-08-01T01:00:00+03:00,2025-07-21T01:00:00+03:00,59275.0,300.0,59575.0,6725.0,66000.0,0.0,38,47,0,30,30,10,7,0,44,91,2023-12-11T17:00:00+02:00,197.958,287.583,232.556,1.903,1295.572,0
8,cap_maximizer,source_constrained_then_seeded_coin,canonical_settle_realize_spend_commit,perfect_linear_no_slippage_phase_1,2023-09-01T01:00:00+03:00,2025-08-21T01:00:00+03:00,60975.0,230.0,61205.0,8025.0,69000.0,2427.85,39,51,0,39,31,8,7,8,46,125,2023-11-03T18:30:00+02:00,165.958,295.942,254.83,3.271,1295.052,0
8,cap_maximizer,source_constrained_then_seeded_coin,canonical_settle_realize_spend_commit,perfect_linear_no_slippage_phase_1,2023-10-02T01:00:00+03:00,2025-09-21T01:00:00+03:00,44975.0,230.0,45205.0,7525.0,52500.0,97.45,35,55,0,35,27,8,7,8,35,91,2023-12-12T21:00:00+02:00,189.561,289.944,238.61,1.885,1466.065,0
8,cap_maximizer,source_constrained_then_seeded_coin,canonical_settle_realize_spend_commit,perfect_linear_no_slippage_phase_1,2023-11-01T01:00:00+02:00,2025-10-21T01:00:00+03:00,45010.0,195.0,45205.0,7490.0,52500.0,18452.25,35,54,0,35,27,8,7,8,35,91,2023-12-12T21:00:00+02:00,159.561,289.944,268.61,1.885,1438.394,0
8,cap_maximizer,source_constrained_then_seeded_coin,canonical_settle_realize_spend_commit,perfect_linear_no_slippage_phase_1,2023-12-01T01:00:00+02:00,2025-11-20T01:00:00+02:00,57045.0,160.0,57205.0,7455.0,64500.0,10998.25,35,53,0,35,27,8,7,8,43,107,2023-12-12T21:00:00+02:00,129.561,289.944,298.61,1.885,1423.315,0
8,cap_maximizer,source_constrained_then_seeded_coin,canonical_settle_realize_spend_commit,perfect_linear_no_slippage_phase_1,2024-01-02T01:00:00+02:00,2025-12-22T01:00:00+02:00,47020.0,160.0,47180.0,6980.0,54000.0,0.0,35,68,0,27,27,3,7,0,36,100,2024-01-09T18:30:00+02:00,93.958,472.887,151.643,1.513,1841.303,0
8,cap_maximizer,source_constrained_then_seeded_coin,canonical_settle_realize_spend_commit,perfect_linear_no_slippage_phase_1,2024-02-01T01:00:00+02:00,2026-01-21T01:00:00+02:00,64640.0,160.0,64800.0,7360.0,72000.0,0.0,40,56,0,32,32,6,8,0,48,122,2024-02-02T19:30:00+02:00,123.958,250.393,341.744,3.906,1456.101,0
8,cap_maximizer,source_constrained_then_seeded_coin,canonical_settle_realize_spend_commit,perfect_linear_no_slippage_phase_1,2024-03-01T01:00:00+02:00,2026-02-19T01:00:00+02:00,-195.0,195.0,0.0,195.0,0.0,0.0,1,1,0,1,1,0,0,0,0,0,2024-04-03T17:30:00+03:00,720.0,0.0,0.0,0.0,18.354,0
8,cap_maximizer,source_constrained_then_seeded_coin,canonical_settle_realize_spend_commit,perfect_linear_no_slippage_phase_1,2024-04-01T01:00:00+03:00,2026-03-22T01:00:00+02:00,-160.0,160.0,0.0,160.0,0.0,0.0,1,0,0,1,1,0,0,0,0,0,2024-04-03T17:30:00+03:00,720.0,0.0,0.0,0.0,0.0,0
8,cap_maximizer,source_constrained_then_seeded_coin,canonical_settle_realize_spend_commit,perfect_linear_no_slippage_phase_1,2024-05-01T01:00:00+03:00,2026-04-21T01:00:00+03:00,-130.0,160.0,30.0,1630.0,1500.0,0.0,16,2,6,8,8,1,7,0,1,2,2024-05-03T16:00:00+03:00,667.58,38.648,12.668,1.104,220.223,0
8,cap_maximizer,source_constrained_then_seeded_coin,canonical_settle_realize_spend_commit,perfect_linear_no_slippage_phase_1,2024-06-03T01:00:00+03:00,2026-05-24T01:00:00+03:00,41740.0,160.0,41900.0,7760.0,49500.0,13793.15,32,79,0,31,24,3,7,7,33,75,2024-06-05T05:30:00+03:00,74.958,385.728,255.542,3.772,2181.132,0
8,cap_maximizer,source_constrained_then_seeded_coin,canonical_settle_realize_spend_commit,perfect_linear_no_slippage_phase_1,2024-07-01T01:00:00+03:00,2026-06-21T01:00:00+03:00,-160.0,160.0,0.0,160.0,0.0,0.0,1,0,0,1,1,0,0,0,0,2,2024-07-02T20:30:00+03:00,720.0,0.0,0.0,0.0,0.0,1
20,cap_maximizer,source_constrained_then_seeded_coin,canonical_settle_realize_spend_commit,one_tick_per_side_sensitivity,2020-01-02T01:00:00+02:00,2021-12-22T01:00:00+02:00,-230.0,230.0,0.0,230.0,0.0,0.0,1,2,0,1,1,0,0,0,0,1,2020-03-02T23:00:00+02:00,720.0,0.0,0.0,0.0,6.206,0
20,cap_maximizer,source_constrained_then_seeded_coin,canonical_settle_realize_spend_commit,one_tick_per_side_sensitivity,2020-02-03T01:00:00+02:00,2022-01-23T01:00:00+02:00,-265.0,265.0,0.0,265.0,0.0,0.0,1,3,0,1,1,0,0,0,0,4,2020-05-08T08:30:00+03:00,720.0,0.0,0.0,0.0,62.377,0
20,cap_maximizer,source_constrained_then_seeded_coin,canonical_settle_realize_spend_commit,one_tick_per_side_sensitivity,2020-03-02T01:00:00+02:00,2022-02-20T01:00:00+02:00,-160.0,160.0,0.0,160.0,0.0,0.0,1,0,0,1,1,0,0,0,0,1,2020-03-02T23:00:00+02:00,720.0,0.0,0.0,0.0,0.0,0
20,cap_maximizer,source_constrained_then_seeded_coin,canonical_settle_realize_spend_commit,one_tick_per_side_sensitivity,2020-04-01T01:00:00+03:00,2022-03-22T01:00:00+02:00,-195.0,195.0,0.0,195.0,0.0,0.0,1,1,0,1,1,0,0,0,0,4,2020-05-08T08:30:00+03:00,720.0,0.0,0.0,0.0,23.088,1
20,cap_maximizer,source_constrained_then_seeded_coin,canonical_settle_realize_spend_commit,one_tick_per_side_sensitivity,2020-05-01T01:00:00+03:00,2022-04-21T01:00:00+03:00,-160.0,160.0,0.0,160.0,0.0,0.0,1,0,0,1,1,0,0,0,0,4,2020-05-08T08:30:00+03:00,720.0,0.0,0.0,0.0,0.0,0
20,cap_maximizer,source_constrained_then_seeded_coin,canonical_settle_realize_spend_commit,one_tick_per_side_sensitivity,2020-06-01T01:00:00+03:00,2022-05-22T01:00:00+03:00,-230.0,230.0,0.0,230.0,0.0,0.0,1,2,0,1,1,0,0,0,0,0,2020-08-06T21:30:00+03:00,720.0,0.0,0.0,0.0,33.644,0
20,cap_maximizer,source_constrained_then_seeded_coin,canonical_settle_realize_spend_commit,one_tick_per_side_sensitivity,2020-07-01T01:00:00+03:00,2022-06-21T01:00:00+03:00,-195.0,195.0,0.0,195.0,0.0,0.0,1,1,0,1,1,0,0,0,0,0,2020-08-06T21:30:00+03:00,720.0,0.0,0.0,0.0,14.293,0
20,cap_maximizer,source_constrained_then_seeded_coin,canonical_settle_realize_spend_commit,one_tick_per_side_sensitivity,2020-08-03T01:00:00+03:00,2022-07-24T01:00:00+03:00,-160.0,160.0,0.0,160.0,0.0,0.0,1,0,0,1,1,0,0,0,0,0,2020-08-07T11:00:00+03:00,720.0,0.0,0.0,0.0,0.0,0
20,cap_maximizer,source_constrained_then_seeded_coin,canonical_settle_realize_spend_commit,one_tick_per_side_sensitivity,2020-09-01T01:00:00+03:00,2022-08-22T01:00:00+03:00,-230.0,230.0,0.0,230.0,0.0,0.0,1,2,0,1,1,0,0,0,0,2,2020-11-04T05:00:00+02:00,720.0,0.0,0.0,0.0,54.741,0
20,cap_maximizer,source_constrained_then_seeded_coin,canonical_settle_realize_spend_commit,one_tick_per_side_sensitivity,2020-10-01T01:00:00+03:00,2022-09-21T01:00:00+03:00,-195.0,195.0,0.0,195.0,0.0,0.0,1,1,0,1,1,0,0,0,0,2,2020-11-04T05:00:00+02:00,720.0,0.0,0.0,0.0,28.512,0
20,cap_maximizer,source_constrained_then_seeded_coin,canonical_settle_realize_spend_commit,one_tick_per_side_sensitivity,2020-11-02T01:00:00+02:00,2022-10-23T01:00:00+03:00,-160.0,160.0,0.0,160.0,0.0,0.0,1,0,0,1,1,0,0,0,0,2,2020-11-04T05:00:00+02:00,720.0,0.0,0.0,0.0,0.0,0
20,cap_maximizer,source_constrained_then_seeded_coin,canonical_settle_realize_spend_commit,one_tick_per_side_sensitivity,2020-12-01T01:00:00+02:00,2022-11-21T01:00:00+02:00,-195.0,195.0,0.0,195.0,0.0,0.0,1,1,0,1,1,0,0,0,0,2,2021-01-08T02:30:00+02:00,720.0,0.0,0.0,0.0,0.0,0
20,cap_maximizer,source_constrained_then_seeded_coin,canonical_settle_realize_spend_commit,one_tick_per_side_sensitivity,2021-01-04T01:00:00+02:00,2022-12-25T01:00:00+02:00,-160.0,160.0,0.0,160.0,0.0,0.0,1,0,0,1,1,0,0,0,0,2,2021-01-07T17:00:00+02:00,720.0,0.0,0.0,0.0,0.0,0
20,cap_maximizer,source_constrained_then_seeded_coin,canonical_settle_realize_spend_commit,one_tick_per_side_sensitivity,2021-02-01T01:00:00+02:00,2023-01-22T01:00:00+02:00,-230.0,230.0,0.0,230.0,0.0,0.0,1,2,0,1,1,0,0,0,0,0,2021-04-15T17:30:00+03:00,720.0,0.0,0.0,0.0,41.563,0
20,cap_maximizer,source_constrained_then_seeded_coin,canonical_settle_realize_spend_commit,one_tick_per_side_sensitivity,2021-03-01T01:00:00+02:00,2023-02-19T01:00:00+02:00,-300.0,300.0,0.0,300.0,0.0,0.0,1,4,0,1,1,0,0,0,0,8,2021-07-07T14:30:00+03:00,720.0,0.0,0.0,0.0,89.595,0
20,cap_maximizer,source_constrained_then_seeded_coin,canonical_settle_realize_spend_commit,one_tick_per_side_sensitivity,2021-04-01T01:00:00+03:00,2023-03-22T01:00:00+02:00,-265.0,265.0,0.0,265.0,0.0,0.0,1,3,0,1,1,0,0,0,0,8,2021-07-09T18:00:00+03:00,720.0,0.0,0.0,0.0,51.582,0
20,cap_maximizer,source_constrained_then_seeded_coin,canonical_settle_realize_spend_commit,one_tick_per_side_sensitivity,2021-05-03T01:00:00+03:00,2023-04-23T01:00:00+03:00,-230.0,230.0,0.0,230.0,0.0,0.0,1,2,0,1,1,0,0,0,0,8,2021-07-12T15:30:00+03:00,720.0,0.0,0.0,0.0,44.571,0
20,cap_maximizer,source_constrained_then_seeded_coin,canonical_settle_realize_spend_commit,one_tick_per_side_sensitivity,2021-06-01T01:00:00+03:00,2023-05-22T01:00:00+03:00,-195.0,195.0,0.0,195.0,0.0,0.0,1,1,0,1,1,0,0,0,0,8,2021-07-09T18:00:00+03:00,720.0,0.0,0.0,0.0,23.347,0
20,cap_maximizer,source_constrained_then_seeded_coin,canonical_settle_realize_spend_commit,one_tick_per_side_sensitivity,2021-07-01T01:00:00+03:00,2023-06-21T01:00:00+03:00,-160.0,160.0,0.0,160.0,0.0,0.0,1,0,0,1,1,0,0,0,0,8,2021-07-09T18:00:00+03:00,720.0,0.0,0.0,0.0,0.0,0
20,cap_maximizer,source_constrained_then_seeded_coin,canonical_settle_realize_spend_commit,one_tick_per_side_sensitivity,2021-08-02T01:00:00+03:00,2023-07-23T01:00:00+03:00,-195.0,195.0,0.0,195.0,0.0,0.0,1,1,0,1,1,0,0,0,0,7,2021-09-13T11:30:00+03:00,720.0,0.0,0.0,0.0,0.0,0
20,cap_maximizer,source_constrained_then_seeded_coin,canonical_settle_realize_spend_commit,one_tick_per_side_sensitivity,2021-09-01T01:00:00+03:00,2023-08-22T01:00:00+03:00,-195.0,195.0,0.0,195.0,0.0,0.0,1,1,0,1,1,0,0,0,0,7,2021-10-07T09:30:00+03:00,720.0,0.0,0.0,0.0,14.167,0
20,cap_maximizer,source_constrained_then_seeded_coin,canonical_settle_realize_spend_commit,one_tick_per_side_sensitivity,2021-10-01T01:00:00+03:00,2023-09-21T01:00:00+03:00,-160.0,160.0,0.0,160.0,0.0,0.0,1,0,0,1,1,0,0,0,0,7,2021-10-07T09:30:00+03:00,720.0,0.0,0.0,0.0,0.0,0
20,cap_maximizer,source_constrained_then_seeded_coin,canonical_settle_realize_spend_commit,one_tick_per_side_sensitivity,2021-11-01T01:00:00+02:00,2023-10-22T01:00:00+03:00,-160.0,160.0,0.0,160.0,0.0,0.0,1,0,0,1,1,0,0,0,0,5,2021-11-04T00:30:00+02:00,720.0,0.0,0.0,0.0,0.0,0
20,cap_maximizer,source_constrained_then_seeded_coin,canonical_settle_realize_spend_commit,one_tick_per_side_sensitivity,2021-12-01T01:00:00+02:00,2023-11-21T01:00:00+02:00,-230.0,230.0,0.0,230.0,0.0,0.0,1,2,0,1,1,0,0,0,0,6,2022-02-04T07:30:00+02:00,720.0,0.0,0.0,0.0,53.636,0
20,cap_maximizer,source_constrained_then_seeded_coin,canonical_settle_realize_spend_commit,one_tick_per_side_sensitivity,2022-01-03T01:00:00+02:00,2023-12-24T01:00:00+02:00,-195.0,195.0,0.0,195.0,0.0,0.0,1,1,0,1,1,0,0,0,0,6,2022-02-04T21:00:00+02:00,720.0,0.0,0.0,0.0,26.646,0
20,cap_maximizer,source_constrained_then_seeded_coin,canonical_settle_realize_spend_commit,one_tick_per_side_sensitivity,2022-02-01T01:00:00+02:00,2024-01-22T01:00:00+02:00,-160.0,160.0,0.0,160.0,0.0,0.0,1,0,0,1,1,0,0,0,0,6,2022-02-04T21:00:00+02:00,720.0,0.0,0.0,0.0,0.0,0
20,cap_maximizer,source_constrained_then_seeded_coin,canonical_settle_realize_spend_commit,one_tick_per_side_sensitivity,2022-03-01T01:00:00+02:00,2024-02-19T01:00:00+02:00,-195.0,195.0,0.0,195.0,0.0,0.0,1,1,0,1,1,0,0,0,0,0,2022-04-12T16:00:00+03:00,720.0,0.0,0.0,0.0,26.654,0
20,cap_maximizer,source_constrained_then_seeded_coin,canonical_settle_realize_spend_commit,one_tick_per_side_sensitivity,2022-04-01T01:00:00+03:00,2024-03-21T01:00:00+02:00,-160.0,160.0,0.0,160.0,0.0,0.0,1,0,0,1,1,0,0,0,0,0,2022-04-08T09:00:00+03:00,720.0,0.0,0.0,0.0,0.0,0
20,cap_maximizer,source_constrained_then_seeded_coin,canonical_settle_realize_spend_commit,one_tick_per_side_sensitivity,2022-05-02T01:00:00+03:00,2024-04-21T01:00:00+03:00,-220.0,230.0,10.0,1720.0,1500.0,0.0,21,21,16,2,2,0,0,0,1,1,2022-07-06T10:30:00+03:00,660.0,56.0,0.0,4.0,997.008,0
20,cap_maximizer,source_constrained_then_seeded_coin,canonical_settle_realize_spend_commit,one_tick_per_side_sensitivity,2022-06-01T01:00:00+03:00,2024-05-21T01:00:00+03:00,-185.0,195.0,10.0,1685.0,1500.0,0.0,21,20,16,2,2,0,0,0,1,1,2022-07-06T10:30:00+03:00,660.0,56.0,0.0,4.0,967.852,0
20,cap_maximizer,source_constrained_then_seeded_coin,canonical_settle_realize_spend_commit,one_tick_per_side_sensitivity,2022-07-01T01:00:00+03:00,2024-06-20T01:00:00+03:00,-150.0,160.0,10.0,1650.0,1500.0,0.0,21,19,16,2,2,0,0,0,1,1,2022-07-06T10:30:00+03:00,660.0,56.0,0.0,4.0,940.789,0
20,cap_maximizer,source_constrained_then_seeded_coin,canonical_settle_realize_spend_commit,one_tick_per_side_sensitivity,2022-08-01T01:00:00+03:00,2024-07-21T01:00:00+03:00,-160.0,160.0,0.0,160.0,0.0,0.0,1,0,0,1,1,0,0,0,0,1,2022-08-03T20:30:00+03:00,720.0,0.0,0.0,0.0,0.0,0
20,cap_maximizer,source_constrained_then_seeded_coin,canonical_settle_realize_spend_commit,one_tick_per_side_sensitivity,2022-09-01T01:00:00+03:00,2024-08-21T01:00:00+03:00,-195.0,195.0,0.0,195.0,0.0,0.0,1,1,0,1,1,0,0,0,0,1,2022-10-06T15:00:00+03:00,720.0,0.0,0.0,0.0,28.109,0
20,cap_maximizer,source_constrained_then_seeded_coin,canonical_settle_realize_spend_commit,one_tick_per_side_sensitivity,2022-10-03T01:00:00+03:00,2024-09-22T01:00:00+03:00,-160.0,160.0,0.0,160.0,0.0,0.0,1,0,0,1,1,0,0,0,0,1,2022-10-06T15:00:00+03:00,720.0,0.0,0.0,0.0,0.0,0
20,cap_maximizer,source_constrained_then_seeded_coin,canonical_settle_realize_spend_commit,one_tick_per_side_sensitivity,2022-11-01T01:00:00+02:00,2024-10-21T01:00:00+03:00,-335.0,335.0,0.0,335.0,0.0,0.0,1,5,0,1,1,0,0,0,0,2,2023-04-13T21:00:00+03:00,720.0,0.0,0.0,0.0,119.049,0
20,cap_maximizer,source_constrained_then_seeded_coin,canonical_settle_realize_spend_commit,one_tick_per_side_sensitivity,2022-12-01T01:00:00+02:00,2024-11-20T01:00:00+02:00,-300.0,300.0,0.0,300.0,0.0,0.0,1,4,0,1,1,0,0,0,0,2,2023-04-13T21:00:00+03:00,720.0,0.0,0.0,0.0,91.503,0
20,cap_maximizer,source_constrained_then_seeded_coin,canonical_settle_realize_spend_commit,one_tick_per_side_sensitivity,2023-01-03T01:00:00+02:00,2024-12-23T01:00:00+02:00,-540.0,545.0,5.0,5040.0,4500.0,0.0,39,30,7,21,21,2,12,0,3,51,2023-12-11T17:00:00+02:00,562.853,128.296,22.377,6.474,763.179,0
20,cap_maximizer,source_constrained_then_seeded_coin,canonical_settle_realize_spend_commit,one_tick_per_side_sensitivity,2023-02-01T01:00:00+02:00,2025-01-21T01:00:00+02:00,5975.0,510.0,6485.0,7525.0,13500.0,33908.35,50,15,8,42,22,3,13,20,9,135,2023-12-12T21:00:00+02:00,543.958,107.522,60.354,8.166,455.066,0
20,cap_maximizer,source_constrained_then_seeded_coin,canonical_settle_realize_spend_commit,one_tick_per_side_sensitivity,2023-03-01T01:00:00+02:00,2025-02-18T01:00:00+02:00,-195.0,195.0,0.0,195.0,0.0,0.0,1,1,0,1,1,0,0,0,0,2,2023-04-13T21:00:00+03:00,720.0,0.0,0.0,0.0,17.333,1
20,cap_maximizer,source_constrained_then_seeded_coin,canonical_settle_realize_spend_commit,one_tick_per_side_sensitivity,2023-04-03T01:00:00+03:00,2025-03-23T01:00:00+02:00,-435.0,440.0,5.0,4935.0,4500.0,0.0,39,27,7,21,21,2,12,0,3,51,2023-12-11T17:00:00+02:00,562.853,128.296,22.377,6.474,686.914,1
20,cap_maximizer,source_constrained_then_seeded_coin,canonical_settle_realize_spend_commit,one_tick_per_side_sensitivity,2023-05-01T01:00:00+03:00,2025-04-20T01:00:00+03:00,-230.0,230.0,0.0,230.0,0.0,0.0,1,2,0,1,1,0,0,0,0,0,2023-07-18T21:30:00+03:00,720.0,0.0,0.0,0.0,35.308,0
20,cap_maximizer,source_constrained_then_seeded_coin,canonical_settle_realize_spend_commit,one_tick_per_side_sensitivity,2023-06-01T01:00:00+03:00,2025-05-21T01:00:00+03:00,57765.0,370.0,58135.0,9735.0,67500.0,2136.9,70,51,8,44,42,7,13,2,45,157,2023-12-12T21:00:00+02:00,423.958,183.279,103.188,9.575,1793.58,0
20,cap_maximizer,source_constrained_then_seeded_coin,canonical_settle_realize_spend_commit,one_tick_per_side_sensitivity,2023-07-03T01:00:00+03:00,2025-06-22T01:00:00+03:00,-295.0,300.0,5.0,4795.0,4500.0,0.0,39,23,7,21,21,2,12,0,3,55,2023-11-03T18:30:00+02:00,562.853,128.296,22.377,6.474,631.368,0
20,cap_maximizer,source_constrained_then_seeded_coin,canonical_settle_realize_spend_commit,one_tick_per_side_sensitivity,2023-08-01T01:00:00+03:00,2025-07-21T01:00:00+03:00,-295.0,300.0,5.0,4795.0,4500.0,0.0,39,23,7,21,21,2,12,0,3,51,2023-12-11T17:00:00+02:00,562.853,128.296,22.377,6.474,633.644,0
20,cap_maximizer,source_constrained_then_seeded_coin,canonical_settle_realize_spend_commit,one_tick_per_side_sensitivity,2023-09-01T01:00:00+03:00,2025-08-21T01:00:00+03:00,-225.0,230.0,5.0,4725.0,4500.0,0.0,39,21,7,21,21,2,12,0,3,55,2023-11-03T18:30:00+02:00,562.853,128.296,22.377,6.474,607.458,0
20,cap_maximizer,source_constrained_then_seeded_coin,canonical_settle_realize_spend_commit,one_tick_per_side_sensitivity,2023-10-02T01:00:00+03:00,2025-09-21T01:00:00+03:00,53125.0,230.0,53355.0,14375.0,67500.0,-4024.0,74,101,8,66,46,9,13,20,45,179,2023-12-13T16:00:00+02:00,300.958,262.751,146.521,9.771,2991.462,0
20,cap_maximizer,source_constrained_then_seeded_coin,canonical_settle_realize_spend_commit,one_tick_per_side_sensitivity,2023-11-01T01:00:00+02:00,2025-10-21T01:00:00+03:00,53160.0,195.0,53355.0,14340.0,67500.0,39603.0,74,100,8,66,46,9,13,20,45,179,2023-12-13T16:00:00+02:00,270.958,262.751,176.521,9.771,2963.704,0
20,cap_maximizer,source_constrained_then_seeded_coin,canonical_settle_realize_spend_commit,one_tick_per_side_sensitivity,2023-12-01T01:00:00+02:00,2025-11-20T01:00:00+02:00,83195.0,160.0,83355.0,14305.0,97500.0,18468.0,74,99,8,66,46,9,13,20,65,219,2023-12-13T16:00:00+02:00,240.958,262.751,206.521,9.771,2948.625,0
20,cap_maximizer,source_constrained_then_seeded_coin,canonical_settle_realize_spend_commit,one_tick_per_side_sensitivity,2024-01-02T01:00:00+02:00,2025-12-22T01:00:00+02:00,-180.0,195.0,15.0,3180.0,3000.0,0.0,22,1,2,19,19,2,12,0,2,48,2024-02-02T19:30:00+02:00,670.595,48.249,0.0,1.156,83.928,0
20,cap_maximizer,source_constrained_then_seeded_coin,canonical_settle_realize_spend_commit,one_tick_per_side_sensitivity,2024-02-01T01:00:00+02:00,2026-01-21T01:00:00+02:00,-145.0,160.0,15.0,3145.0,3000.0,0.0,22,0,2,19,19,2,12,0,2,48,2024-02-02T19:30:00+02:00,670.595,48.249,0.0,1.156,57.615,0
20,cap_maximizer,source_constrained_then_seeded_coin,canonical_settle_realize_spend_commit,one_tick_per_side_sensitivity,2024-03-01T01:00:00+02:00,2026-02-19T01:00:00+02:00,-195.0,195.0,0.0,195.0,0.0,0.0,1,1,0,1,1,0,0,0,0,0,2024-04-03T17:30:00+03:00,720.0,0.0,0.0,0.0,18.354,0
20,cap_maximizer,source_constrained_then_seeded_coin,canonical_settle_realize_spend_commit,one_tick_per_side_sensitivity,2024-04-01T01:00:00+03:00,2026-03-22T01:00:00+02:00,-160.0,160.0,0.0,160.0,0.0,0.0,1,0,0,1,1,0,0,0,0,0,2024-04-03T17:30:00+03:00,720.0,0.0,0.0,0.0,0.0,0
20,cap_maximizer,source_constrained_then_seeded_coin,canonical_settle_realize_spend_commit,one_tick_per_side_sensitivity,2024-05-01T01:00:00+03:00,2026-04-21T01:00:00+03:00,50435.0,160.0,50595.0,21565.0,72000.0,1161.95,116,193,19,86,77,10,13,9,48,166,2024-05-03T16:00:00+03:00,92.25,472.988,140.343,14.419,5828.457,0
20,cap_maximizer,source_constrained_then_seeded_coin,canonical_settle_realize_spend_commit,one_tick_per_side_sensitivity,2024-06-03T01:00:00+03:00,2026-05-24T01:00:00+03:00,-160.0,160.0,0.0,160.0,0.0,0.0,1,0,0,1,1,0,0,0,0,2,2024-06-05T05:30:00+03:00,720.0,0.0,0.0,0.0,0.0,0
20,cap_maximizer,source_constrained_then_seeded_coin,canonical_settle_realize_spend_commit,one_tick_per_side_sensitivity,2024-07-01T01:00:00+03:00,2026-06-21T01:00:00+03:00,-160.0,160.0,0.0,160.0,0.0,0.0,1,0,0,1,1,0,0,0,0,2,2024-07-02T20:30:00+03:00,720.0,0.0,0.0,0.0,0.0,1
20,cap_maximizer,source_constrained_then_seeded_coin,canonical_settle_realize_spend_commit,perfect_linear_no_slippage_phase_1,2020-01-02T01:00:00+02:00,2021-12-22T01:00:00+02:00,-195.0,195.0,0.0,195.0,0.0,0.0,1,1,0,1,1,0,0,0,0,5,2020-02-06T06:30:00+02:00,720.0,0.0,0.0,0.0,0.0,0
20,cap_maximizer,source_constrained_then_seeded_coin,canonical_settle_realize_spend_commit,perfect_linear_no_slippage_phase_1,2020-02-03T01:00:00+02:00,2022-01-23T01:00:00+02:00,-255.0,265.0,10.0,1755.0,1500.0,0.0,21,22,19,2,2,0,0,0,1,7,2020-05-08T08:30:00+03:00,665.197,50.85,0.0,3.952,932.947,0
20,cap_maximizer,source_constrained_then_seeded_coin,canonical_settle_realize_spend_commit,perfect_linear_no_slippage_phase_1,2020-03-02T01:00:00+02:00,2022-02-20T01:00:00+02:00,-160.0,160.0,0.0,160.0,0.0,0.0,1,0,0,1,1,0,0,0,0,1,2020-03-02T23:00:00+02:00,720.0,0.0,0.0,0.0,0.0,0
20,cap_maximizer,source_constrained_then_seeded_coin,canonical_settle_realize_spend_commit,perfect_linear_no_slippage_phase_1,2020-04-01T01:00:00+03:00,2022-03-22T01:00:00+02:00,-185.0,195.0,10.0,1685.0,1500.0,0.0,21,20,19,2,2,0,0,0,1,7,2020-05-08T04:00:00+03:00,665.197,50.85,0.0,3.952,894.132,1
20,cap_maximizer,source_constrained_then_seeded_coin,canonical_settle_realize_spend_commit,perfect_linear_no_slippage_phase_1,2020-05-01T01:00:00+03:00,2022-04-21T01:00:00+03:00,-150.0,160.0,10.0,1650.0,1500.0,0.0,21,19,19,2,2,0,0,0,1,7,2020-05-08T04:00:00+03:00,665.197,50.85,0.0,3.952,871.044,0
20,cap_maximizer,source_constrained_then_seeded_coin,canonical_settle_realize_spend_commit,perfect_linear_no_slippage_phase_1,2020-06-01T01:00:00+03:00,2022-05-22T01:00:00+03:00,-230.0,230.0,0.0,230.0,0.0,0.0,1,2,0,1,1,0,0,0,0,0,2020-08-05T10:00:00+03:00,720.0,0.0,0.0,0.0,33.587,0
20,cap_maximizer,source_constrained_then_seeded_coin,canonical_settle_realize_spend_commit,perfect_linear_no_slippage_phase_1,2020-07-01T01:00:00+03:00,2022-06-21T01:00:00+03:00,-195.0,195.0,0.0,195.0,0.0,0.0,1,1,0,1,1,0,0,0,0,0,2020-08-05T10:00:00+03:00,720.0,0.0,0.0,0.0,14.293,0
20,cap_maximizer,source_constrained_then_seeded_coin,canonical_settle_realize_spend_commit,perfect_linear_no_slippage_phase_1,2020-08-03T01:00:00+03:00,2022-07-24T01:00:00+03:00,-160.0,160.0,0.0,160.0,0.0,0.0,1,0,0,1,1,0,0,0,0,0,2020-08-07T11:00:00+03:00,720.0,0.0,0.0,0.0,0.0,0
20,cap_maximizer,source_constrained_then_seeded_coin,canonical_settle_realize_spend_commit,perfect_linear_no_slippage_phase_1,2020-09-01T01:00:00+03:00,2022-08-22T01:00:00+03:00,-230.0,230.0,0.0,230.0,0.0,0.0,1,2,0,1,1,0,0,0,0,2,2020-11-04T05:00:00+02:00,720.0,0.0,0.0,0.0,54.741,0
20,cap_maximizer,source_constrained_then_seeded_coin,canonical_settle_realize_spend_commit,perfect_linear_no_slippage_phase_1,2020-10-01T01:00:00+03:00,2022-09-21T01:00:00+03:00,-195.0,195.0,0.0,195.0,0.0,0.0,1,1,0,1,1,0,0,0,0,2,2020-11-04T05:00:00+02:00,720.0,0.0,0.0,0.0,28.512,0
20,cap_maximizer,source_constrained_then_seeded_coin,canonical_settle_realize_spend_commit,perfect_linear_no_slippage_phase_1,2020-11-02T01:00:00+02:00,2022-10-23T01:00:00+03:00,-160.0,160.0,0.0,160.0,0.0,0.0,1,0,0,1,1,0,0,0,0,2,2020-11-04T05:00:00+02:00,720.0,0.0,0.0,0.0,0.0,0
20,cap_maximizer,source_constrained_then_seeded_coin,canonical_settle_realize_spend_commit,perfect_linear_no_slippage_phase_1,2020-12-01T01:00:00+02:00,2022-11-21T01:00:00+02:00,-195.0,195.0,0.0,195.0,0.0,0.0,1,1,0,1,1,0,0,0,0,2,2021-01-07T17:00:00+02:00,720.0,0.0,0.0,0.0,0.0,0
20,cap_maximizer,source_constrained_then_seeded_coin,canonical_settle_realize_spend_commit,perfect_linear_no_slippage_phase_1,2021-01-04T01:00:00+02:00,2022-12-25T01:00:00+02:00,-160.0,160.0,0.0,160.0,0.0,0.0,1,0,0,1,1,0,0,0,0,2,2021-01-07T17:00:00+02:00,720.0,0.0,0.0,0.0,0.0,0
20,cap_maximizer,source_constrained_then_seeded_coin,canonical_settle_realize_spend_commit,perfect_linear_no_slippage_phase_1,2021-02-01T01:00:00+02:00,2023-01-22T01:00:00+02:00,-160.0,160.0,0.0,160.0,0.0,0.0,1,0,0,1,1,0,0,0,0,1,2021-02-11T09:30:00+02:00,720.0,0.0,0.0,0.0,0.0,0
20,cap_maximizer,source_constrained_then_seeded_coin,canonical_settle_realize_spend_commit,perfect_linear_no_slippage_phase_1,2021-03-01T01:00:00+02:00,2023-02-19T01:00:00+02:00,-195.0,195.0,0.0,195.0,0.0,0.0,1,1,0,1,1,0,0,0,0,0,2021-04-15T17:30:00+03:00,720.0,0.0,0.0,0.0,26.849,0
20,cap_maximizer,source_constrained_then_seeded_coin,canonical_settle_realize_spend_commit,perfect_linear_no_slippage_phase_1,2021-04-01T01:00:00+03:00,2023-03-22T01:00:00+02:00,-160.0,160.0,0.0,160.0,0.0,0.0,1,0,0,1,1,0,0,0,0,0,2021-04-19T05:30:00+03:00,720.0,0.0,0.0,0.0,0.0,0
20,cap_maximizer,source_constrained_then_seeded_coin,canonical_settle_realize_spend_commit,perfect_linear_no_slippage_phase_1,2021-05-03T01:00:00+03:00,2023-04-23T01:00:00+03:00,-230.0,230.0,0.0,230.0,0.0,0.0,1,2,0,1,1,0,0,0,0,8,2021-07-09T18:00:00+03:00,720.0,0.0,0.0,0.0,43.791,0
20,cap_maximizer,source_constrained_then_seeded_coin,canonical_settle_realize_spend_commit,perfect_linear_no_slippage_phase_1,2021-06-01T01:00:00+03:00,2023-05-22T01:00:00+03:00,-195.0,195.0,0.0,195.0,0.0,0.0,1,1,0,1,1,0,0,0,0,8,2021-07-09T18:00:00+03:00,720.0,0.0,0.0,0.0,21.684,0
20,cap_maximizer,source_constrained_then_seeded_coin,canonical_settle_realize_spend_commit,perfect_linear_no_slippage_phase_1,2021-07-01T01:00:00+03:00,2023-06-21T01:00:00+03:00,-160.0,160.0,0.0,160.0,0.0,0.0,1,0,0,1,1,0,0,0,0,8,2021-07-09T18:00:00+03:00,720.0,0.0,0.0,0.0,0.0,0
20,cap_maximizer,source_constrained_then_seeded_coin,canonical_settle_realize_spend_commit,perfect_linear_no_slippage_phase_1,2021-08-02T01:00:00+03:00,2023-07-23T01:00:00+03:00,-195.0,195.0,0.0,195.0,0.0,0.0,1,1,0,1,1,0,0,0,0,7,2021-09-09T17:00:00+03:00,720.0,0.0,0.0,0.0,0.0,0
20,cap_maximizer,source_constrained_then_seeded_coin,canonical_settle_realize_spend_commit,perfect_linear_no_slippage_phase_1,2021-09-01T01:00:00+03:00,2023-08-22T01:00:00+03:00,-160.0,160.0,0.0,160.0,0.0,0.0,1,0,0,1,1,0,0,0,0,7,2021-09-13T11:30:00+03:00,720.0,0.0,0.0,0.0,0.0,0
20,cap_maximizer,source_constrained_then_seeded_coin,canonical_settle_realize_spend_commit,perfect_linear_no_slippage_phase_1,2021-10-01T01:00:00+03:00,2023-09-21T01:00:00+03:00,-160.0,160.0,0.0,160.0,0.0,0.0,1,0,0,1,1,0,0,0,0,7,2021-10-07T09:30:00+03:00,720.0,0.0,0.0,0.0,0.0,0
20,cap_maximizer,source_constrained_then_seeded_coin,canonical_settle_realize_spend_commit,perfect_linear_no_slippage_phase_1,2021-11-01T01:00:00+02:00,2023-10-22T01:00:00+03:00,-160.0,160.0,0.0,160.0,0.0,0.0,1,0,0,1,1,0,0,0,0,5,2021-11-04T00:30:00+02:00,720.0,0.0,0.0,0.0,0.0,0
20,cap_maximizer,source_constrained_then_seeded_coin,canonical_settle_realize_spend_commit,perfect_linear_no_slippage_phase_1,2021-12-01T01:00:00+02:00,2023-11-21T01:00:00+02:00,-200.0,230.0,30.0,1700.0,1500.0,0.0,21,24,18,1,1,0,0,0,1,6,2022-02-04T07:30:00+02:00,659.478,58.088,0.0,2.434,1097.921,0
20,cap_maximizer,source_constrained_then_seeded_coin,canonical_settle_realize_spend_commit,perfect_linear_no_slippage_phase_1,2022-01-03T01:00:00+02:00,2023-12-24T01:00:00+02:00,-175.0,195.0,20.0,1675.0,1500.0,0.0,25,5,20,5,5,2,2,0,1,6,2022-02-04T21:00:00+02:00,689.566,26.587,0.0,3.847,675.705,0
20,cap_maximizer,source_constrained_then_seeded_coin,canonical_settle_realize_spend_commit,perfect_linear_no_slippage_phase_1,2022-02-01T01:00:00+02:00,2024-01-22T01:00:00+02:00,-140.0,160.0,20.0,1640.0,1500.0,0.0,25,4,20,5,5,2,2,0,1,6,2022-02-04T21:00:00+02:00,689.566,26.587,0.0,3.847,649.059,0
20,cap_maximizer,source_constrained_then_seeded_coin,canonical_settle_realize_spend_commit,perfect_linear_no_slippage_phase_1,2022-03-01T01:00:00+02:00,2024-02-19T01:00:00+02:00,-195.0,195.0,0.0,195.0,0.0,0.0,1,1,0,1,1,0,0,0,0,0,2022-04-12T16:00:00+03:00,720.0,0.0,0.0,0.0,26.654,0
20,cap_maximizer,source_constrained_then_seeded_coin,canonical_settle_realize_spend_commit,perfect_linear_no_slippage_phase_1,2022-04-01T01:00:00+03:00,2024-03-21T01:00:00+02:00,-160.0,160.0,0.0,160.0,0.0,0.0,1,0,0,1,1,0,0,0,0,0,2022-04-08T09:00:00+03:00,720.0,0.0,0.0,0.0,0.0,0
20,cap_maximizer,source_constrained_then_seeded_coin,canonical_settle_realize_spend_commit,perfect_linear_no_slippage_phase_1,2022-05-02T01:00:00+03:00,2024-04-21T01:00:00+03:00,-200.0,230.0,30.0,1700.0,1500.0,0.0,20,25,15,1,1,0,0,0,1,2,2022-07-06T10:30:00+03:00,659.666,58.727,0.0,1.607,982.102,0
20,cap_maximizer,source_constrained_then_seeded_coin,canonical_settle_realize_spend_commit,perfect_linear_no_slippage_phase_1,2022-06-01T01:00:00+03:00,2024-05-21T01:00:00+03:00,-165.0,195.0,30.0,1665.0,1500.0,0.0,20,24,15,1,1,0,0,0,1,2,2022-07-06T10:30:00+03:00,659.666,58.727,0.0,1.607,952.946,0
20,cap_maximizer,source_constrained_then_seeded_coin,canonical_settle_realize_spend_commit,perfect_linear_no_slippage_phase_1,2022-07-01T01:00:00+03:00,2024-06-20T01:00:00+03:00,-130.0,160.0,30.0,1630.0,1500.0,0.0,20,23,15,1,1,0,0,0,1,2,2022-07-06T10:30:00+03:00,659.666,58.727,0.0,1.607,925.883,0
20,cap_maximizer,source_constrained_then_seeded_coin,canonical_settle_realize_spend_commit,perfect_linear_no_slippage_phase_1,2022-08-01T01:00:00+03:00,2024-07-21T01:00:00+03:00,-160.0,160.0,0.0,160.0,0.0,0.0,1,0,0,1,1,0,0,0,0,1,2022-08-03T20:30:00+03:00,720.0,0.0,0.0,0.0,0.0,0
20,cap_maximizer,source_constrained_then_seeded_coin,canonical_settle_realize_spend_commit,perfect_linear_no_slippage_phase_1,2022-09-01T01:00:00+03:00,2024-08-21T01:00:00+03:00,-195.0,195.0,0.0,195.0,0.0,0.0,1,1,0,1,1,0,0,0,0,1,2022-10-06T03:00:00+03:00,720.0,0.0,0.0,0.0,28.109,0
20,cap_maximizer,source_constrained_then_seeded_coin,canonical_settle_realize_spend_commit,perfect_linear_no_slippage_phase_1,2022-10-03T01:00:00+03:00,2024-09-22T01:00:00+03:00,-160.0,160.0,0.0,160.0,0.0,0.0,1,0,0,1,1,0,0,0,0,1,2022-10-06T03:00:00+03:00,720.0,0.0,0.0,0.0,0.0,0
20,cap_maximizer,source_constrained_then_seeded_coin,canonical_settle_realize_spend_commit,perfect_linear_no_slippage_phase_1,2022-11-01T01:00:00+02:00,2024-10-21T01:00:00+03:00,-270.0,300.0,30.0,1770.0,1500.0,0.0,21,26,20,1,1,0,0,0,1,11,2023-03-09T17:00:00+02:00,659.813,58.957,0.0,1.23,778.51,0
20,cap_maximizer,source_constrained_then_seeded_coin,canonical_settle_realize_spend_commit,perfect_linear_no_slippage_phase_1,2022-12-01T01:00:00+02:00,2024-11-20T01:00:00+02:00,-235.0,265.0,30.0,1735.0,1500.0,0.0,21,25,20,1,1,0,0,0,1,11,2023-03-09T17:00:00+02:00,659.813,58.957,0.0,1.23,750.965,0
20,cap_maximizer,source_constrained_then_seeded_coin,canonical_settle_realize_spend_commit,perfect_linear_no_slippage_phase_1,2023-01-03T01:00:00+02:00,2024-12-23T01:00:00+02:00,-265.0,265.0,0.0,265.0,0.0,0.0,1,3,0,1,1,0,0,0,0,2,2023-04-13T21:00:00+03:00,720.0,0.0,0.0,0.0,76.265,0
20,cap_maximizer,source_constrained_then_seeded_coin,canonical_settle_realize_spend_commit,perfect_linear_no_slippage_phase_1,2023-02-01T01:00:00+02:00,2025-01-21T01:00:00+02:00,-230.0,230.0,0.0,230.0,0.0,0.0,1,2,0,1,1,0,0,0,0,2,2023-04-13T21:00:00+03:00,720.0,0.0,0.0,0.0,46.667,0
20,cap_maximizer,source_constrained_then_seeded_coin,canonical_settle_realize_spend_commit,perfect_linear_no_slippage_phase_1,2023-03-01T01:00:00+02:00,2025-02-18T01:00:00+02:00,-130.0,160.0,30.0,1630.0,1500.0,0.0,21,22,20,1,1,0,0,0,1,11,2023-03-09T17:00:00+02:00,659.813,58.957,0.0,1.23,676.795,1
20,cap_maximizer,source_constrained_then_seeded_coin,canonical_settle_realize_spend_commit,perfect_linear_no_slippage_phase_1,2023-04-03T01:00:00+03:00,2025-03-23T01:00:00+02:00,-160.0,160.0,0.0,160.0,0.0,0.0,1,0,0,1,1,0,0,0,0,2,2023-04-13T21:00:00+03:00,720.0,0.0,0.0,0.0,0.0,1
20,cap_maximizer,source_constrained_then_seeded_coin,canonical_settle_realize_spend_commit,perfect_linear_no_slippage_phase_1,2023-05-01T01:00:00+03:00,2025-04-20T01:00:00+03:00,-195.0,195.0,0.0,195.0,0.0,0.0,1,1,0,1,1,0,0,0,0,1,2023-06-16T11:30:00+03:00,720.0,0.0,0.0,0.0,26.079,0
20,cap_maximizer,source_constrained_then_seeded_coin,canonical_settle_realize_spend_commit,perfect_linear_no_slippage_phase_1,2023-06-01T01:00:00+03:00,2025-05-21T01:00:00+03:00,-160.0,160.0,0.0,160.0,0.0,0.0,1,0,0,1,1,0,0,0,0,1,2023-06-16T11:30:00+03:00,720.0,0.0,0.0,0.0,0.0,0
20,cap_maximizer,source_constrained_then_seeded_coin,canonical_settle_realize_spend_commit,perfect_linear_no_slippage_phase_1,2023-07-03T01:00:00+03:00,2025-06-22T01:00:00+03:00,-160.0,160.0,0.0,160.0,0.0,0.0,1,0,0,1,1,0,0,0,0,0,2023-07-19T09:30:00+03:00,720.0,0.0,0.0,0.0,0.0,0
20,cap_maximizer,source_constrained_then_seeded_coin,canonical_settle_realize_spend_commit,perfect_linear_no_slippage_phase_1,2023-08-01T01:00:00+03:00,2025-07-21T01:00:00+03:00,-290.0,300.0,10.0,3290.0,3000.0,0.0,21,23,1,14,14,1,13,0,2,11,2023-12-11T17:00:00+02:00,655.904,63.162,0.0,0.934,558.087,0
20,cap_maximizer,source_constrained_then_seeded_coin,canonical_settle_realize_spend_commit,perfect_linear_no_slippage_phase_1,2023-09-01T01:00:00+03:00,2025-08-21T01:00:00+03:00,-220.0,230.0,10.0,3220.0,3000.0,0.0,21,21,0,14,14,1,13,0,2,19,2023-11-03T18:30:00+02:00,654.904,63.51,0.0,1.586,491.804,0
20,cap_maximizer,source_constrained_then_seeded_coin,canonical_settle_realize_spend_commit,perfect_linear_no_slippage_phase_1,2023-10-02T01:00:00+03:00,2025-09-21T01:00:00+03:00,86280.0,230.0,86510.0,15720.0,102000.0,661.0,65,152,0,65,45,6,13,20,68,204,2023-12-12T21:00:00+02:00,143.958,476.23,93.345,6.467,3996.74,0
20,cap_maximizer,source_constrained_then_seeded_coin,canonical_settle_realize_spend_commit,perfect_linear_no_slippage_phase_1,2023-11-01T01:00:00+02:00,2025-10-21T01:00:00+03:00,87815.0,195.0,88010.0,15685.0,103500.0,45048.0,65,151,0,65,45,6,13,20,69,204,2023-12-12T21:00:00+02:00,113.958,476.23,123.345,6.467,3969.069,0
20,cap_maximizer,source_constrained_then_seeded_coin,canonical_settle_realize_spend_commit,perfect_linear_no_slippage_phase_1,2023-12-01T01:00:00+02:00,2025-11-20T01:00:00+02:00,117850.0,160.0,118010.0,15650.0,133500.0,26413.0,65,150,0,65,45,6,13,20,89,244,2023-12-12T21:00:00+02:00,83.958,476.23,153.345,6.467,3953.99,0
20,cap_maximizer,source_constrained_then_seeded_coin,canonical_settle_realize_spend_commit,perfect_linear_no_slippage_phase_1,2024-01-02T01:00:00+02:00,2025-12-22T01:00:00+02:00,-150.0,160.0,10.0,3150.0,3000.0,0.0,21,19,0,14,14,1,12,0,2,37,2024-01-09T18:30:00+02:00,608.623,110.397,0.0,0.98,433.634,0
20,cap_maximizer,source_constrained_then_seeded_coin,canonical_settle_realize_spend_commit,perfect_linear_no_slippage_phase_1,2024-02-01T01:00:00+02:00,2026-01-21T01:00:00+02:00,-145.0,160.0,15.0,3145.0,3000.0,0.0,22,0,2,19,19,3,12,0,2,48,2024-02-02T19:30:00+02:00,668.595,50.053,0.0,1.352,57.465,0
20,cap_maximizer,source_constrained_then_seeded_coin,canonical_settle_realize_spend_commit,perfect_linear_no_slippage_phase_1,2024-03-01T01:00:00+02:00,2026-02-19T01:00:00+02:00,-195.0,195.0,0.0,195.0,0.0,0.0,1,1,0,1,1,0,0,0,0,0,2024-04-03T17:30:00+03:00,720.0,0.0,0.0,0.0,18.354,0
20,cap_maximizer,source_constrained_then_seeded_coin,canonical_settle_realize_spend_commit,perfect_linear_no_slippage_phase_1,2024-04-01T01:00:00+03:00,2026-03-22T01:00:00+02:00,-160.0,160.0,0.0,160.0,0.0,0.0,1,0,0,1,1,0,0,0,0,0,2024-04-03T17:30:00+03:00,720.0,0.0,0.0,0.0,0.0,0
20,cap_maximizer,source_constrained_then_seeded_coin,canonical_settle_realize_spend_commit,perfect_linear_no_slippage_phase_1,2024-05-01T01:00:00+03:00,2026-04-21T01:00:00+03:00,-145.0,160.0,15.0,1645.0,1500.0,0.0,22,0,2,7,7,1,6,0,1,2,2024-05-03T16:00:00+03:00,697.595,21.058,0.0,1.346,57.465,0
20,cap_maximizer,source_constrained_then_seeded_coin,canonical_settle_realize_spend_commit,perfect_linear_no_slippage_phase_1,2024-06-03T01:00:00+03:00,2026-05-24T01:00:00+03:00,107995.0,160.0,108155.0,21005.0,129000.0,27863.2,95,173,0,93,75,7,17,18,86,191,2024-06-05T05:30:00+03:00,74.958,452.233,180.532,12.277,4828.868,0
20,cap_maximizer,source_constrained_then_seeded_coin,canonical_settle_realize_spend_commit,perfect_linear_no_slippage_phase_1,2024-07-01T01:00:00+03:00,2026-06-21T01:00:00+03:00,-160.0,160.0,0.0,160.0,0.0,0.0,1,0,0,1,1,0,0,0,0,2,2024-07-02T20:30:00+03:00,720.0,0.0,0.0,0.0,0.0,1
